campaign,run,step,tokens_B,layer,n_transitions,head_dim,frac_transition_any_complex,frac_transition_any_real_neg,frac_alpha_neg,frac_beta_gt1,mean_beta,median_abs_alpha,angle_q50,modulus_complex_q50
fwedu_1p3B,fwedu_1p3B_ckda-shipped-lowrank_1.3B_cosine100B_gbs128_lr0.0004,9728,5.1,0,256,128,0.8203125,0.98828125,0.143524169921875,0.95703125,1.4062284231185913,0.9468631148338318,2.2520297020453937,0.21219503671230633
fwedu_1p3B,fwedu_1p3B_ckda-shipped-lowrank_1.3B_cosine100B_gbs128_lr0.0004,9728,5.1,1,256,128,0.02734375,0.66796875,0.030792236328125,0.09375,0.5542156100273132,0.8931378126144409,2.868330750456734,0.22014743630669542
fwedu_1p3B,fwedu_1p3B_ckda-shipped-lowrank_1.3B_cosine100B_gbs128_lr0.0004,9728,5.1,2,256,128,0.00390625,0.62890625,0.02374267578125,0.02734375,0.3986853361129761,0.896812915802002,1.8034607431832153,0.035361347409293364
fwedu_1p3B,fwedu_1p3B_ckda-shipped-lowrank_1.3B_cosine100B_gbs128_lr0.0004,9728,5.1,3,256,128,0.00390625,0.640625,0.02532958984375,0.05859375,0.4785088002681732,0.8986642360687256,2.1116338515747506,0.05760781803187682
fwedu_1p3B,fwedu_1p3B_ckda-shipped-lowrank_1.3B_cosine100B_gbs128_lr0.0004,9728,5.1,4,256,128,0.015625,0.6953125,0.03118896484375,0.06640625,0.4878321588039398,0.9212092757225037,1.960036424384084,0.06128623802169537
fwedu_1p3B,fwedu_1p3B_ckda-shipped-lowrank_1.3B_cosine100B_gbs128_lr0.0004,9728,5.1,5,256,128,0.07421875,0.64453125,0.055633544921875,0.109375,0.5741448402404785,0.8400845527648926,2.3972707804950883,0.16709303588083615
fwedu_1p3B,fwedu_1p3B_ckda-shipped-lowrank_1.3B_cosine100B_gbs128_lr0.0004,9728,5.1,6,256,128,0.04296875,0.5859375,0.02349853515625,0.1171875,0.5732274055480957,0.9418122172355652,2.6073254489333197,0.1359970706297914
fwedu_1p3B,fwedu_1p3B_ckda-shipped-lowrank_1.3B_cosine100B_gbs128_lr0.0004,9728,5.1,7,256,128,0.09765625,0.6796875,0.035888671875,0.1875,0.6760254502296448,0.920715868473053,2.054981323972473,0.1890753152072544
fwedu_1p3B,fwedu_1p3B_ckda-shipped-lowrank_1.3B_cosine100B_gbs128_lr0.0004,9728,5.1,8,256,128,0.08984375,0.6328125,0.027801513671875,0.17578125,0.6489286422729492,0.9498410224914551,1.6967298329473508,0.10879226159085194
fwedu_1p3B,fwedu_1p3B_ckda-shipped-lowrank_1.3B_cosine100B_gbs128_lr0.0004,9728,5.1,9,256,128,0.1484375,0.734375,0.03167724609375,0.21875,0.6728701591491699,0.9542254209518433,1.9653162951514302,0.1001209203529127
fwedu_1p3B,fwedu_1p3B_ckda-shipped-lowrank_1.3B_cosine100B_gbs128_lr0.0004,9728,5.1,10,256,128,0.203125,0.859375,0.0355224609375,0.33203125,0.841772735118866,0.943979799747467,2.2643752606012466,0.13188319597379905
fwedu_1p3B,fwedu_1p3B_ckda-shipped-lowrank_1.3B_cosine100B_gbs128_lr0.0004,9728,5.1,11,256,128,0.1484375,0.6484375,0.0224609375,0.26953125,0.7540870904922485,0.9538580179214478,2.217243044784083,0.13810235749486788
fwedu_1p3B,fwedu_1p3B_ckda-shipped-lowrank_1.3B_cosine100B_gbs128_lr0.0004,9728,5.1,12,256,128,0.23046875,0.76171875,0.032135009765625,0.39453125,0.8993884921073914,0.9678369760513306,2.3253215851099247,0.1318203222686645
fwedu_1p3B,fwedu_1p3B_ckda-shipped-lowrank_1.3B_cosine100B_gbs128_lr0.0004,9728,5.1,13,256,128,0.2265625,0.64453125,0.017974853515625,0.421875,0.9111469984054565,0.9788947701454163,2.1904726040744906,0.15222147414060672
fwedu_1p3B,fwedu_1p3B_ckda-shipped-lowrank_1.3B_cosine100B_gbs128_lr0.0004,9728,5.1,14,256,128,0.1640625,0.671875,0.01806640625,0.359375,0.857151985168457,0.9921541213989258,1.632456253113915,0.12596832121908966
fwedu_1p3B,fwedu_1p3B_ckda-shipped-lowrank_1.3B_cosine100B_gbs128_lr0.0004,9728,5.1,15,256,128,0.14453125,0.7578125,0.028839111328125,0.28125,0.7675175666809082,0.9859472513198853,2.089635770833137,0.10918229322310417
fwedu_1p3B,fwedu_1p3B_ckda-shipped-lowrank_1.3B_cosine100B_gbs128_lr0.0004,9728,5.1,16,256,128,0.17578125,0.78125,0.020782470703125,0.30078125,0.787186861038208,0.9862310886383057,2.059375346746971,0.1398355088775493
fwedu_1p3B,fwedu_1p3B_ckda-shipped-lowrank_1.3B_cosine100B_gbs128_lr0.0004,9728,5.1,17,256,128,0.16015625,0.66796875,0.015472412109375,0.3046875,0.7452540397644043,0.9914940595626831,2.2076247527434147,0.13037780071619184
fwedu_1p3B,fwedu_1p3B_ckda-shipped-lowrank_1.3B_cosine100B_gbs128_lr0.0004,9728,5.1,18,256,128,0.109375,0.59765625,0.021514892578125,0.2109375,0.6908934712409973,0.9866191148757935,2.3425033237142374,0.11735465615922888
fwedu_1p3B,fwedu_1p3B_ckda-shipped-lowrank_1.3B_cosine100B_gbs128_lr0.0004,9728,5.1,19,256,128,0.1640625,0.72265625,0.014923095703125,0.375,0.8646665811538696,0.9849361777305603,2.1407788860967534,0.12331991507328971
fwedu_1p3B,fwedu_1p3B_ckda-shipped-lowrank_1.3B_cosine100B_gbs128_lr0.0004,9728,5.1,20,256,128,0.12109375,0.69140625,0.022979736328125,0.28125,0.7482237219810486,0.9674561023712158,1.8944651261987537,0.07719362388799055
fwedu_1p3B,fwedu_1p3B_ckda-shipped-lowrank_1.3B_cosine100B_gbs128_lr0.0004,9728,5.1,21,256,128,0.08203125,0.62890625,0.01727294921875,0.15234375,0.5269461870193481,0.9943358898162842,1.8528537125267222,0.15777613020274647
fwedu_1p3B,fwedu_1p3B_ckda-shipped-lowrank_1.3B_cosine100B_gbs128_lr0.0004,9728,5.1,22,256,128,0.0546875,0.75,0.0185546875,0.09375,0.46588122844696045,0.9952635169029236,2.140406052880789,0.12709012510748588
fwedu_1p3B,fwedu_1p3B_ckda-shipped-lowrank_1.3B_cosine100B_gbs128_lr0.0004,9728,5.1,23,256,128,0.0625,0.6484375,0.01202392578125,0.23828125,0.742149293422699,0.9855073690414429,1.9700780341648958,0.11521611198482914
fwedu_1p3B,fwedu_1p3B_ckda-shipped-lowrank_1.3B_cosine100B_gbs128_lr0.0004,19456,10.201,0,256,128,0.88671875,1.0,0.16485595703125,0.953125,1.4618663787841797,0.9174122214317322,2.215248156240015,0.18822398999300186
fwedu_1p3B,fwedu_1p3B_ckda-shipped-lowrank_1.3B_cosine100B_gbs128_lr0.0004,19456,10.201,1,256,128,0.0546875,0.84765625,0.058563232421875,0.09375,0.5453829169273376,0.7540897727012634,2.691392325197624,0.18022991192703658
fwedu_1p3B,fwedu_1p3B_ckda-shipped-lowrank_1.3B_cosine100B_gbs128_lr0.0004,19456,10.201,2,256,128,0.00390625,0.796875,0.040130615234375,0.01171875,0.4302288889884949,0.7959184646606445,2.492791115672929,0.2056045259720103
fwedu_1p3B,fwedu_1p3B_ckda-shipped-lowrank_1.3B_cosine100B_gbs128_lr0.0004,19456,10.201,3,256,128,0.01953125,0.734375,0.0386962890625,0.09375,0.5341639518737793,0.796632707118988,2.9659342600632574,0.08847056515798926
fwedu_1p3B,fwedu_1p3B_ckda-shipped-lowrank_1.3B_cosine100B_gbs128_lr0.0004,19456,10.201,4,256,128,0.0234375,0.84765625,0.044952392578125,0.08203125,0.5384548902511597,0.8509804606437683,2.442005928097098,0.08871840991649885
fwedu_1p3B,fwedu_1p3B_ckda-shipped-lowrank_1.3B_cosine100B_gbs128_lr0.0004,19456,10.201,5,256,128,0.07421875,0.6953125,0.059112548828125,0.13671875,0.6011496782302856,0.7430592179298401,2.1520101591507936,0.1539321794975345
fwedu_1p3B,fwedu_1p3B_ckda-shipped-lowrank_1.3B_cosine100B_gbs128_lr0.0004,19456,10.201,6,256,128,0.046875,0.6953125,0.032318115234375,0.15234375,0.6205834150314331,0.9024634957313538,2.5992893205888192,0.13345741197219846
fwedu_1p3B,fwedu_1p3B_ckda-shipped-lowrank_1.3B_cosine100B_gbs128_lr0.0004,19456,10.201,7,256,128,0.09765625,0.73046875,0.04486083984375,0.21484375,0.7164709568023682,0.8754522800445557,2.5132015959088534,0.12669495574821663
fwedu_1p3B,fwedu_1p3B_ckda-shipped-lowrank_1.3B_cosine100B_gbs128_lr0.0004,19456,10.201,8,256,128,0.09765625,0.765625,0.032196044921875,0.16796875,0.6947305798530579,0.9300848841667175,2.0154597291117318,0.1199013267093396
fwedu_1p3B,fwedu_1p3B_ckda-shipped-lowrank_1.3B_cosine100B_gbs128_lr0.0004,19456,10.201,9,256,128,0.14453125,0.79296875,0.040679931640625,0.203125,0.6762741804122925,0.9395561218261719,2.090855556316398,0.08384960889712424
fwedu_1p3B,fwedu_1p3B_ckda-shipped-lowrank_1.3B_cosine100B_gbs128_lr0.0004,19456,10.201,10,256,128,0.21875,0.8984375,0.04803466796875,0.35546875,0.8722760081291199,0.9281983971595764,2.0668364677123288,0.13585608910201807
fwedu_1p3B,fwedu_1p3B_ckda-shipped-lowrank_1.3B_cosine100B_gbs128_lr0.0004,19456,10.201,11,256,128,0.15234375,0.65625,0.02825927734375,0.234375,0.7475053071975708,0.9473828673362732,1.9324793642869964,0.11278766225063078
fwedu_1p3B,fwedu_1p3B_ckda-shipped-lowrank_1.3B_cosine100B_gbs128_lr0.0004,19456,10.201,12,256,128,0.2734375,0.796875,0.0384521484375,0.44140625,0.9102880954742432,0.9638970494270325,2.2922851120397074,0.12326761479318277
fwedu_1p3B,fwedu_1p3B_ckda-shipped-lowrank_1.3B_cosine100B_gbs128_lr0.0004,19456,10.201,13,256,128,0.2578125,0.734375,0.021728515625,0.46484375,0.9156564474105835,0.9753614068031311,1.8914792684660793,0.15273796558445857
fwedu_1p3B,fwedu_1p3B_ckda-shipped-lowrank_1.3B_cosine100B_gbs128_lr0.0004,19456,10.201,14,256,128,0.2109375,0.6953125,0.018096923828125,0.39453125,0.8838361501693726,0.9913255572319031,1.841390757619213,0.1363756458659038
fwedu_1p3B,fwedu_1p3B_ckda-shipped-lowrank_1.3B_cosine100B_gbs128_lr0.0004,19456,10.201,15,256,128,0.16015625,0.78125,0.028167724609375,0.30078125,0.7701932191848755,0.9838356971740723,2.2385636378324136,0.0875304591823661
fwedu_1p3B,fwedu_1p3B_ckda-shipped-lowrank_1.3B_cosine100B_gbs128_lr0.0004,19456,10.201,16,256,128,0.15625,0.76953125,0.02264404296875,0.31640625,0.7848639488220215,0.9838587641716003,2.187140892507053,0.09787323346218141
fwedu_1p3B,fwedu_1p3B_ckda-shipped-lowrank_1.3B_cosine100B_gbs128_lr0.0004,19456,10.201,17,256,128,0.125,0.71484375,0.017974853515625,0.2734375,0.7504827976226807,0.990423321723938,1.8125863630461914,0.11468247046988742
fwedu_1p3B,fwedu_1p3B_ckda-shipped-lowrank_1.3B_cosine100B_gbs128_lr0.0004,19456,10.201,18,256,128,0.10546875,0.6796875,0.019012451171875,0.26953125,0.7207077145576477,0.9834865927696228,2.409227646357927,0.11838603291892269
fwedu_1p3B,fwedu_1p3B_ckda-shipped-lowrank_1.3B_cosine100B_gbs128_lr0.0004,19456,10.201,19,256,128,0.13671875,0.74609375,0.01617431640625,0.359375,0.8609850406646729,0.9801157712936401,2.031206460538065,0.11412320269403785
fwedu_1p3B,fwedu_1p3B_ckda-shipped-lowrank_1.3B_cosine100B_gbs128_lr0.0004,19456,10.201,20,256,128,0.10546875,0.73828125,0.023468017578125,0.296875,0.7678976655006409,0.9498623013496399,1.5169621738748078,0.095538132747572
fwedu_1p3B,fwedu_1p3B_ckda-shipped-lowrank_1.3B_cosine100B_gbs128_lr0.0004,19456,10.201,21,256,128,0.0546875,0.73046875,0.017791748046875,0.109375,0.5189006328582764,0.993456244468689,2.0533675012672434,0.09769206564941094
fwedu_1p3B,fwedu_1p3B_ckda-shipped-lowrank_1.3B_cosine100B_gbs128_lr0.0004,19456,10.201,22,256,128,0.0625,0.8125,0.0211181640625,0.11328125,0.4724501371383667,0.9948111772537231,2.338390312105078,0.11005295862895761
fwedu_1p3B,fwedu_1p3B_ckda-shipped-lowrank_1.3B_cosine100B_gbs128_lr0.0004,19456,10.201,23,256,128,0.08203125,0.69921875,0.01458740234375,0.26953125,0.7825534343719482,0.9813215732574463,2.2277132042775833,0.06514540394206476
fwedu_1p3B,fwedu_1p3B_ckda-shipped-lowrank_1.3B_cosine100B_gbs128_lr0.0004,29184,15.301,0,256,128,0.67578125,1.0,0.200408935546875,0.7421875,1.2647615671157837,0.9021247029304504,1.8678605802679953,0.1427040319442535
fwedu_1p3B,fwedu_1p3B_ckda-shipped-lowrank_1.3B_cosine100B_gbs128_lr0.0004,29184,15.301,1,256,128,0.07421875,0.9453125,0.072235107421875,0.09765625,0.5814167261123657,0.6520135402679443,2.7472432225709014,0.17269714932445476
fwedu_1p3B,fwedu_1p3B_ckda-shipped-lowrank_1.3B_cosine100B_gbs128_lr0.0004,29184,15.301,2,256,128,0.00390625,0.87890625,0.05584716796875,0.0234375,0.49268317222595215,0.7091777324676514,1.3004072371214168,0.018524078452632625
fwedu_1p3B,fwedu_1p3B_ckda-shipped-lowrank_1.3B_cosine100B_gbs128_lr0.0004,29184,15.301,3,256,128,0.015625,0.828125,0.0458984375,0.109375,0.5695084929466248,0.7220502495765686,2.8480224105963985,0.09043604031348876
fwedu_1p3B,fwedu_1p3B_ckda-shipped-lowrank_1.3B_cosine100B_gbs128_lr0.0004,29184,15.301,4,256,128,0.015625,0.86328125,0.061859130859375,0.0625,0.5680062770843506,0.801741898059845,2.122260279045315,0.11081383107122575
fwedu_1p3B,fwedu_1p3B_ckda-shipped-lowrank_1.3B_cosine100B_gbs128_lr0.0004,29184,15.301,5,256,128,0.0859375,0.77734375,0.06866455078125,0.140625,0.6318134069442749,0.6614376306533813,2.2906911459169446,0.08724014328495461
fwedu_1p3B,fwedu_1p3B_ckda-shipped-lowrank_1.3B_cosine100B_gbs128_lr0.0004,29184,15.301,6,256,128,0.08203125,0.81640625,0.04327392578125,0.16015625,0.6654996871948242,0.8720173835754395,2.5923419710951596,0.10247801222427538
fwedu_1p3B,fwedu_1p3B_ckda-shipped-lowrank_1.3B_cosine100B_gbs128_lr0.0004,29184,15.301,7,256,128,0.12890625,0.82421875,0.05535888671875,0.2265625,0.729469895362854,0.8419665098190308,2.514074225010149,0.13536327102090048
fwedu_1p3B,fwedu_1p3B_ckda-shipped-lowrank_1.3B_cosine100B_gbs128_lr0.0004,29184,15.301,8,256,128,0.10546875,0.85546875,0.040496826171875,0.22265625,0.7469899654388428,0.9177099466323853,2.2715398414336683,0.10413183426367065
fwedu_1p3B,fwedu_1p3B_ckda-shipped-lowrank_1.3B_cosine100B_gbs128_lr0.0004,29184,15.301,9,256,128,0.15234375,0.859375,0.046966552734375,0.21484375,0.6837265491485596,0.9370039105415344,2.0450667473680713,0.11366661506930073
fwedu_1p3B,fwedu_1p3B_ckda-shipped-lowrank_1.3B_cosine100B_gbs128_lr0.0004,29184,15.301,10,256,128,0.2421875,0.9453125,0.047119140625,0.34765625,0.869168221950531,0.9218556880950928,2.1088463251626006,0.1234200487595328
fwedu_1p3B,fwedu_1p3B_ckda-shipped-lowrank_1.3B_cosine100B_gbs128_lr0.0004,29184,15.301,11,256,128,0.12890625,0.71484375,0.02490234375,0.2734375,0.7729305624961853,0.9470294713973999,2.164126564112831,0.1072401512725095
fwedu_1p3B,fwedu_1p3B_ckda-shipped-lowrank_1.3B_cosine100B_gbs128_lr0.0004,29184,15.301,12,256,128,0.28515625,0.8046875,0.037811279296875,0.40234375,0.8991112112998962,0.96406090259552,2.259761145842862,0.1228762817499186
fwedu_1p3B,fwedu_1p3B_ckda-shipped-lowrank_1.3B_cosine100B_gbs128_lr0.0004,29184,15.301,13,256,128,0.2421875,0.7109375,0.022491455078125,0.45703125,0.9086616635322571,0.9747905731201172,1.9234925620793466,0.12427868182279084
fwedu_1p3B,fwedu_1p3B_ckda-shipped-lowrank_1.3B_cosine100B_gbs128_lr0.0004,29184,15.301,14,256,128,0.21484375,0.671875,0.018096923828125,0.33984375,0.8678930997848511,0.991454005241394,1.9990301113692714,0.11371054742291896
fwedu_1p3B,fwedu_1p3B_ckda-shipped-lowrank_1.3B_cosine100B_gbs128_lr0.0004,29184,15.301,15,256,128,0.1484375,0.7890625,0.030609130859375,0.3046875,0.7858411073684692,0.9840798377990723,2.1736042725447513,0.08789994192480421
fwedu_1p3B,fwedu_1p3B_ckda-shipped-lowrank_1.3B_cosine100B_gbs128_lr0.0004,29184,15.301,16,256,128,0.11328125,0.796875,0.02130126953125,0.26953125,0.7669159173965454,0.9833436608314514,2.157935550704549,0.12481263323931231
fwedu_1p3B,fwedu_1p3B_ckda-shipped-lowrank_1.3B_cosine100B_gbs128_lr0.0004,29184,15.301,17,256,128,0.1484375,0.77734375,0.020416259765625,0.2890625,0.7471842765808105,0.9903949499130249,2.144968482405025,0.10633583355118367
fwedu_1p3B,fwedu_1p3B_ckda-shipped-lowrank_1.3B_cosine100B_gbs128_lr0.0004,29184,15.301,18,256,128,0.140625,0.6640625,0.02325439453125,0.23828125,0.7120468616485596,0.9808585047721863,2.41230932461535,0.1253237691601083
fwedu_1p3B,fwedu_1p3B_ckda-shipped-lowrank_1.3B_cosine100B_gbs128_lr0.0004,29184,15.301,19,256,128,0.15625,0.765625,0.020050048828125,0.3359375,0.8419157862663269,0.9781011343002319,2.0493541087605793,0.09675191320896209
fwedu_1p3B,fwedu_1p3B_ckda-shipped-lowrank_1.3B_cosine100B_gbs128_lr0.0004,29184,15.301,20,256,128,0.16796875,0.734375,0.02557373046875,0.3359375,0.7794281244277954,0.9387415647506714,1.896793780391259,0.06549900139050135
fwedu_1p3B,fwedu_1p3B_ckda-shipped-lowrank_1.3B_cosine100B_gbs128_lr0.0004,29184,15.301,21,256,128,0.05078125,0.76953125,0.020233154296875,0.09765625,0.5079714059829712,0.9924299716949463,2.363722061417571,0.14444940889226604
fwedu_1p3B,fwedu_1p3B_ckda-shipped-lowrank_1.3B_cosine100B_gbs128_lr0.0004,29184,15.301,22,256,128,0.03125,0.89453125,0.023773193359375,0.07421875,0.45459121465682983,0.9942835569381714,2.2101008112586884,0.11616892615721187
fwedu_1p3B,fwedu_1p3B_ckda-shipped-lowrank_1.3B_cosine100B_gbs128_lr0.0004,29184,15.301,23,256,128,0.08984375,0.75390625,0.0174560546875,0.2421875,0.7930213809013367,0.9750326871871948,2.2930580443389617,0.08105924574676747
fwedu_1p3B,fwedu_1p3B_ckda-shipped-lowrank_1.3B_cosine100B_gbs128_lr0.0004,38912,20.401,0,256,128,0.51953125,1.0,0.212738037109375,0.5625,1.144829511642456,0.8947204947471619,1.9593387323426392,0.15626226925941494
fwedu_1p3B,fwedu_1p3B_ckda-shipped-lowrank_1.3B_cosine100B_gbs128_lr0.0004,38912,20.401,1,256,128,0.08203125,0.95703125,0.090362548828125,0.12109375,0.6378602981567383,0.5889864563941956,2.485904631002824,0.1186258071760594
fwedu_1p3B,fwedu_1p3B_ckda-shipped-lowrank_1.3B_cosine100B_gbs128_lr0.0004,38912,20.401,2,256,128,0.0078125,0.91796875,0.06298828125,0.0390625,0.5577603578567505,0.6569388508796692,2.109686634911762,0.09300362570784129
fwedu_1p3B,fwedu_1p3B_ckda-shipped-lowrank_1.3B_cosine100B_gbs128_lr0.0004,38912,20.401,3,256,128,0.03515625,0.86328125,0.057769775390625,0.1328125,0.6261719465255737,0.6755428314208984,2.79027583974098,0.0376838658197528
fwedu_1p3B,fwedu_1p3B_ckda-shipped-lowrank_1.3B_cosine100B_gbs128_lr0.0004,38912,20.401,4,256,128,0.0234375,0.9140625,0.066162109375,0.0859375,0.6094299554824829,0.7695453763008118,1.544866339216965,0.058079799087699446
fwedu_1p3B,fwedu_1p3B_ckda-shipped-lowrank_1.3B_cosine100B_gbs128_lr0.0004,38912,20.401,5,256,128,0.1015625,0.7890625,0.08221435546875,0.140625,0.6762316823005676,0.6022956967353821,2.0687694322669596,0.11090099475411622
fwedu_1p3B,fwedu_1p3B_ckda-shipped-lowrank_1.3B_cosine100B_gbs128_lr0.0004,38912,20.401,6,256,128,0.1015625,0.8203125,0.043609619140625,0.16015625,0.6844735741615295,0.8562532663345337,2.3843693587066506,0.1012470705462512
fwedu_1p3B,fwedu_1p3B_ckda-shipped-lowrank_1.3B_cosine100B_gbs128_lr0.0004,38912,20.401,7,256,128,0.15625,0.875,0.0595703125,0.2421875,0.7777273058891296,0.8331348896026611,2.5827533051158156,0.13087863342593786
fwedu_1p3B,fwedu_1p3B_ckda-shipped-lowrank_1.3B_cosine100B_gbs128_lr0.0004,38912,20.401,8,256,128,0.140625,0.87109375,0.04632568359375,0.24609375,0.7755687832832336,0.9138460755348206,2.444249066236618,0.083324986244037
fwedu_1p3B,fwedu_1p3B_ckda-shipped-lowrank_1.3B_cosine100B_gbs128_lr0.0004,38912,20.401,9,256,128,0.14453125,0.88671875,0.04803466796875,0.21484375,0.6824135184288025,0.9335112571716309,2.2129439736672913,0.08716114729057131
fwedu_1p3B,fwedu_1p3B_ckda-shipped-lowrank_1.3B_cosine100B_gbs128_lr0.0004,38912,20.401,10,256,128,0.2421875,0.95703125,0.052459716796875,0.36328125,0.8714038133621216,0.9165866374969482,2.0509257051309593,0.11156801267084923
fwedu_1p3B,fwedu_1p3B_ckda-shipped-lowrank_1.3B_cosine100B_gbs128_lr0.0004,38912,20.401,11,256,128,0.15234375,0.8125,0.027099609375,0.2578125,0.7702267169952393,0.94967120885849,2.26088306174818,0.11080960912403069
fwedu_1p3B,fwedu_1p3B_ckda-shipped-lowrank_1.3B_cosine100B_gbs128_lr0.0004,38912,20.401,12,256,128,0.26953125,0.81640625,0.039642333984375,0.390625,0.9152613878250122,0.9635676145553589,2.080289169716539,0.11574136409688589
fwedu_1p3B,fwedu_1p3B_ckda-shipped-lowrank_1.3B_cosine100B_gbs128_lr0.0004,38912,20.401,13,256,128,0.19140625,0.734375,0.02294921875,0.421875,0.9083282351493835,0.9736959934234619,1.974403188417584,0.11417333074425981
fwedu_1p3B,fwedu_1p3B_ckda-shipped-lowrank_1.3B_cosine100B_gbs128_lr0.0004,38912,20.401,14,256,128,0.19921875,0.6640625,0.0186767578125,0.3828125,0.8725133538246155,0.9912744164466858,1.9711167073656648,0.11885665799966733
fwedu_1p3B,fwedu_1p3B_ckda-shipped-lowrank_1.3B_cosine100B_gbs128_lr0.0004,38912,20.401,15,256,128,0.1796875,0.7734375,0.03094482421875,0.29296875,0.7926579117774963,0.984461784362793,2.277458348238759,0.08214894237927454
fwedu_1p3B,fwedu_1p3B_ckda-shipped-lowrank_1.3B_cosine100B_gbs128_lr0.0004,38912,20.401,16,256,128,0.1640625,0.82421875,0.022369384765625,0.2890625,0.7629274725914001,0.9822201132774353,1.9525541016593542,0.0790308872450523
fwedu_1p3B,fwedu_1p3B_ckda-shipped-lowrank_1.3B_cosine100B_gbs128_lr0.0004,38912,20.401,17,256,128,0.125,0.70703125,0.018157958984375,0.265625,0.7362586259841919,0.9903357028961182,1.5322661037069323,0.09622499494404618
fwedu_1p3B,fwedu_1p3B_ckda-shipped-lowrank_1.3B_cosine100B_gbs128_lr0.0004,38912,20.401,18,256,128,0.11328125,0.69921875,0.02362060546875,0.22265625,0.7046561241149902,0.9818291664123535,2.2462015060855185,0.10470015903010912
fwedu_1p3B,fwedu_1p3B_ckda-shipped-lowrank_1.3B_cosine100B_gbs128_lr0.0004,38912,20.401,19,256,128,0.140625,0.80078125,0.02008056640625,0.328125,0.8389987945556641,0.9773529767990112,2.253216116131891,0.13237063512696284
fwedu_1p3B,fwedu_1p3B_ckda-shipped-lowrank_1.3B_cosine100B_gbs128_lr0.0004,38912,20.401,20,256,128,0.1328125,0.76171875,0.030242919921875,0.29296875,0.7745741605758667,0.9299361705780029,1.7995844448048701,0.08228248884916918
fwedu_1p3B,fwedu_1p3B_ckda-shipped-lowrank_1.3B_cosine100B_gbs128_lr0.0004,38912,20.401,21,256,128,0.0546875,0.75390625,0.024627685546875,0.09375,0.5025179982185364,0.9924843907356262,2.1594781955261486,0.10621586038740048
fwedu_1p3B,fwedu_1p3B_ckda-shipped-lowrank_1.3B_cosine100B_gbs128_lr0.0004,38912,20.401,22,256,128,0.046875,0.890625,0.02679443359375,0.0625,0.4427698254585266,0.9937591552734375,2.3038158474306107,0.10691102053214514
fwedu_1p3B,fwedu_1p3B_ckda-shipped-lowrank_1.3B_cosine100B_gbs128_lr0.0004,38912,20.401,23,256,128,0.0703125,0.765625,0.020294189453125,0.265625,0.8046901226043701,0.9689445495605469,2.116072736011742,0.07538336941356276
fwedu_1p3B,fwedu_1p3B_ckda-shipped-lowrank_1.3B_cosine100B_gbs128_lr0.0004,48640,25.501,0,256,128,0.41015625,1.0,0.220306396484375,0.48828125,1.0809435844421387,0.8519314527511597,1.8552265153237968,0.12866458254994906
fwedu_1p3B,fwedu_1p3B_ckda-shipped-lowrank_1.3B_cosine100B_gbs128_lr0.0004,48640,25.501,1,256,128,0.09375,0.9921875,0.104949951171875,0.12109375,0.6911174654960632,0.5565205812454224,2.435902525121408,0.0819444808688001
fwedu_1p3B,fwedu_1p3B_ckda-shipped-lowrank_1.3B_cosine100B_gbs128_lr0.0004,48640,25.501,2,256,128,0.02734375,0.97265625,0.079742431640625,0.05859375,0.619516909122467,0.6090008020401001,2.6075907673323058,0.05772492962927763
fwedu_1p3B,fwedu_1p3B_ckda-shipped-lowrank_1.3B_cosine100B_gbs128_lr0.0004,48640,25.501,3,256,128,0.046875,0.94140625,0.075042724609375,0.16796875,0.6682306528091431,0.6379418969154358,2.809972270375022,0.04506643365405184
fwedu_1p3B,fwedu_1p3B_ckda-shipped-lowrank_1.3B_cosine100B_gbs128_lr0.0004,48640,25.501,4,256,128,0.0390625,0.953125,0.077911376953125,0.09765625,0.6452575922012329,0.7385997772216797,2.385608750067586,0.07731437113684493
fwedu_1p3B,fwedu_1p3B_ckda-shipped-lowrank_1.3B_cosine100B_gbs128_lr0.0004,48640,25.501,5,256,128,0.1328125,0.86328125,0.09423828125,0.171875,0.7079668641090393,0.5699819922447205,2.4768020682081824,0.10068901627579505
fwedu_1p3B,fwedu_1p3B_ckda-shipped-lowrank_1.3B_cosine100B_gbs128_lr0.0004,48640,25.501,6,256,128,0.12890625,0.84765625,0.049835205078125,0.19140625,0.7226120829582214,0.8426434993743896,2.3573403973830778,0.12354434436343507
fwedu_1p3B,fwedu_1p3B_ckda-shipped-lowrank_1.3B_cosine100B_gbs128_lr0.0004,48640,25.501,7,256,128,0.171875,0.90625,0.06683349609375,0.26171875,0.8010174036026001,0.8237056732177734,2.435513012005459,0.12539375871008593
fwedu_1p3B,fwedu_1p3B_ckda-shipped-lowrank_1.3B_cosine100B_gbs128_lr0.0004,48640,25.501,8,256,128,0.12890625,0.8671875,0.04925537109375,0.19921875,0.7817619442939758,0.9053825736045837,2.2574361027234926,0.09747050037535682
fwedu_1p3B,fwedu_1p3B_ckda-shipped-lowrank_1.3B_cosine100B_gbs128_lr0.0004,48640,25.501,9,256,128,0.16796875,0.90625,0.049560546875,0.234375,0.6912443041801453,0.9305750727653503,2.2211699920834027,0.07681289203432935
fwedu_1p3B,fwedu_1p3B_ckda-shipped-lowrank_1.3B_cosine100B_gbs128_lr0.0004,48640,25.501,10,256,128,0.24609375,0.9609375,0.053131103515625,0.34765625,0.8740939497947693,0.9167218208312988,1.9809219163928606,0.1195006142590423
fwedu_1p3B,fwedu_1p3B_ckda-shipped-lowrank_1.3B_cosine100B_gbs128_lr0.0004,48640,25.501,11,256,128,0.16015625,0.75,0.02685546875,0.265625,0.7756179571151733,0.9485340118408203,1.8743648362063008,0.10999271568785081
fwedu_1p3B,fwedu_1p3B_ckda-shipped-lowrank_1.3B_cosine100B_gbs128_lr0.0004,48640,25.501,12,256,128,0.33203125,0.875,0.0396728515625,0.484375,0.9466056823730469,0.963803768157959,2.170075153099989,0.10816683927641685
fwedu_1p3B,fwedu_1p3B_ckda-shipped-lowrank_1.3B_cosine100B_gbs128_lr0.0004,48640,25.501,13,256,128,0.20703125,0.7578125,0.023956298828125,0.40625,0.9061422944068909,0.9729967713356018,1.9037648105924372,0.12281775358538768
fwedu_1p3B,fwedu_1p3B_ckda-shipped-lowrank_1.3B_cosine100B_gbs128_lr0.0004,48640,25.501,14,256,128,0.17578125,0.671875,0.019561767578125,0.33203125,0.8735217452049255,0.9915422201156616,1.875385407617378,0.1457981435464715
fwedu_1p3B,fwedu_1p3B_ckda-shipped-lowrank_1.3B_cosine100B_gbs128_lr0.0004,48640,25.501,15,256,128,0.1640625,0.81640625,0.0325927734375,0.328125,0.8102124929428101,0.9841926693916321,2.2030343093689604,0.07748460654725134
fwedu_1p3B,fwedu_1p3B_ckda-shipped-lowrank_1.3B_cosine100B_gbs128_lr0.0004,48640,25.501,16,256,128,0.140625,0.82421875,0.022430419921875,0.28125,0.7716485261917114,0.9816405177116394,2.0195414233898465,0.07858333864110204
fwedu_1p3B,fwedu_1p3B_ckda-shipped-lowrank_1.3B_cosine100B_gbs128_lr0.0004,48640,25.501,17,256,128,0.1484375,0.76171875,0.01873779296875,0.3203125,0.7694336175918579,0.9892905950546265,1.9066822403679526,0.0928500421586907
fwedu_1p3B,fwedu_1p3B_ckda-shipped-lowrank_1.3B_cosine100B_gbs128_lr0.0004,48640,25.501,18,256,128,0.12890625,0.7109375,0.023834228515625,0.2265625,0.7245933413505554,0.9790382981300354,2.1556857852311575,0.10483484917004786
fwedu_1p3B,fwedu_1p3B_ckda-shipped-lowrank_1.3B_cosine100B_gbs128_lr0.0004,48640,25.501,19,256,128,0.1484375,0.8046875,0.022186279296875,0.328125,0.8294397592544556,0.9739640355110168,2.2481805223548132,0.11433290418861339
fwedu_1p3B,fwedu_1p3B_ckda-shipped-lowrank_1.3B_cosine100B_gbs128_lr0.0004,48640,25.501,20,256,128,0.140625,0.72265625,0.029327392578125,0.27734375,0.7839969396591187,0.918843686580658,1.7927485835856194,0.07295688900138629
fwedu_1p3B,fwedu_1p3B_ckda-shipped-lowrank_1.3B_cosine100B_gbs128_lr0.0004,48640,25.501,21,256,128,0.05859375,0.734375,0.02374267578125,0.1015625,0.5239939093589783,0.9911849498748779,1.770511757421673,0.09280156179319968
fwedu_1p3B,fwedu_1p3B_ckda-shipped-lowrank_1.3B_cosine100B_gbs128_lr0.0004,48640,25.501,22,256,128,0.0546875,0.9296875,0.02978515625,0.078125,0.45037662982940674,0.9933873414993286,2.287707836971485,0.06760312223083331
fwedu_1p3B,fwedu_1p3B_ckda-shipped-lowrank_1.3B_cosine100B_gbs128_lr0.0004,48640,25.501,23,256,128,0.15625,0.7265625,0.02349853515625,0.26953125,0.8236172199249268,0.9665939807891846,2.19017594637932,0.07226788517508242
fwedu_1p3B,fwedu_1p3B_ckda-shipped-lowrank_1.3B_cosine100B_gbs128_lr0.0004,58368,30.602,0,256,128,0.39453125,1.0,0.216827392578125,0.4609375,1.0474001169204712,0.8329275846481323,1.7870428931704154,0.11990731004206992
fwedu_1p3B,fwedu_1p3B_ckda-shipped-lowrank_1.3B_cosine100B_gbs128_lr0.0004,58368,30.602,1,256,128,0.109375,0.99609375,0.1236572265625,0.140625,0.7251089811325073,0.5128781199455261,2.4476877120071534,0.07699806910398121
fwedu_1p3B,fwedu_1p3B_ckda-shipped-lowrank_1.3B_cosine100B_gbs128_lr0.0004,58368,30.602,2,256,128,0.0390625,0.94921875,0.09222412109375,0.09375,0.6741714477539062,0.5760104656219482,2.810436352434073,0.060662053525639664
fwedu_1p3B,fwedu_1p3B_ckda-shipped-lowrank_1.3B_cosine100B_gbs128_lr0.0004,58368,30.602,3,256,128,0.0625,0.91015625,0.075469970703125,0.1953125,0.713361382484436,0.6213657259941101,2.5071769717555226,0.06544123458822376
fwedu_1p3B,fwedu_1p3B_ckda-shipped-lowrank_1.3B_cosine100B_gbs128_lr0.0004,58368,30.602,4,256,128,0.0546875,0.953125,0.092803955078125,0.12109375,0.6737648248672485,0.7085708975791931,2.2995535657657094,0.06868103252287523
fwedu_1p3B,fwedu_1p3B_ckda-shipped-lowrank_1.3B_cosine100B_gbs128_lr0.0004,58368,30.602,5,256,128,0.12109375,0.8515625,0.1026611328125,0.17578125,0.7397249937057495,0.5416968464851379,2.392852424110589,0.09185062056299638
fwedu_1p3B,fwedu_1p3B_ckda-shipped-lowrank_1.3B_cosine100B_gbs128_lr0.0004,58368,30.602,6,256,128,0.1328125,0.89453125,0.054229736328125,0.19140625,0.7515557408332825,0.8217511773109436,2.58309609570295,0.09659261175174672
fwedu_1p3B,fwedu_1p3B_ckda-shipped-lowrank_1.3B_cosine100B_gbs128_lr0.0004,58368,30.602,7,256,128,0.1796875,0.87890625,0.064910888671875,0.26171875,0.8193194270133972,0.8205747604370117,2.456662965997688,0.11246870099365325
fwedu_1p3B,fwedu_1p3B_ckda-shipped-lowrank_1.3B_cosine100B_gbs128_lr0.0004,58368,30.602,8,256,128,0.17578125,0.91015625,0.04949951171875,0.25,0.8107541799545288,0.905884861946106,2.065659624383793,0.08384338545343314
fwedu_1p3B,fwedu_1p3B_ckda-shipped-lowrank_1.3B_cosine100B_gbs128_lr0.0004,58368,30.602,9,256,128,0.16796875,0.8984375,0.0546875,0.21484375,0.7029531002044678,0.9251425862312317,2.1220273067551787,0.08124525677348178
fwedu_1p3B,fwedu_1p3B_ckda-shipped-lowrank_1.3B_cosine100B_gbs128_lr0.0004,58368,30.602,10,256,128,0.26171875,0.9375,0.050750732421875,0.35546875,0.8790020942687988,0.9164495468139648,2.0279195883105814,0.10375652682123118
fwedu_1p3B,fwedu_1p3B_ckda-shipped-lowrank_1.3B_cosine100B_gbs128_lr0.0004,58368,30.602,11,256,128,0.15234375,0.78515625,0.030029296875,0.2578125,0.7759469747543335,0.9504823088645935,2.299145706568504,0.14782895391369016
fwedu_1p3B,fwedu_1p3B_ckda-shipped-lowrank_1.3B_cosine100B_gbs128_lr0.0004,58368,30.602,12,256,128,0.2890625,0.82421875,0.041290283203125,0.41796875,0.9454598426818848,0.9656241536140442,2.0529211141795236,0.11663909430544159
fwedu_1p3B,fwedu_1p3B_ckda-shipped-lowrank_1.3B_cosine100B_gbs128_lr0.0004,58368,30.602,13,256,128,0.20703125,0.7890625,0.023406982421875,0.4296875,0.9120631814002991,0.9733936786651611,1.849794070831365,0.1200276094788343
fwedu_1p3B,fwedu_1p3B_ckda-shipped-lowrank_1.3B_cosine100B_gbs128_lr0.0004,58368,30.602,14,256,128,0.18359375,0.703125,0.01861572265625,0.3671875,0.8763107061386108,0.9915837645530701,2.0857289294174426,0.1350530239166246
fwedu_1p3B,fwedu_1p3B_ckda-shipped-lowrank_1.3B_cosine100B_gbs128_lr0.0004,58368,30.602,15,256,128,0.171875,0.78515625,0.03070068359375,0.32421875,0.8234713673591614,0.9844666719436646,2.1418757680711273,0.07977810699593627
fwedu_1p3B,fwedu_1p3B_ckda-shipped-lowrank_1.3B_cosine100B_gbs128_lr0.0004,58368,30.602,16,256,128,0.1640625,0.83984375,0.024139404296875,0.296875,0.7790951728820801,0.9819069504737854,1.9773092840529158,0.0742853808257753
fwedu_1p3B,fwedu_1p3B_ckda-shipped-lowrank_1.3B_cosine100B_gbs128_lr0.0004,58368,30.602,17,256,128,0.125,0.75,0.021026611328125,0.25390625,0.7579959034919739,0.9897791743278503,2.2583465464792463,0.09277105455767698
fwedu_1p3B,fwedu_1p3B_ckda-shipped-lowrank_1.3B_cosine100B_gbs128_lr0.0004,58368,30.602,18,256,128,0.125,0.6953125,0.024627685546875,0.2421875,0.7268897891044617,0.9790670871734619,1.7598902816203026,0.11410473008919196
fwedu_1p3B,fwedu_1p3B_ckda-shipped-lowrank_1.3B_cosine100B_gbs128_lr0.0004,58368,30.602,19,256,128,0.14453125,0.796875,0.023040771484375,0.31640625,0.8366992473602295,0.9722326397895813,2.0822777656078464,0.09627050672304678
fwedu_1p3B,fwedu_1p3B_ckda-shipped-lowrank_1.3B_cosine100B_gbs128_lr0.0004,58368,30.602,20,256,128,0.1328125,0.7578125,0.0345458984375,0.31640625,0.7917526364326477,0.9101183414459229,1.9463708553337338,0.08497440753166127
fwedu_1p3B,fwedu_1p3B_ckda-shipped-lowrank_1.3B_cosine100B_gbs128_lr0.0004,58368,30.602,21,256,128,0.05859375,0.8046875,0.0283203125,0.1171875,0.5325496792793274,0.9904097318649292,2.2175480272615777,0.1188560693373103
fwedu_1p3B,fwedu_1p3B_ckda-shipped-lowrank_1.3B_cosine100B_gbs128_lr0.0004,58368,30.602,22,256,128,0.04296875,0.921875,0.0313720703125,0.0546875,0.4583926796913147,0.9927409291267395,2.133268999730924,0.10922527007926107
fwedu_1p3B,fwedu_1p3B_ckda-shipped-lowrank_1.3B_cosine100B_gbs128_lr0.0004,58368,30.602,23,256,128,0.1015625,0.796875,0.02691650390625,0.2890625,0.8310515880584717,0.9631068110466003,2.124274007207216,0.0795053443439592
fwedu_1p3B,fwedu_1p3B_ckda-shipped-lowrank_1.3B_cosine100B_gbs128_lr0.0004,68096,35.702,0,256,128,0.37890625,1.0,0.22161865234375,0.4375,1.0422112941741943,0.7896029353141785,1.9993542088068617,0.12497028376509571
fwedu_1p3B,fwedu_1p3B_ckda-shipped-lowrank_1.3B_cosine100B_gbs128_lr0.0004,68096,35.702,1,256,128,0.1015625,1.0,0.125,0.15234375,0.7596474885940552,0.49245795607566833,2.456309775950018,0.0926969507649215
fwedu_1p3B,fwedu_1p3B_ckda-shipped-lowrank_1.3B_cosine100B_gbs128_lr0.0004,68096,35.702,2,256,128,0.05859375,0.984375,0.104339599609375,0.10546875,0.7072829008102417,0.5408434271812439,2.2497996894968018,0.06288761819952852
fwedu_1p3B,fwedu_1p3B_ckda-shipped-lowrank_1.3B_cosine100B_gbs128_lr0.0004,68096,35.702,3,256,128,0.08203125,0.921875,0.087554931640625,0.2109375,0.738955020904541,0.5871118903160095,2.7879395322842004,0.03820314934484871
fwedu_1p3B,fwedu_1p3B_ckda-shipped-lowrank_1.3B_cosine100B_gbs128_lr0.0004,68096,35.702,4,256,128,0.06640625,0.96484375,0.097930908203125,0.1328125,0.7026897072792053,0.6818286180496216,2.5136442815552904,0.06818680272845562
fwedu_1p3B,fwedu_1p3B_ckda-shipped-lowrank_1.3B_cosine100B_gbs128_lr0.0004,68096,35.702,5,256,128,0.12890625,0.890625,0.115875244140625,0.1875,0.754975438117981,0.51139897108078,2.378745660510232,0.08151488419323163
fwedu_1p3B,fwedu_1p3B_ckda-shipped-lowrank_1.3B_cosine100B_gbs128_lr0.0004,68096,35.702,6,256,128,0.125,0.91015625,0.056365966796875,0.19140625,0.7745463848114014,0.8155149221420288,2.275961194082696,0.11877204292306495
fwedu_1p3B,fwedu_1p3B_ckda-shipped-lowrank_1.3B_cosine100B_gbs128_lr0.0004,68096,35.702,7,256,128,0.1875,0.90234375,0.06658935546875,0.29296875,0.8407975435256958,0.8162683248519897,2.419916044892317,0.0912352306460234
fwedu_1p3B,fwedu_1p3B_ckda-shipped-lowrank_1.3B_cosine100B_gbs128_lr0.0004,68096,35.702,8,256,128,0.1640625,0.921875,0.051666259765625,0.27734375,0.8205714821815491,0.9001543521881104,1.7926108995952141,0.0921519732800781
fwedu_1p3B,fwedu_1p3B_ckda-shipped-lowrank_1.3B_cosine100B_gbs128_lr0.0004,68096,35.702,9,256,128,0.1640625,0.9140625,0.053009033203125,0.23828125,0.7055806517601013,0.9242717623710632,1.8976664016877869,0.07055939708230832
fwedu_1p3B,fwedu_1p3B_ckda-shipped-lowrank_1.3B_cosine100B_gbs128_lr0.0004,68096,35.702,10,256,128,0.25390625,0.94140625,0.054351806640625,0.37109375,0.8848762512207031,0.9100399017333984,1.9517146244645567,0.08727409542193697
fwedu_1p3B,fwedu_1p3B_ckda-shipped-lowrank_1.3B_cosine100B_gbs128_lr0.0004,68096,35.702,11,256,128,0.1640625,0.8203125,0.02947998046875,0.26171875,0.7815519571304321,0.9480316638946533,2.110968505303515,0.12188926643024713
fwedu_1p3B,fwedu_1p3B_ckda-shipped-lowrank_1.3B_cosine100B_gbs128_lr0.0004,68096,35.702,12,256,128,0.296875,0.89453125,0.041900634765625,0.45703125,0.9465121626853943,0.9646626710891724,2.239837912680472,0.10420870384065085
fwedu_1p3B,fwedu_1p3B_ckda-shipped-lowrank_1.3B_cosine100B_gbs128_lr0.0004,68096,35.702,13,256,128,0.21484375,0.77734375,0.02203369140625,0.43359375,0.905691921710968,0.9730331897735596,1.698446794238221,0.11270188613975146
fwedu_1p3B,fwedu_1p3B_ckda-shipped-lowrank_1.3B_cosine100B_gbs128_lr0.0004,68096,35.702,14,256,128,0.18359375,0.64453125,0.019622802734375,0.3828125,0.8882874250411987,0.9915673732757568,2.1434250843391056,0.13467664972912838
fwedu_1p3B,fwedu_1p3B_ckda-shipped-lowrank_1.3B_cosine100B_gbs128_lr0.0004,68096,35.702,15,256,128,0.171875,0.7890625,0.03216552734375,0.32421875,0.8269990682601929,0.9840911030769348,2.1688520357204144,0.08636977996213574
fwedu_1p3B,fwedu_1p3B_ckda-shipped-lowrank_1.3B_cosine100B_gbs128_lr0.0004,68096,35.702,16,256,128,0.16015625,0.81640625,0.025146484375,0.3046875,0.7773849964141846,0.9809199571609497,2.0741802102673432,0.0779496342641782
fwedu_1p3B,fwedu_1p3B_ckda-shipped-lowrank_1.3B_cosine100B_gbs128_lr0.0004,68096,35.702,17,256,128,0.1328125,0.74609375,0.021240234375,0.26953125,0.77420574426651,0.9899441003799438,1.9386552564809651,0.12184288745102634
fwedu_1p3B,fwedu_1p3B_ckda-shipped-lowrank_1.3B_cosine100B_gbs128_lr0.0004,68096,35.702,18,256,128,0.12890625,0.7421875,0.027618408203125,0.24609375,0.7347772121429443,0.9771735072135925,2.234755179607119,0.10705181179298696
fwedu_1p3B,fwedu_1p3B_ckda-shipped-lowrank_1.3B_cosine100B_gbs128_lr0.0004,68096,35.702,19,256,128,0.19140625,0.79296875,0.023651123046875,0.3359375,0.8523126840591431,0.9726073145866394,2.1553535197532048,0.08429890083525725
fwedu_1p3B,fwedu_1p3B_ckda-shipped-lowrank_1.3B_cosine100B_gbs128_lr0.0004,68096,35.702,20,256,128,0.140625,0.7578125,0.033172607421875,0.30078125,0.8021935224533081,0.902611494064331,2.231348332363609,0.062268316351170645
fwedu_1p3B,fwedu_1p3B_ckda-shipped-lowrank_1.3B_cosine100B_gbs128_lr0.0004,68096,35.702,21,256,128,0.07421875,0.80078125,0.02801513671875,0.125,0.5334963202476501,0.9893506765365601,2.073233915100922,0.15458846721316646
fwedu_1p3B,fwedu_1p3B_ckda-shipped-lowrank_1.3B_cosine100B_gbs128_lr0.0004,68096,35.702,22,256,128,0.04296875,0.89453125,0.032745361328125,0.06640625,0.4673054814338684,0.993153989315033,1.894409863844577,0.14877293145962225
fwedu_1p3B,fwedu_1p3B_ckda-shipped-lowrank_1.3B_cosine100B_gbs128_lr0.0004,68096,35.702,23,256,128,0.109375,0.80078125,0.029052734375,0.3046875,0.8458340167999268,0.9570096731185913,2.2238988517046474,0.07582029070043106
fwedu_1p3B,fwedu_1p3B_ckda-shipped-lowrank_1.3B_cosine100B_gbs128_lr0.0004,76440,40.077,0,256,128,0.3828125,1.0,0.22412109375,0.46484375,1.041070580482483,0.7768720984458923,1.9681035602054964,0.09384516482834515
fwedu_1p3B,fwedu_1p3B_ckda-shipped-lowrank_1.3B_cosine100B_gbs128_lr0.0004,76440,40.077,1,256,128,0.12890625,0.99609375,0.133575439453125,0.17578125,0.7949901223182678,0.4648425579071045,2.369885674239638,0.0828813645378803
fwedu_1p3B,fwedu_1p3B_ckda-shipped-lowrank_1.3B_cosine100B_gbs128_lr0.0004,76440,40.077,2,256,128,0.0546875,0.99609375,0.10675048828125,0.1171875,0.7338920831680298,0.5403212308883667,2.5223496997146064,0.06664667614146175
fwedu_1p3B,fwedu_1p3B_ckda-shipped-lowrank_1.3B_cosine100B_gbs128_lr0.0004,76440,40.077,3,256,128,0.0859375,0.92578125,0.07745361328125,0.21875,0.7575017809867859,0.5816412568092346,2.2927250846810256,0.07631329724743752
fwedu_1p3B,fwedu_1p3B_ckda-shipped-lowrank_1.3B_cosine100B_gbs128_lr0.0004,76440,40.077,4,256,128,0.05859375,0.96484375,0.093536376953125,0.1484375,0.71703040599823,0.6808627843856812,1.7028643657446594,0.08237605177338783
fwedu_1p3B,fwedu_1p3B_ckda-shipped-lowrank_1.3B_cosine100B_gbs128_lr0.0004,76440,40.077,5,256,128,0.140625,0.90625,0.107452392578125,0.19140625,0.7704949378967285,0.5052487254142761,2.4532538162383903,0.11245982937665153
fwedu_1p3B,fwedu_1p3B_ckda-shipped-lowrank_1.3B_cosine100B_gbs128_lr0.0004,76440,40.077,6,256,128,0.140625,0.94140625,0.056915283203125,0.1953125,0.7778035402297974,0.8123604655265808,2.154396139811398,0.11558853151668916
fwedu_1p3B,fwedu_1p3B_ckda-shipped-lowrank_1.3B_cosine100B_gbs128_lr0.0004,76440,40.077,7,256,128,0.171875,0.90234375,0.074737548828125,0.30078125,0.8390700817108154,0.8107788562774658,2.564014963081652,0.13697020727924453
fwedu_1p3B,fwedu_1p3B_ckda-shipped-lowrank_1.3B_cosine100B_gbs128_lr0.0004,76440,40.077,8,256,128,0.17578125,0.9296875,0.05523681640625,0.28515625,0.8352469205856323,0.9004784226417542,2.0815843548745314,0.07742356823808814
fwedu_1p3B,fwedu_1p3B_ckda-shipped-lowrank_1.3B_cosine100B_gbs128_lr0.0004,76440,40.077,9,256,128,0.1796875,0.9296875,0.055450439453125,0.234375,0.7114385962486267,0.9273906350135803,2.2095295776121313,0.0908263306389106
fwedu_1p3B,fwedu_1p3B_ckda-shipped-lowrank_1.3B_cosine100B_gbs128_lr0.0004,76440,40.077,10,256,128,0.25390625,0.9765625,0.05615234375,0.3671875,0.8862823247909546,0.9132193922996521,2.0114336895551923,0.08509763642311274
fwedu_1p3B,fwedu_1p3B_ckda-shipped-lowrank_1.3B_cosine100B_gbs128_lr0.0004,76440,40.077,11,256,128,0.171875,0.81640625,0.030242919921875,0.265625,0.8054917454719543,0.9483838677406311,1.8953153973587458,0.12156331564959816
fwedu_1p3B,fwedu_1p3B_ckda-shipped-lowrank_1.3B_cosine100B_gbs128_lr0.0004,76440,40.077,12,256,128,0.3125,0.859375,0.0418701171875,0.453125,0.9500336647033691,0.9620378017425537,2.0933970415260497,0.10931687293557907
fwedu_1p3B,fwedu_1p3B_ckda-shipped-lowrank_1.3B_cosine100B_gbs128_lr0.0004,76440,40.077,13,256,128,0.25390625,0.76171875,0.022796630859375,0.4296875,0.9203718304634094,0.9720944762229919,2.0473875274955673,0.12138721811738558
fwedu_1p3B,fwedu_1p3B_ckda-shipped-lowrank_1.3B_cosine100B_gbs128_lr0.0004,76440,40.077,14,256,128,0.19921875,0.72265625,0.018310546875,0.359375,0.8846757411956787,0.9915299415588379,2.079813374271569,0.1382801895385793
fwedu_1p3B,fwedu_1p3B_ckda-shipped-lowrank_1.3B_cosine100B_gbs128_lr0.0004,76440,40.077,15,256,128,0.19140625,0.8125,0.03350830078125,0.375,0.8271712064743042,0.9839906692504883,2.2659537898166575,0.07246356414608449
fwedu_1p3B,fwedu_1p3B_ckda-shipped-lowrank_1.3B_cosine100B_gbs128_lr0.0004,76440,40.077,16,256,128,0.1484375,0.8203125,0.02545166015625,0.26953125,0.7759503126144409,0.9808008670806885,2.033859980942675,0.06642589288327261
fwedu_1p3B,fwedu_1p3B_ckda-shipped-lowrank_1.3B_cosine100B_gbs128_lr0.0004,76440,40.077,17,256,128,0.16796875,0.76171875,0.021697998046875,0.296875,0.7777621150016785,0.9900599718093872,1.6701014680378903,0.10600838587754927
fwedu_1p3B,fwedu_1p3B_ckda-shipped-lowrank_1.3B_cosine100B_gbs128_lr0.0004,76440,40.077,18,256,128,0.13671875,0.71484375,0.02691650390625,0.23046875,0.7379180788993835,0.9768245220184326,1.887560516446985,0.11698947163509035
fwedu_1p3B,fwedu_1p3B_ckda-shipped-lowrank_1.3B_cosine100B_gbs128_lr0.0004,76440,40.077,19,256,128,0.171875,0.7734375,0.024017333984375,0.34375,0.8496724367141724,0.9718067049980164,2.397795770927435,0.08295569328550152
fwedu_1p3B,fwedu_1p3B_ckda-shipped-lowrank_1.3B_cosine100B_gbs128_lr0.0004,76440,40.077,20,256,128,0.140625,0.74609375,0.03558349609375,0.3203125,0.7987945079803467,0.9004058241844177,1.8869531569941072,0.07326321287343257
fwedu_1p3B,fwedu_1p3B_ckda-shipped-lowrank_1.3B_cosine100B_gbs128_lr0.0004,76440,40.077,21,256,128,0.0859375,0.86328125,0.029632568359375,0.1484375,0.5471857786178589,0.9894343614578247,2.2966855264470816,0.10262194493115487
fwedu_1p3B,fwedu_1p3B_ckda-shipped-lowrank_1.3B_cosine100B_gbs128_lr0.0004,76440,40.077,22,256,128,0.0625,0.91796875,0.0328369140625,0.08203125,0.4720900058746338,0.9929714798927307,2.1689488498450595,0.09362006666932027
fwedu_1p3B,fwedu_1p3B_ckda-shipped-lowrank_1.3B_cosine100B_gbs128_lr0.0004,76440,40.077,23,256,128,0.13671875,0.8125,0.0252685546875,0.34765625,0.8614352345466614,0.9561024904251099,2.178928477806588,0.06469700072171469
fwedu_1p3B,fwedu_1p3B_ckda-shipped-lowrank_1.3B_cosine100B_gbs128_lr0.0004,77824,40.802,0,256,128,0.3515625,1.0,0.221832275390625,0.46875,1.0499274730682373,0.7822806239128113,1.8516078457020382,0.10228510854061068
fwedu_1p3B,fwedu_1p3B_ckda-shipped-lowrank_1.3B_cosine100B_gbs128_lr0.0004,77824,40.802,1,256,128,0.10546875,1.0,0.136474609375,0.1796875,0.795424222946167,0.47376447916030884,2.4919780436980625,0.08838573428149502
fwedu_1p3B,fwedu_1p3B_ckda-shipped-lowrank_1.3B_cosine100B_gbs128_lr0.0004,77824,40.802,2,256,128,0.07421875,0.98046875,0.099945068359375,0.1328125,0.7445189952850342,0.5505837798118591,2.5726444052005286,0.04429028557051684
fwedu_1p3B,fwedu_1p3B_ckda-shipped-lowrank_1.3B_cosine100B_gbs128_lr0.0004,77824,40.802,3,256,128,0.07421875,0.93359375,0.08148193359375,0.23046875,0.7631548643112183,0.5872987508773804,1.9995437375869622,0.06548923621899029
fwedu_1p3B,fwedu_1p3B_ckda-shipped-lowrank_1.3B_cosine100B_gbs128_lr0.0004,77824,40.802,4,256,128,0.08984375,0.9765625,0.0999755859375,0.16015625,0.7237131595611572,0.6675439476966858,2.089434615343135,0.04597042380922419
fwedu_1p3B,fwedu_1p3B_ckda-shipped-lowrank_1.3B_cosine100B_gbs128_lr0.0004,77824,40.802,5,256,128,0.15234375,0.8984375,0.108489990234375,0.22265625,0.7731203436851501,0.5048896670341492,2.295932138672788,0.08624330034454805
fwedu_1p3B,fwedu_1p3B_ckda-shipped-lowrank_1.3B_cosine100B_gbs128_lr0.0004,77824,40.802,6,256,128,0.1328125,0.88671875,0.052520751953125,0.19921875,0.7827289700508118,0.81355220079422,2.321926824261654,0.10742939150984343
fwedu_1p3B,fwedu_1p3B_ckda-shipped-lowrank_1.3B_cosine100B_gbs128_lr0.0004,77824,40.802,7,256,128,0.19921875,0.88671875,0.07171630859375,0.3125,0.8431081771850586,0.812361478805542,2.532464489132036,0.0906352476793976
fwedu_1p3B,fwedu_1p3B_ckda-shipped-lowrank_1.3B_cosine100B_gbs128_lr0.0004,77824,40.802,8,256,128,0.171875,0.89453125,0.051055908203125,0.2890625,0.8370012044906616,0.9043896794319153,1.932854555240158,0.08451123139293051
fwedu_1p3B,fwedu_1p3B_ckda-shipped-lowrank_1.3B_cosine100B_gbs128_lr0.0004,77824,40.802,9,256,128,0.1640625,0.9296875,0.053558349609375,0.2265625,0.7134133577346802,0.9266895055770874,2.091871904774707,0.07650281992615941
fwedu_1p3B,fwedu_1p3B_ckda-shipped-lowrank_1.3B_cosine100B_gbs128_lr0.0004,77824,40.802,10,256,128,0.23046875,0.96484375,0.055450439453125,0.359375,0.8934125304222107,0.9104414582252502,2.0013591979797396,0.109689113890637
fwedu_1p3B,fwedu_1p3B_ckda-shipped-lowrank_1.3B_cosine100B_gbs128_lr0.0004,77824,40.802,11,256,128,0.1640625,0.796875,0.0303955078125,0.26953125,0.8075969219207764,0.9490206241607666,1.8710969986129864,0.13407906570146888
fwedu_1p3B,fwedu_1p3B_ckda-shipped-lowrank_1.3B_cosine100B_gbs128_lr0.0004,77824,40.802,12,256,128,0.3203125,0.859375,0.03948974609375,0.4609375,0.9622474908828735,0.964766800403595,1.9961482975999851,0.10017421290260559
fwedu_1p3B,fwedu_1p3B_ckda-shipped-lowrank_1.3B_cosine100B_gbs128_lr0.0004,77824,40.802,13,256,128,0.25,0.78515625,0.0234375,0.44140625,0.9146273732185364,0.9749876856803894,1.9824337598243122,0.09730032236262993
fwedu_1p3B,fwedu_1p3B_ckda-shipped-lowrank_1.3B_cosine100B_gbs128_lr0.0004,77824,40.802,14,256,128,0.1875,0.69921875,0.018890380859375,0.39453125,0.8862233757972717,0.9917737245559692,2.2342982064340293,0.11319642180029976
fwedu_1p3B,fwedu_1p3B_ckda-shipped-lowrank_1.3B_cosine100B_gbs128_lr0.0004,77824,40.802,15,256,128,0.20703125,0.81640625,0.03466796875,0.34375,0.8343778848648071,0.9848785996437073,2.3183985350145284,0.08003561201036831
fwedu_1p3B,fwedu_1p3B_ckda-shipped-lowrank_1.3B_cosine100B_gbs128_lr0.0004,77824,40.802,16,256,128,0.16015625,0.80859375,0.02447509765625,0.26953125,0.7811872959136963,0.9806621074676514,1.9950149131853767,0.06407831153269217
fwedu_1p3B,fwedu_1p3B_ckda-shipped-lowrank_1.3B_cosine100B_gbs128_lr0.0004,77824,40.802,17,256,128,0.1640625,0.7265625,0.020111083984375,0.28515625,0.7718709707260132,0.990249752998352,1.7581759868552265,0.07730533242344176
fwedu_1p3B,fwedu_1p3B_ckda-shipped-lowrank_1.3B_cosine100B_gbs128_lr0.0004,77824,40.802,18,256,128,0.125,0.72265625,0.0269775390625,0.234375,0.7398562431335449,0.9780895709991455,2.0704455399019928,0.1392900238991968
fwedu_1p3B,fwedu_1p3B_ckda-shipped-lowrank_1.3B_cosine100B_gbs128_lr0.0004,77824,40.802,19,256,128,0.1875,0.82421875,0.023681640625,0.3203125,0.8495373725891113,0.9721884727478027,2.321548936579581,0.07607903996330287
fwedu_1p3B,fwedu_1p3B_ckda-shipped-lowrank_1.3B_cosine100B_gbs128_lr0.0004,77824,40.802,20,256,128,0.140625,0.7265625,0.033966064453125,0.30859375,0.7995653748512268,0.9020955562591553,1.8901714921791752,0.0889960369164628
fwedu_1p3B,fwedu_1p3B_ckda-shipped-lowrank_1.3B_cosine100B_gbs128_lr0.0004,77824,40.802,21,256,128,0.05859375,0.83984375,0.030548095703125,0.125,0.540503978729248,0.9896495938301086,2.0917688065355042,0.08960411422008588
fwedu_1p3B,fwedu_1p3B_ckda-shipped-lowrank_1.3B_cosine100B_gbs128_lr0.0004,77824,40.802,22,256,128,0.0546875,0.92578125,0.03277587890625,0.05859375,0.4661775529384613,0.9929717183113098,2.2314464276325463,0.07252934823971366
fwedu_1p3B,fwedu_1p3B_ckda-shipped-lowrank_1.3B_cosine100B_gbs128_lr0.0004,77824,40.802,23,256,128,0.12890625,0.81640625,0.026153564453125,0.328125,0.8589820861816406,0.9562259912490845,2.1982696024404995,0.05391839882814783
fwedu_1p3B,fwedu_1p3B_ckda-shipped-lowrank_1.3B_cosine100B_gbs128_lr0.0004,87552,45.902,0,256,128,0.3984375,1.0,0.223663330078125,0.5,1.0610307455062866,0.7605825066566467,1.8852803761177668,0.10917503779379242
fwedu_1p3B,fwedu_1p3B_ckda-shipped-lowrank_1.3B_cosine100B_gbs128_lr0.0004,87552,45.902,1,256,128,0.12109375,1.0,0.1424560546875,0.19140625,0.8274145126342773,0.45587074756622314,2.4695665029527856,0.08616415323821344
fwedu_1p3B,fwedu_1p3B_ckda-shipped-lowrank_1.3B_cosine100B_gbs128_lr0.0004,87552,45.902,2,256,128,0.0625,0.984375,0.108306884765625,0.140625,0.7638310194015503,0.5365079641342163,2.3987291368883734,0.058160079604079776
fwedu_1p3B,fwedu_1p3B_ckda-shipped-lowrank_1.3B_cosine100B_gbs128_lr0.0004,87552,45.902,3,256,128,0.07421875,0.9453125,0.0877685546875,0.23828125,0.7836339473724365,0.5627037882804871,2.140834506056502,0.059503557318142
fwedu_1p3B,fwedu_1p3B_ckda-shipped-lowrank_1.3B_cosine100B_gbs128_lr0.0004,87552,45.902,4,256,128,0.078125,0.94140625,0.092071533203125,0.16796875,0.7359397411346436,0.6786941289901733,2.3897783367730865,0.08136096071387836
fwedu_1p3B,fwedu_1p3B_ckda-shipped-lowrank_1.3B_cosine100B_gbs128_lr0.0004,87552,45.902,5,256,128,0.14453125,0.89453125,0.10894775390625,0.2265625,0.7893205881118774,0.5001437067985535,2.2090128707084795,0.07310058526705912
fwedu_1p3B,fwedu_1p3B_ckda-shipped-lowrank_1.3B_cosine100B_gbs128_lr0.0004,87552,45.902,6,256,128,0.1484375,0.87890625,0.054901123046875,0.22265625,0.7979654669761658,0.815018892288208,2.2187566703520973,0.11210717581493125
fwedu_1p3B,fwedu_1p3B_ckda-shipped-lowrank_1.3B_cosine100B_gbs128_lr0.0004,87552,45.902,7,256,128,0.17578125,0.90625,0.07098388671875,0.30859375,0.8396710157394409,0.8111744523048401,2.5412072748961982,0.0985571403554426
fwedu_1p3B,fwedu_1p3B_ckda-shipped-lowrank_1.3B_cosine100B_gbs128_lr0.0004,87552,45.902,8,256,128,0.1875,0.921875,0.0487060546875,0.27734375,0.83958899974823,0.9048507213592529,1.7619190190076708,0.08152052988818184
fwedu_1p3B,fwedu_1p3B_ckda-shipped-lowrank_1.3B_cosine100B_gbs128_lr0.0004,87552,45.902,9,256,128,0.15625,0.94140625,0.056243896484375,0.234375,0.7116758227348328,0.9240912795066833,2.3631698201413274,0.0663465008700754
fwedu_1p3B,fwedu_1p3B_ckda-shipped-lowrank_1.3B_cosine100B_gbs128_lr0.0004,87552,45.902,10,256,128,0.265625,0.97265625,0.05169677734375,0.37890625,0.8947797417640686,0.9151566624641418,1.9809844095001867,0.07556540672265484
fwedu_1p3B,fwedu_1p3B_ckda-shipped-lowrank_1.3B_cosine100B_gbs128_lr0.0004,87552,45.902,11,256,128,0.1953125,0.8203125,0.030364990234375,0.29296875,0.8129396438598633,0.950495183467865,2.0634575806324946,0.13416247014360333
fwedu_1p3B,fwedu_1p3B_ckda-shipped-lowrank_1.3B_cosine100B_gbs128_lr0.0004,87552,45.902,12,256,128,0.33203125,0.87890625,0.04046630859375,0.4921875,0.9714697003364563,0.9642064571380615,2.2617749157833886,0.131171059293691
fwedu_1p3B,fwedu_1p3B_ckda-shipped-lowrank_1.3B_cosine100B_gbs128_lr0.0004,87552,45.902,13,256,128,0.25,0.76953125,0.023101806640625,0.453125,0.9280027747154236,0.9731269478797913,1.837046415201241,0.1299349483442341
fwedu_1p3B,fwedu_1p3B_ckda-shipped-lowrank_1.3B_cosine100B_gbs128_lr0.0004,87552,45.902,14,256,128,0.1953125,0.671875,0.0181884765625,0.40234375,0.9062350392341614,0.992011308670044,2.0539087215063607,0.14066698818436568
fwedu_1p3B,fwedu_1p3B_ckda-shipped-lowrank_1.3B_cosine100B_gbs128_lr0.0004,87552,45.902,15,256,128,0.19921875,0.78515625,0.0330810546875,0.3671875,0.8477570414543152,0.984687328338623,2.3936984936013164,0.07703363533661142
fwedu_1p3B,fwedu_1p3B_ckda-shipped-lowrank_1.3B_cosine100B_gbs128_lr0.0004,87552,45.902,16,256,128,0.16796875,0.85546875,0.02349853515625,0.29296875,0.7914319634437561,0.981109619140625,2.14548084795482,0.0881198613264813
fwedu_1p3B,fwedu_1p3B_ckda-shipped-lowrank_1.3B_cosine100B_gbs128_lr0.0004,87552,45.902,17,256,128,0.15625,0.73828125,0.02166748046875,0.29296875,0.7797590494155884,0.9895222783088684,1.714046819637693,0.10490978699074144
fwedu_1p3B,fwedu_1p3B_ckda-shipped-lowrank_1.3B_cosine100B_gbs128_lr0.0004,87552,45.902,18,256,128,0.1328125,0.70703125,0.026519775390625,0.2578125,0.753866970539093,0.9775212407112122,2.1354416049960925,0.10823042889803824
fwedu_1p3B,fwedu_1p3B_ckda-shipped-lowrank_1.3B_cosine100B_gbs128_lr0.0004,87552,45.902,19,256,128,0.16796875,0.82421875,0.0228271484375,0.33984375,0.8604871034622192,0.9717499017715454,2.267340533955022,0.10098366294011656
fwedu_1p3B,fwedu_1p3B_ckda-shipped-lowrank_1.3B_cosine100B_gbs128_lr0.0004,87552,45.902,20,256,128,0.16015625,0.7890625,0.03814697265625,0.33203125,0.8083152174949646,0.8959903120994568,1.9594471609071251,0.08021647803543053
fwedu_1p3B,fwedu_1p3B_ckda-shipped-lowrank_1.3B_cosine100B_gbs128_lr0.0004,87552,45.902,21,256,128,0.08203125,0.80078125,0.0284423828125,0.1328125,0.5519945025444031,0.9899107217788696,1.9523395372729064,0.11902561611055625
fwedu_1p3B,fwedu_1p3B_ckda-shipped-lowrank_1.3B_cosine100B_gbs128_lr0.0004,87552,45.902,22,256,128,0.0625,0.90234375,0.035491943359375,0.0859375,0.48016035556793213,0.9933847784996033,2.248503058366774,0.06625304421461463
fwedu_1p3B,fwedu_1p3B_ckda-shipped-lowrank_1.3B_cosine100B_gbs128_lr0.0004,87552,45.902,23,256,128,0.16015625,0.83203125,0.02777099609375,0.375,0.8780675530433655,0.9543594121932983,2.326593003262243,0.06670311675449593
fwedu_1p3B,fwedu_1p3B_ckda-shipped-lowrank_1.3B_cosine100B_gbs128_lr0.0004,97280,51.003,0,256,128,0.4296875,1.0,0.2235107421875,0.53515625,1.0787913799285889,0.7455454468727112,1.82091331597809,0.0755831199853709
fwedu_1p3B,fwedu_1p3B_ckda-shipped-lowrank_1.3B_cosine100B_gbs128_lr0.0004,97280,51.003,1,256,128,0.1640625,1.0,0.13836669921875,0.25390625,0.8587086796760559,0.45219117403030396,2.312743856011637,0.0703529703412303
fwedu_1p3B,fwedu_1p3B_ckda-shipped-lowrank_1.3B_cosine100B_gbs128_lr0.0004,97280,51.003,2,256,128,0.09765625,0.98828125,0.104705810546875,0.16015625,0.8033124208450317,0.5311229825019836,2.472816927171359,0.07506985551562634
fwedu_1p3B,fwedu_1p3B_ckda-shipped-lowrank_1.3B_cosine100B_gbs128_lr0.0004,97280,51.003,3,256,128,0.1015625,0.953125,0.0892333984375,0.28125,0.8142106533050537,0.5641812682151794,2.3989750602642683,0.04360220310572166
fwedu_1p3B,fwedu_1p3B_ckda-shipped-lowrank_1.3B_cosine100B_gbs128_lr0.0004,97280,51.003,4,256,128,0.12109375,0.94921875,0.1024169921875,0.2109375,0.7591612935066223,0.6617258191108704,2.2022952096451545,0.04258403252735545
fwedu_1p3B,fwedu_1p3B_ckda-shipped-lowrank_1.3B_cosine100B_gbs128_lr0.0004,97280,51.003,5,256,128,0.140625,0.9296875,0.11285400390625,0.2421875,0.8105318546295166,0.47579771280288696,2.2811551556814766,0.07942264283075065
fwedu_1p3B,fwedu_1p3B_ckda-shipped-lowrank_1.3B_cosine100B_gbs128_lr0.0004,97280,51.003,6,256,128,0.140625,0.9140625,0.055328369140625,0.23046875,0.8248741626739502,0.8071150779724121,2.4754969899432986,0.11744036757405012
fwedu_1p3B,fwedu_1p3B_ckda-shipped-lowrank_1.3B_cosine100B_gbs128_lr0.0004,97280,51.003,7,256,128,0.21875,0.8828125,0.06793212890625,0.33203125,0.8649806380271912,0.8193588852882385,2.5775350393669765,0.07613697945131973
fwedu_1p3B,fwedu_1p3B_ckda-shipped-lowrank_1.3B_cosine100B_gbs128_lr0.0004,97280,51.003,8,256,128,0.21875,0.91796875,0.05133056640625,0.3515625,0.8587905764579773,0.9034824967384338,1.7891812360642672,0.06341618095614338
fwedu_1p3B,fwedu_1p3B_ckda-shipped-lowrank_1.3B_cosine100B_gbs128_lr0.0004,97280,51.003,9,256,128,0.19140625,0.9296875,0.05438232421875,0.25390625,0.7424310445785522,0.9276986718177795,2.385378513764151,0.08488218631575514
fwedu_1p3B,fwedu_1p3B_ckda-shipped-lowrank_1.3B_cosine100B_gbs128_lr0.0004,97280,51.003,10,256,128,0.30078125,0.96484375,0.05584716796875,0.43359375,0.9104956984519958,0.9117546081542969,2.2707492191239678,0.0833111678091395
fwedu_1p3B,fwedu_1p3B_ckda-shipped-lowrank_1.3B_cosine100B_gbs128_lr0.0004,97280,51.003,11,256,128,0.19921875,0.79296875,0.029327392578125,0.29296875,0.8177115321159363,0.9518858194351196,2.0612387713230813,0.09824219084374018
fwedu_1p3B,fwedu_1p3B_ckda-shipped-lowrank_1.3B_cosine100B_gbs128_lr0.0004,97280,51.003,12,256,128,0.33203125,0.859375,0.040863037109375,0.46484375,0.9814741611480713,0.9637447595596313,2.1648293833716368,0.11822101358031843
fwedu_1p3B,fwedu_1p3B_ckda-shipped-lowrank_1.3B_cosine100B_gbs128_lr0.0004,97280,51.003,13,256,128,0.23046875,0.765625,0.0235595703125,0.4296875,0.9234186410903931,0.9735416173934937,1.868783913094841,0.12260690243662008
fwedu_1p3B,fwedu_1p3B_ckda-shipped-lowrank_1.3B_cosine100B_gbs128_lr0.0004,97280,51.003,14,256,128,0.1875,0.67578125,0.019683837890625,0.37109375,0.9009020328521729,0.9921882152557373,2.234681925646337,0.1316644844690466
fwedu_1p3B,fwedu_1p3B_ckda-shipped-lowrank_1.3B_cosine100B_gbs128_lr0.0004,97280,51.003,15,256,128,0.19921875,0.78125,0.031951904296875,0.37890625,0.8580706715583801,0.9844263792037964,2.1191600426691113,0.07554759493632841
fwedu_1p3B,fwedu_1p3B_ckda-shipped-lowrank_1.3B_cosine100B_gbs128_lr0.0004,97280,51.003,16,256,128,0.1875,0.828125,0.0242919921875,0.328125,0.8107692003250122,0.9808334112167358,2.0006029579822426,0.07310178215781865
fwedu_1p3B,fwedu_1p3B_ckda-shipped-lowrank_1.3B_cosine100B_gbs128_lr0.0004,97280,51.003,17,256,128,0.16796875,0.76953125,0.02032470703125,0.296875,0.784238338470459,0.9899618625640869,1.7703577769936942,0.08824151322225937
fwedu_1p3B,fwedu_1p3B_ckda-shipped-lowrank_1.3B_cosine100B_gbs128_lr0.0004,97280,51.003,18,256,128,0.12890625,0.7265625,0.025054931640625,0.25,0.7635846734046936,0.9770448803901672,1.9453431431512354,0.11082504705482125
fwedu_1p3B,fwedu_1p3B_ckda-shipped-lowrank_1.3B_cosine100B_gbs128_lr0.0004,97280,51.003,19,256,128,0.15625,0.796875,0.02215576171875,0.35546875,0.8629306554794312,0.9717791676521301,2.156286587446022,0.07868702844594636
fwedu_1p3B,fwedu_1p3B_ckda-shipped-lowrank_1.3B_cosine100B_gbs128_lr0.0004,97280,51.003,20,256,128,0.16015625,0.76953125,0.035919189453125,0.35546875,0.8233429193496704,0.892284631729126,1.7924188057977537,0.08261370549223111
fwedu_1p3B,fwedu_1p3B_ckda-shipped-lowrank_1.3B_cosine100B_gbs128_lr0.0004,97280,51.003,21,256,128,0.0859375,0.80078125,0.0299072265625,0.15234375,0.5545340776443481,0.9893069267272949,1.9032182176080052,0.10013513000718163
fwedu_1p3B,fwedu_1p3B_ckda-shipped-lowrank_1.3B_cosine100B_gbs128_lr0.0004,97280,51.003,22,256,128,0.05859375,0.93359375,0.0343017578125,0.09375,0.4845351278781891,0.9932987689971924,1.8677382608530917,0.06887216633294868
fwedu_1p3B,fwedu_1p3B_ckda-shipped-lowrank_1.3B_cosine100B_gbs128_lr0.0004,97280,51.003,23,256,128,0.14453125,0.828125,0.027496337890625,0.36328125,0.8805083632469177,0.9512801170349121,2.1603048174723707,0.05767273571146729
fwedu_1p3B,fwedu_1p3B_ckda-shipped-lowrank_1.3B_cosine100B_gbs128_lr0.0004,107008,56.103,0,256,128,0.43359375,1.0,0.222900390625,0.54296875,1.089777946472168,0.7417285442352295,1.7918285139134378,0.0741414977328317
fwedu_1p3B,fwedu_1p3B_ckda-shipped-lowrank_1.3B_cosine100B_gbs128_lr0.0004,107008,56.103,1,256,128,0.2109375,1.0,0.1380615234375,0.28125,0.8824707865715027,0.4483157694339752,2.551612062303614,0.07408065257675311
fwedu_1p3B,fwedu_1p3B_ckda-shipped-lowrank_1.3B_cosine100B_gbs128_lr0.0004,107008,56.103,2,256,128,0.10546875,1.0,0.116790771484375,0.19140625,0.8186860084533691,0.5058444738388062,2.3962013674549265,0.06319468332645971
fwedu_1p3B,fwedu_1p3B_ckda-shipped-lowrank_1.3B_cosine100B_gbs128_lr0.0004,107008,56.103,3,256,128,0.13671875,0.9140625,0.0933837890625,0.2578125,0.8222998976707458,0.5572569370269775,2.6576826906999114,0.061622732615219625
fwedu_1p3B,fwedu_1p3B_ckda-shipped-lowrank_1.3B_cosine100B_gbs128_lr0.0004,107008,56.103,4,256,128,0.10546875,0.98046875,0.1025390625,0.203125,0.7693129181861877,0.6683031916618347,1.6516614227606992,0.044396239065508644
fwedu_1p3B,fwedu_1p3B_ckda-shipped-lowrank_1.3B_cosine100B_gbs128_lr0.0004,107008,56.103,5,256,128,0.16015625,0.9375,0.117950439453125,0.2421875,0.8276641368865967,0.48277583718299866,2.3077219019890287,0.09967321762935784
fwedu_1p3B,fwedu_1p3B_ckda-shipped-lowrank_1.3B_cosine100B_gbs128_lr0.0004,107008,56.103,6,256,128,0.1640625,0.90234375,0.056976318359375,0.2578125,0.8361616134643555,0.8063219785690308,2.2414380100734634,0.11266983355699861
fwedu_1p3B,fwedu_1p3B_ckda-shipped-lowrank_1.3B_cosine100B_gbs128_lr0.0004,107008,56.103,7,256,128,0.20703125,0.86328125,0.066558837890625,0.34375,0.8743351101875305,0.8125918507575989,2.37566196523816,0.09350428428550672
fwedu_1p3B,fwedu_1p3B_ckda-shipped-lowrank_1.3B_cosine100B_gbs128_lr0.0004,107008,56.103,8,256,128,0.21875,0.9140625,0.05364990234375,0.33984375,0.8680267930030823,0.9033039808273315,1.5947931160966569,0.08492835909482886
fwedu_1p3B,fwedu_1p3B_ckda-shipped-lowrank_1.3B_cosine100B_gbs128_lr0.0004,107008,56.103,9,256,128,0.1953125,0.90625,0.05126953125,0.2578125,0.7417830228805542,0.9267818331718445,2.158309934396873,0.06516372355371325
fwedu_1p3B,fwedu_1p3B_ckda-shipped-lowrank_1.3B_cosine100B_gbs128_lr0.0004,107008,56.103,10,256,128,0.30859375,0.95703125,0.057464599609375,0.4375,0.9115777015686035,0.9102151989936829,2.2003303386090387,0.07805158007543493
fwedu_1p3B,fwedu_1p3B_ckda-shipped-lowrank_1.3B_cosine100B_gbs128_lr0.0004,107008,56.103,11,256,128,0.19921875,0.8359375,0.030242919921875,0.30078125,0.8376734852790833,0.9491798281669617,1.998500037969039,0.13576719403850548
fwedu_1p3B,fwedu_1p3B_ckda-shipped-lowrank_1.3B_cosine100B_gbs128_lr0.0004,107008,56.103,12,256,128,0.30859375,0.859375,0.041656494140625,0.5,0.987238347530365,0.9656891822814941,2.179067124980372,0.1278899217644901
fwedu_1p3B,fwedu_1p3B_ckda-shipped-lowrank_1.3B_cosine100B_gbs128_lr0.0004,107008,56.103,13,256,128,0.265625,0.78515625,0.02374267578125,0.4609375,0.9411625862121582,0.973913848400116,1.9759841613563918,0.13261289606593663
fwedu_1p3B,fwedu_1p3B_ckda-shipped-lowrank_1.3B_cosine100B_gbs128_lr0.0004,107008,56.103,14,256,128,0.19140625,0.70703125,0.017364501953125,0.390625,0.9078579545021057,0.9920462965965271,2.1822094292103364,0.13461252028087886
fwedu_1p3B,fwedu_1p3B_ckda-shipped-lowrank_1.3B_cosine100B_gbs128_lr0.0004,107008,56.103,15,256,128,0.20703125,0.80859375,0.03253173828125,0.38671875,0.8606921434402466,0.9843214750289917,2.202932960107306,0.07557231433148585
fwedu_1p3B,fwedu_1p3B_ckda-shipped-lowrank_1.3B_cosine100B_gbs128_lr0.0004,107008,56.103,16,256,128,0.17578125,0.8359375,0.02392578125,0.328125,0.8143786191940308,0.9803920388221741,2.1525853318040786,0.09150169415400093
fwedu_1p3B,fwedu_1p3B_ckda-shipped-lowrank_1.3B_cosine100B_gbs128_lr0.0004,107008,56.103,17,256,128,0.15625,0.75390625,0.022003173828125,0.296875,0.78868168592453,0.990172266960144,1.4980239918195632,0.11541501843190784
fwedu_1p3B,fwedu_1p3B_ckda-shipped-lowrank_1.3B_cosine100B_gbs128_lr0.0004,107008,56.103,18,256,128,0.15234375,0.75,0.02752685546875,0.24609375,0.7580476999282837,0.9763922691345215,2.040117113340799,0.11755659767020175
fwedu_1p3B,fwedu_1p3B_ckda-shipped-lowrank_1.3B_cosine100B_gbs128_lr0.0004,107008,56.103,19,256,128,0.16796875,0.81640625,0.024810791015625,0.3984375,0.8723785877227783,0.969951331615448,2.0652112668179012,0.09266494347653739
fwedu_1p3B,fwedu_1p3B_ckda-shipped-lowrank_1.3B_cosine100B_gbs128_lr0.0004,107008,56.103,20,256,128,0.15625,0.7734375,0.0391845703125,0.34765625,0.8282960057258606,0.8883875608444214,1.779933289714985,0.08327157094707777
fwedu_1p3B,fwedu_1p3B_ckda-shipped-lowrank_1.3B_cosine100B_gbs128_lr0.0004,107008,56.103,21,256,128,0.0859375,0.82421875,0.031097412109375,0.15234375,0.5556561946868896,0.9894953966140747,1.9379499495184254,0.09484118712247969
fwedu_1p3B,fwedu_1p3B_ckda-shipped-lowrank_1.3B_cosine100B_gbs128_lr0.0004,107008,56.103,22,256,128,0.05078125,0.91015625,0.03350830078125,0.0859375,0.4830971956253052,0.9935009479522705,1.9931562051466392,0.05135453146589062
fwedu_1p3B,fwedu_1p3B_ckda-shipped-lowrank_1.3B_cosine100B_gbs128_lr0.0004,107008,56.103,23,256,128,0.16015625,0.8125,0.0286865234375,0.37890625,0.8854111433029175,0.9493871927261353,2.2613062955424144,0.06695248577558556
fwedu_1p3B,fwedu_1p3B_ckda-shipped-lowrank_1.3B_cosine100B_gbs128_lr0.0004,116736,61.203,0,256,128,0.4765625,1.0,0.232452392578125,0.5546875,1.110551118850708,0.7340378165245056,1.8463771179945443,0.07096158696404103
fwedu_1p3B,fwedu_1p3B_ckda-shipped-lowrank_1.3B_cosine100B_gbs128_lr0.0004,116736,61.203,1,256,128,0.25390625,1.0,0.150543212890625,0.328125,0.9040917754173279,0.4402233362197876,2.468606501651371,0.06354783993046213
fwedu_1p3B,fwedu_1p3B_ckda-shipped-lowrank_1.3B_cosine100B_gbs128_lr0.0004,116736,61.203,2,256,128,0.1328125,0.98828125,0.11932373046875,0.21484375,0.8441920876502991,0.4912056624889374,2.4583079858516736,0.07986510919471758
fwedu_1p3B,fwedu_1p3B_ckda-shipped-lowrank_1.3B_cosine100B_gbs128_lr0.0004,116736,61.203,3,256,128,0.1328125,0.9140625,0.090545654296875,0.29296875,0.8422523736953735,0.5474758744239807,2.418902546252289,0.056100200649638936
fwedu_1p3B,fwedu_1p3B_ckda-shipped-lowrank_1.3B_cosine100B_gbs128_lr0.0004,116736,61.203,4,256,128,0.1484375,0.96484375,0.105804443359375,0.2578125,0.7881645560264587,0.6568072438240051,2.0741150503255597,0.04649697777412362
fwedu_1p3B,fwedu_1p3B_ckda-shipped-lowrank_1.3B_cosine100B_gbs128_lr0.0004,116736,61.203,5,256,128,0.1796875,0.9375,0.138458251953125,0.296875,0.8487892150878906,0.4474477469921112,2.054651996421272,0.08681770864234348
fwedu_1p3B,fwedu_1p3B_ckda-shipped-lowrank_1.3B_cosine100B_gbs128_lr0.0004,116736,61.203,6,256,128,0.140625,0.92578125,0.061737060546875,0.25390625,0.8475009799003601,0.7927579283714294,2.46681897824154,0.09246906788812677
fwedu_1p3B,fwedu_1p3B_ckda-shipped-lowrank_1.3B_cosine100B_gbs128_lr0.0004,116736,61.203,7,256,128,0.1953125,0.890625,0.06982421875,0.34375,0.8884344696998596,0.8056344985961914,2.4467765418974725,0.127057969436064
fwedu_1p3B,fwedu_1p3B_ckda-shipped-lowrank_1.3B_cosine100B_gbs128_lr0.0004,116736,61.203,8,256,128,0.2109375,0.91796875,0.0501708984375,0.34765625,0.8782880902290344,0.8985679149627686,2.091492398908935,0.0813962826442696
fwedu_1p3B,fwedu_1p3B_ckda-shipped-lowrank_1.3B_cosine100B_gbs128_lr0.0004,116736,61.203,9,256,128,0.1640625,0.91796875,0.04864501953125,0.27734375,0.7490731477737427,0.9259909391403198,1.9920305065323243,0.0726187301080804
fwedu_1p3B,fwedu_1p3B_ckda-shipped-lowrank_1.3B_cosine100B_gbs128_lr0.0004,116736,61.203,10,256,128,0.2890625,0.95703125,0.05718994140625,0.421875,0.9163209795951843,0.9128234386444092,2.0287346177727548,0.07712255245199434
fwedu_1p3B,fwedu_1p3B_ckda-shipped-lowrank_1.3B_cosine100B_gbs128_lr0.0004,116736,61.203,11,256,128,0.234375,0.82421875,0.0311279296875,0.33203125,0.8474981784820557,0.9490295648574829,2.3237883037749727,0.12174497537692583
fwedu_1p3B,fwedu_1p3B_ckda-shipped-lowrank_1.3B_cosine100B_gbs128_lr0.0004,116736,61.203,12,256,128,0.32421875,0.8671875,0.038482666015625,0.49609375,0.9948132038116455,0.9646418690681458,2.0996638895389883,0.1221158836647886
fwedu_1p3B,fwedu_1p3B_ckda-shipped-lowrank_1.3B_cosine100B_gbs128_lr0.0004,116736,61.203,13,256,128,0.25,0.79296875,0.022491455078125,0.47265625,0.9462516903877258,0.9734727740287781,2.161369381739334,0.11136220627533638
fwedu_1p3B,fwedu_1p3B_ckda-shipped-lowrank_1.3B_cosine100B_gbs128_lr0.0004,116736,61.203,14,256,128,0.2109375,0.703125,0.018341064453125,0.43359375,0.9341721534729004,0.9912679195404053,2.1340812530514386,0.13219332984321067
fwedu_1p3B,fwedu_1p3B_ckda-shipped-lowrank_1.3B_cosine100B_gbs128_lr0.0004,116736,61.203,15,256,128,0.203125,0.80859375,0.03094482421875,0.3984375,0.8647588491439819,0.9838420748710632,2.3108592940293935,0.07431746216541157
fwedu_1p3B,fwedu_1p3B_ckda-shipped-lowrank_1.3B_cosine100B_gbs128_lr0.0004,116736,61.203,16,256,128,0.19140625,0.83203125,0.0234375,0.3359375,0.8262954354286194,0.9802752137184143,2.1729799631989293,0.08218248249385585
fwedu_1p3B,fwedu_1p3B_ckda-shipped-lowrank_1.3B_cosine100B_gbs128_lr0.0004,116736,61.203,17,256,128,0.1640625,0.765625,0.022216796875,0.29296875,0.7900957465171814,0.9896061420440674,1.7170953474170871,0.09904704978831674
fwedu_1p3B,fwedu_1p3B_ckda-shipped-lowrank_1.3B_cosine100B_gbs128_lr0.0004,116736,61.203,18,256,128,0.15234375,0.71875,0.02703857421875,0.2578125,0.7673987150192261,0.9743927717208862,1.9451730060073986,0.09120992699628348
fwedu_1p3B,fwedu_1p3B_ckda-shipped-lowrank_1.3B_cosine100B_gbs128_lr0.0004,116736,61.203,19,256,128,0.19921875,0.86328125,0.0245361328125,0.4140625,0.8854307532310486,0.9698435068130493,2.1718900952290445,0.09236307642058952
fwedu_1p3B,fwedu_1p3B_ckda-shipped-lowrank_1.3B_cosine100B_gbs128_lr0.0004,116736,61.203,20,256,128,0.1875,0.7578125,0.03314208984375,0.3671875,0.8354740738868713,0.8853371739387512,1.6904490096838845,0.08172650773308827
fwedu_1p3B,fwedu_1p3B_ckda-shipped-lowrank_1.3B_cosine100B_gbs128_lr0.0004,116736,61.203,21,256,128,0.09375,0.83984375,0.031280517578125,0.171875,0.5725723505020142,0.9883947372436523,2.1553643283272814,0.11667104331449676
fwedu_1p3B,fwedu_1p3B_ckda-shipped-lowrank_1.3B_cosine100B_gbs128_lr0.0004,116736,61.203,22,256,128,0.05859375,0.9296875,0.03680419921875,0.07421875,0.4937666654586792,0.9932770133018494,1.9536131735288074,0.066545439234447
fwedu_1p3B,fwedu_1p3B_ckda-shipped-lowrank_1.3B_cosine100B_gbs128_lr0.0004,116736,61.203,23,256,128,0.16796875,0.8359375,0.027008056640625,0.3828125,0.9069727659225464,0.9493975639343262,2.0869155452277433,0.061240919135799876
fwedu_1p3B,fwedu_1p3B_ckda-shipped-lowrank_1.3B_cosine100B_gbs128_lr0.0004,126464,66.304,0,256,128,0.50390625,1.0,0.220428466796875,0.5625,1.1288459300994873,0.7441116571426392,1.821252155632655,0.07952112542016876
fwedu_1p3B,fwedu_1p3B_ckda-shipped-lowrank_1.3B_cosine100B_gbs128_lr0.0004,126464,66.304,1,256,128,0.2890625,0.9921875,0.14971923828125,0.36328125,0.9313042163848877,0.4291078448295593,2.369890085803619,0.059844606111639956
fwedu_1p3B,fwedu_1p3B_ckda-shipped-lowrank_1.3B_cosine100B_gbs128_lr0.0004,126464,66.304,2,256,128,0.1484375,0.9765625,0.118896484375,0.23046875,0.8608686923980713,0.4782244861125946,2.4388150771856263,0.07425668491316167
fwedu_1p3B,fwedu_1p3B_ckda-shipped-lowrank_1.3B_cosine100B_gbs128_lr0.0004,126464,66.304,3,256,128,0.12890625,0.890625,0.088348388671875,0.3046875,0.8554441928863525,0.5395435094833374,2.33690607919978,0.0666443319139759
fwedu_1p3B,fwedu_1p3B_ckda-shipped-lowrank_1.3B_cosine100B_gbs128_lr0.0004,126464,66.304,4,256,128,0.1640625,0.96875,0.098785400390625,0.265625,0.7967900037765503,0.6523413062095642,2.0523115619880206,0.04981467773244012
fwedu_1p3B,fwedu_1p3B_ckda-shipped-lowrank_1.3B_cosine100B_gbs128_lr0.0004,126464,66.304,5,256,128,0.18359375,0.93359375,0.126922607421875,0.28515625,0.8467467427253723,0.4532523453235626,2.243630545488962,0.0765160842894605
fwedu_1p3B,fwedu_1p3B_ckda-shipped-lowrank_1.3B_cosine100B_gbs128_lr0.0004,126464,66.304,6,256,128,0.171875,0.90625,0.058837890625,0.2890625,0.8671292662620544,0.7874689698219299,2.1917392429349962,0.09687059762518423
fwedu_1p3B,fwedu_1p3B_ckda-shipped-lowrank_1.3B_cosine100B_gbs128_lr0.0004,126464,66.304,7,256,128,0.2109375,0.88671875,0.068328857421875,0.375,0.8999728560447693,0.8083261251449585,2.445402517447816,0.09576284798061696
fwedu_1p3B,fwedu_1p3B_ckda-shipped-lowrank_1.3B_cosine100B_gbs128_lr0.0004,126464,66.304,8,256,128,0.25390625,0.9140625,0.048553466796875,0.38671875,0.8919306397438049,0.902130663394928,1.9428793592299891,0.0767603230462376
fwedu_1p3B,fwedu_1p3B_ckda-shipped-lowrank_1.3B_cosine100B_gbs128_lr0.0004,126464,66.304,9,256,128,0.21484375,0.91015625,0.04888916015625,0.30078125,0.7610045671463013,0.9270206689834595,2.252438232022692,0.0713628698117345
fwedu_1p3B,fwedu_1p3B_ckda-shipped-lowrank_1.3B_cosine100B_gbs128_lr0.0004,126464,66.304,10,256,128,0.296875,0.96484375,0.05419921875,0.43359375,0.9218048453330994,0.9134802222251892,2.058655545762329,0.08319912303231994
fwedu_1p3B,fwedu_1p3B_ckda-shipped-lowrank_1.3B_cosine100B_gbs128_lr0.0004,126464,66.304,11,256,128,0.203125,0.859375,0.028839111328125,0.31640625,0.8362514972686768,0.9516226053237915,2.056341013393344,0.10522905101539914
fwedu_1p3B,fwedu_1p3B_ckda-shipped-lowrank_1.3B_cosine100B_gbs128_lr0.0004,126464,66.304,12,256,128,0.3515625,0.84765625,0.037994384765625,0.51953125,0.9947418570518494,0.9650461077690125,2.08301705877516,0.09964445537757752
fwedu_1p3B,fwedu_1p3B_ckda-shipped-lowrank_1.3B_cosine100B_gbs128_lr0.0004,126464,66.304,13,256,128,0.23046875,0.78515625,0.023193359375,0.453125,0.9456441402435303,0.9733646512031555,1.8745238930532366,0.1279461265244079
fwedu_1p3B,fwedu_1p3B_ckda-shipped-lowrank_1.3B_cosine100B_gbs128_lr0.0004,126464,66.304,14,256,128,0.22265625,0.6875,0.017791748046875,0.4375,0.9354207515716553,0.9918447136878967,2.088313869266476,0.11893425498379231
fwedu_1p3B,fwedu_1p3B_ckda-shipped-lowrank_1.3B_cosine100B_gbs128_lr0.0004,126464,66.304,15,256,128,0.22265625,0.7734375,0.028533935546875,0.4296875,0.8761471509933472,0.9852359294891357,2.287303258020161,0.08253739003102742
fwedu_1p3B,fwedu_1p3B_ckda-shipped-lowrank_1.3B_cosine100B_gbs128_lr0.0004,126464,66.304,16,256,128,0.203125,0.8046875,0.024200439453125,0.328125,0.8269388675689697,0.97980135679245,2.1930137052040335,0.08109146281504825
fwedu_1p3B,fwedu_1p3B_ckda-shipped-lowrank_1.3B_cosine100B_gbs128_lr0.0004,126464,66.304,17,256,128,0.18359375,0.75,0.020416259765625,0.31640625,0.7936003804206848,0.9904223680496216,1.692730312448157,0.10627820134393985
fwedu_1p3B,fwedu_1p3B_ckda-shipped-lowrank_1.3B_cosine100B_gbs128_lr0.0004,126464,66.304,18,256,128,0.13671875,0.7265625,0.025146484375,0.265625,0.7749254703521729,0.9748834371566772,2.1142021659646537,0.12294865748249523
fwedu_1p3B,fwedu_1p3B_ckda-shipped-lowrank_1.3B_cosine100B_gbs128_lr0.0004,126464,66.304,19,256,128,0.22265625,0.84375,0.024261474609375,0.44921875,0.897177517414093,0.9700348973274231,2.1955896112249764,0.07247741492719399
fwedu_1p3B,fwedu_1p3B_ckda-shipped-lowrank_1.3B_cosine100B_gbs128_lr0.0004,126464,66.304,20,256,128,0.19921875,0.78125,0.0357666015625,0.390625,0.8515169620513916,0.8796225786209106,1.9476266632345565,0.08916510859227908
fwedu_1p3B,fwedu_1p3B_ckda-shipped-lowrank_1.3B_cosine100B_gbs128_lr0.0004,126464,66.304,21,256,128,0.08984375,0.8125,0.033203125,0.14453125,0.5672165155410767,0.988686740398407,2.3446020065072366,0.10935770113290114
fwedu_1p3B,fwedu_1p3B_ckda-shipped-lowrank_1.3B_cosine100B_gbs128_lr0.0004,126464,66.304,22,256,128,0.06640625,0.9453125,0.036590576171875,0.1015625,0.5002565383911133,0.992513120174408,1.9531962601850978,0.09814086839427325
fwedu_1p3B,fwedu_1p3B_ckda-shipped-lowrank_1.3B_cosine100B_gbs128_lr0.0004,126464,66.304,23,256,128,0.203125,0.8125,0.031494140625,0.421875,0.9224672317504883,0.9453566074371338,2.238629009556152,0.07435409966982592
fwedu_1p3B,fwedu_1p3B_ckda-shipped-lowrank_1.3B_cosine100B_gbs128_lr0.0004,136192,71.404,0,256,128,0.5,1.0,0.219879150390625,0.59375,1.1517999172210693,0.745159387588501,1.8601547047087847,0.07692154100827109
fwedu_1p3B,fwedu_1p3B_ckda-shipped-lowrank_1.3B_cosine100B_gbs128_lr0.0004,136192,71.404,1,256,128,0.328125,0.99609375,0.148162841796875,0.40625,0.9516981244087219,0.4277527630329132,2.4391035138891493,0.054394672077986005
fwedu_1p3B,fwedu_1p3B_ckda-shipped-lowrank_1.3B_cosine100B_gbs128_lr0.0004,136192,71.404,2,256,128,0.1328125,0.99609375,0.117706298828125,0.2578125,0.8848689794540405,0.4898437559604645,2.4343629849406696,0.07247656890953273
fwedu_1p3B,fwedu_1p3B_ckda-shipped-lowrank_1.3B_cosine100B_gbs128_lr0.0004,136192,71.404,3,256,128,0.1796875,0.9375,0.091705322265625,0.33203125,0.8800807595252991,0.5379394888877869,2.3985199342374557,0.05486309050755762
fwedu_1p3B,fwedu_1p3B_ckda-shipped-lowrank_1.3B_cosine100B_gbs128_lr0.0004,136192,71.404,4,256,128,0.1484375,0.953125,0.10003662109375,0.23828125,0.8113498687744141,0.6529326438903809,2.224141605967417,0.05864144964304711
fwedu_1p3B,fwedu_1p3B_ckda-shipped-lowrank_1.3B_cosine100B_gbs128_lr0.0004,136192,71.404,5,256,128,0.1953125,0.921875,0.12548828125,0.30078125,0.8643890619277954,0.4566228985786438,2.179508449525837,0.07034096545574056
fwedu_1p3B,fwedu_1p3B_ckda-shipped-lowrank_1.3B_cosine100B_gbs128_lr0.0004,136192,71.404,6,256,128,0.19140625,0.87890625,0.0570068359375,0.28515625,0.8766340613365173,0.794711709022522,2.4087238713818193,0.08263344747652746
fwedu_1p3B,fwedu_1p3B_ckda-shipped-lowrank_1.3B_cosine100B_gbs128_lr0.0004,136192,71.404,7,256,128,0.23046875,0.87109375,0.063232421875,0.37890625,0.9050533175468445,0.8091731667518616,2.484067532559515,0.09725944126679421
fwedu_1p3B,fwedu_1p3B_ckda-shipped-lowrank_1.3B_cosine100B_gbs128_lr0.0004,136192,71.404,8,256,128,0.23828125,0.921875,0.049896240234375,0.37109375,0.8978694081306458,0.9007492661476135,1.9740334308375798,0.08737248397586932
fwedu_1p3B,fwedu_1p3B_ckda-shipped-lowrank_1.3B_cosine100B_gbs128_lr0.0004,136192,71.404,9,256,128,0.23046875,0.89453125,0.048614501953125,0.30078125,0.7675694227218628,0.9245367050170898,2.2199076212277205,0.0749864315023902
fwedu_1p3B,fwedu_1p3B_ckda-shipped-lowrank_1.3B_cosine100B_gbs128_lr0.0004,136192,71.404,10,256,128,0.29296875,0.95703125,0.05572509765625,0.44140625,0.9348793029785156,0.9109904170036316,2.0191632585568886,0.09847459121943518
fwedu_1p3B,fwedu_1p3B_ckda-shipped-lowrank_1.3B_cosine100B_gbs128_lr0.0004,136192,71.404,11,256,128,0.2109375,0.83984375,0.030487060546875,0.33203125,0.8567692041397095,0.950066328048706,1.8606455694401403,0.11438111785921183
fwedu_1p3B,fwedu_1p3B_ckda-shipped-lowrank_1.3B_cosine100B_gbs128_lr0.0004,136192,71.404,12,256,128,0.33984375,0.84765625,0.036834716796875,0.5078125,1.0026652812957764,0.9648377895355225,2.1616634533598305,0.10752987967922432
fwedu_1p3B,fwedu_1p3B_ckda-shipped-lowrank_1.3B_cosine100B_gbs128_lr0.0004,136192,71.404,13,256,128,0.23828125,0.76953125,0.0224609375,0.47265625,0.9507211446762085,0.9739318490028381,1.8888086001213822,0.11762731233633751
fwedu_1p3B,fwedu_1p3B_ckda-shipped-lowrank_1.3B_cosine100B_gbs128_lr0.0004,136192,71.404,14,256,128,0.21875,0.67578125,0.017669677734375,0.4296875,0.9388114809989929,0.9913936853408813,1.9793755594038132,0.12523863245938993
fwedu_1p3B,fwedu_1p3B_ckda-shipped-lowrank_1.3B_cosine100B_gbs128_lr0.0004,136192,71.404,15,256,128,0.23828125,0.81640625,0.030792236328125,0.44140625,0.8873379230499268,0.9848829507827759,2.20727920117268,0.07272001194211435
fwedu_1p3B,fwedu_1p3B_ckda-shipped-lowrank_1.3B_cosine100B_gbs128_lr0.0004,136192,71.404,16,256,128,0.2265625,0.82421875,0.024139404296875,0.3515625,0.8401800394058228,0.9799361228942871,2.1377561774346123,0.07411806344976743
fwedu_1p3B,fwedu_1p3B_ckda-shipped-lowrank_1.3B_cosine100B_gbs128_lr0.0004,136192,71.404,17,256,128,0.20703125,0.76171875,0.02105712890625,0.3203125,0.8080875873565674,0.9906131029129028,1.7303752678321902,0.10375432953906254
fwedu_1p3B,fwedu_1p3B_ckda-shipped-lowrank_1.3B_cosine100B_gbs128_lr0.0004,136192,71.404,18,256,128,0.15625,0.734375,0.027679443359375,0.28515625,0.7875808477401733,0.9750821590423584,2.1124711265490532,0.10619762626039356
fwedu_1p3B,fwedu_1p3B_ckda-shipped-lowrank_1.3B_cosine100B_gbs128_lr0.0004,136192,71.404,19,256,128,0.2109375,0.8359375,0.02398681640625,0.42578125,0.9011354446411133,0.969856858253479,2.259491630466319,0.09376882385277524
fwedu_1p3B,fwedu_1p3B_ckda-shipped-lowrank_1.3B_cosine100B_gbs128_lr0.0004,136192,71.404,20,256,128,0.203125,0.78125,0.03631591796875,0.421875,0.8659839034080505,0.8816384077072144,1.6173353302708953,0.0801926519854477
fwedu_1p3B,fwedu_1p3B_ckda-shipped-lowrank_1.3B_cosine100B_gbs128_lr0.0004,136192,71.404,21,256,128,0.08984375,0.83984375,0.032928466796875,0.1484375,0.569682776927948,0.9893551468849182,1.8800540545207,0.10971407668807538
fwedu_1p3B,fwedu_1p3B_ckda-shipped-lowrank_1.3B_cosine100B_gbs128_lr0.0004,136192,71.404,22,256,128,0.078125,0.93359375,0.035858154296875,0.1171875,0.5148966312408447,0.9930418133735657,1.9583870807541135,0.05402814692329121
fwedu_1p3B,fwedu_1p3B_ckda-shipped-lowrank_1.3B_cosine100B_gbs128_lr0.0004,136192,71.404,23,256,128,0.1953125,0.8203125,0.0321044921875,0.421875,0.9208045601844788,0.9438154697418213,2.2525348895201556,0.06790921305734163
fwedu_1p3B,fwedu_1p3B_ckda-shipped-lowrank_1.3B_cosine100B_gbs128_lr0.0004,145920,76.504,0,256,128,0.55859375,1.0,0.217803955078125,0.6328125,1.1747465133666992,0.7542646527290344,1.951212806675771,0.08075738213402307
fwedu_1p3B,fwedu_1p3B_ckda-shipped-lowrank_1.3B_cosine100B_gbs128_lr0.0004,145920,76.504,1,256,128,0.3359375,1.0,0.142913818359375,0.4375,0.9717437624931335,0.4262925088405609,2.3953128819925746,0.05784336316190749
fwedu_1p3B,fwedu_1p3B_ckda-shipped-lowrank_1.3B_cosine100B_gbs128_lr0.0004,145920,76.504,2,256,128,0.1640625,0.98828125,0.120574951171875,0.30078125,0.9044886827468872,0.47991764545440674,2.5150802022649064,0.07273453522106435
fwedu_1p3B,fwedu_1p3B_ckda-shipped-lowrank_1.3B_cosine100B_gbs128_lr0.0004,145920,76.504,3,256,128,0.18359375,0.88671875,0.0836181640625,0.34375,0.8999795317649841,0.5289813280105591,2.4925138862477327,0.06396856781282881
fwedu_1p3B,fwedu_1p3B_ckda-shipped-lowrank_1.3B_cosine100B_gbs128_lr0.0004,145920,76.504,4,256,128,0.14453125,0.953125,0.09796142578125,0.2578125,0.8285929560661316,0.6539173722267151,1.9864200000483392,0.05751656837589963
fwedu_1p3B,fwedu_1p3B_ckda-shipped-lowrank_1.3B_cosine100B_gbs128_lr0.0004,145920,76.504,5,256,128,0.20703125,0.9296875,0.120574951171875,0.3125,0.8829641938209534,0.45701009035110474,2.0092585316722973,0.07211993168107693
fwedu_1p3B,fwedu_1p3B_ckda-shipped-lowrank_1.3B_cosine100B_gbs128_lr0.0004,145920,76.504,6,256,128,0.17578125,0.87109375,0.05413818359375,0.32421875,0.8882220983505249,0.7926684617996216,2.2209425934151135,0.09084204600663287
fwedu_1p3B,fwedu_1p3B_ckda-shipped-lowrank_1.3B_cosine100B_gbs128_lr0.0004,145920,76.504,7,256,128,0.21875,0.86328125,0.063507080078125,0.38671875,0.9151336550712585,0.8109628558158875,2.4331695411256558,0.0996220655026478
fwedu_1p3B,fwedu_1p3B_ckda-shipped-lowrank_1.3B_cosine100B_gbs128_lr0.0004,145920,76.504,8,256,128,0.2578125,0.8984375,0.046783447265625,0.390625,0.9032770991325378,0.9060375094413757,1.7761781769860783,0.07869030914554892
fwedu_1p3B,fwedu_1p3B_ckda-shipped-lowrank_1.3B_cosine100B_gbs128_lr0.0004,145920,76.504,9,256,128,0.21875,0.921875,0.046051025390625,0.27734375,0.7696691751480103,0.9302294254302979,2.378338473758351,0.07922844045380692
fwedu_1p3B,fwedu_1p3B_ckda-shipped-lowrank_1.3B_cosine100B_gbs128_lr0.0004,145920,76.504,10,256,128,0.33984375,0.98046875,0.055694580078125,0.453125,0.938973069190979,0.9122490286827087,2.0994241562456697,0.07768151176319509
fwedu_1p3B,fwedu_1p3B_ckda-shipped-lowrank_1.3B_cosine100B_gbs128_lr0.0004,145920,76.504,11,256,128,0.20703125,0.84375,0.027008056640625,0.34765625,0.8537209630012512,0.9509053826332092,1.8973734935700366,0.11399483212621608
fwedu_1p3B,fwedu_1p3B_ckda-shipped-lowrank_1.3B_cosine100B_gbs128_lr0.0004,145920,76.504,12,256,128,0.3359375,0.875,0.0364990234375,0.50390625,1.009594202041626,0.9652732014656067,2.0170057842255478,0.11089756688275562
fwedu_1p3B,fwedu_1p3B_ckda-shipped-lowrank_1.3B_cosine100B_gbs128_lr0.0004,145920,76.504,13,256,128,0.25390625,0.7890625,0.0213623046875,0.48046875,0.9564003944396973,0.9743326902389526,2.097423887809129,0.13361643446333088
fwedu_1p3B,fwedu_1p3B_ckda-shipped-lowrank_1.3B_cosine100B_gbs128_lr0.0004,145920,76.504,14,256,128,0.22265625,0.69140625,0.0166015625,0.4375,0.9394991397857666,0.9914973974227905,2.085308273412615,0.12276909787181478
fwedu_1p3B,fwedu_1p3B_ckda-shipped-lowrank_1.3B_cosine100B_gbs128_lr0.0004,145920,76.504,15,256,128,0.2734375,0.8046875,0.029388427734375,0.44140625,0.8837055563926697,0.9847848415374756,2.1389676137285325,0.06908198861637568
fwedu_1p3B,fwedu_1p3B_ckda-shipped-lowrank_1.3B_cosine100B_gbs128_lr0.0004,145920,76.504,16,256,128,0.2421875,0.81640625,0.02288818359375,0.36328125,0.8413752317428589,0.9802871942520142,1.9895387776132876,0.07533014320362086
fwedu_1p3B,fwedu_1p3B_ckda-shipped-lowrank_1.3B_cosine100B_gbs128_lr0.0004,145920,76.504,17,256,128,0.20703125,0.76171875,0.020751953125,0.31640625,0.8107044696807861,0.9902633428573608,1.5829231374323476,0.09899227475088494
fwedu_1p3B,fwedu_1p3B_ckda-shipped-lowrank_1.3B_cosine100B_gbs128_lr0.0004,145920,76.504,18,256,128,0.1640625,0.734375,0.025787353515625,0.30078125,0.7951122522354126,0.9741133451461792,2.014653880508529,0.12266439710031057
fwedu_1p3B,fwedu_1p3B_ckda-shipped-lowrank_1.3B_cosine100B_gbs128_lr0.0004,145920,76.504,19,256,128,0.2265625,0.82421875,0.02349853515625,0.4375,0.9055095911026001,0.9695576429367065,2.104113338311005,0.08441152474085045
fwedu_1p3B,fwedu_1p3B_ckda-shipped-lowrank_1.3B_cosine100B_gbs128_lr0.0004,145920,76.504,20,256,128,0.20703125,0.78125,0.03363037109375,0.4296875,0.87140953540802,0.8807373046875,1.7361448797560424,0.08816669043683219
fwedu_1p3B,fwedu_1p3B_ckda-shipped-lowrank_1.3B_cosine100B_gbs128_lr0.0004,145920,76.504,21,256,128,0.08984375,0.83984375,0.0318603515625,0.171875,0.5772147178649902,0.9886749982833862,2.093085222367176,0.0916963839658343
fwedu_1p3B,fwedu_1p3B_ckda-shipped-lowrank_1.3B_cosine100B_gbs128_lr0.0004,145920,76.504,22,256,128,0.09375,0.93359375,0.03448486328125,0.12109375,0.5166172981262207,0.9930604100227356,1.9702128524127094,0.0573166570988121
fwedu_1p3B,fwedu_1p3B_ckda-shipped-lowrank_1.3B_cosine100B_gbs128_lr0.0004,145920,76.504,23,256,128,0.22265625,0.8359375,0.031829833984375,0.44140625,0.9341200590133667,0.9437163472175598,2.227065506721076,0.07632919552481879
fwedu_1p3B,fwedu_1p3B_ckda-shipped-lowrank_1.3B_cosine100B_gbs128_lr0.0004,154460,80.982,0,256,128,0.56640625,1.0,0.220611572265625,0.66796875,1.1954541206359863,0.7688512802124023,1.8770152808385392,0.0757658254645956
fwedu_1p3B,fwedu_1p3B_ckda-shipped-lowrank_1.3B_cosine100B_gbs128_lr0.0004,154460,80.982,1,256,128,0.37109375,1.0,0.144500732421875,0.4609375,0.9880569577217102,0.42472365498542786,2.394674487732953,0.05955296977790301
fwedu_1p3B,fwedu_1p3B_ckda-shipped-lowrank_1.3B_cosine100B_gbs128_lr0.0004,154460,80.982,2,256,128,0.19921875,0.99609375,0.1224365234375,0.3359375,0.9221124649047852,0.48000940680503845,2.404939456303426,0.06646309547129971
fwedu_1p3B,fwedu_1p3B_ckda-shipped-lowrank_1.3B_cosine100B_gbs128_lr0.0004,154460,80.982,3,256,128,0.1953125,0.89453125,0.090667724609375,0.37109375,0.9157356023788452,0.5273454189300537,2.3943876703772755,0.0576114257576916
fwedu_1p3B,fwedu_1p3B_ckda-shipped-lowrank_1.3B_cosine100B_gbs128_lr0.0004,154460,80.982,4,256,128,0.1796875,0.9609375,0.100677490234375,0.3046875,0.8370387554168701,0.6394248604774475,2.2087631365798526,0.05737245574251634
fwedu_1p3B,fwedu_1p3B_ckda-shipped-lowrank_1.3B_cosine100B_gbs128_lr0.0004,154460,80.982,5,256,128,0.2265625,0.9375,0.123870849609375,0.33203125,0.8892373442649841,0.4567146301269531,2.0940320701971142,0.07572127267868442
fwedu_1p3B,fwedu_1p3B_ckda-shipped-lowrank_1.3B_cosine100B_gbs128_lr0.0004,154460,80.982,6,256,128,0.18359375,0.85546875,0.0533447265625,0.328125,0.9024755954742432,0.7940724492073059,2.341231530355919,0.09192214712512985
fwedu_1p3B,fwedu_1p3B_ckda-shipped-lowrank_1.3B_cosine100B_gbs128_lr0.0004,154460,80.982,7,256,128,0.2421875,0.85546875,0.065277099609375,0.41015625,0.9308741092681885,0.806215226650238,2.4258860013836774,0.08531784432478162
fwedu_1p3B,fwedu_1p3B_ckda-shipped-lowrank_1.3B_cosine100B_gbs128_lr0.0004,154460,80.982,8,256,128,0.27734375,0.9296875,0.047271728515625,0.41796875,0.9252947568893433,0.8992247581481934,1.946655353903813,0.08107834000861545
fwedu_1p3B,fwedu_1p3B_ckda-shipped-lowrank_1.3B_cosine100B_gbs128_lr0.0004,154460,80.982,9,256,128,0.234375,0.91796875,0.048858642578125,0.32421875,0.7826858162879944,0.9266005754470825,1.9685489995396483,0.0703301753742738
fwedu_1p3B,fwedu_1p3B_ckda-shipped-lowrank_1.3B_cosine100B_gbs128_lr0.0004,154460,80.982,10,256,128,0.3515625,0.95703125,0.05462646484375,0.46484375,0.9518582820892334,0.9127461314201355,2.0637921480324435,0.08277622769705002
fwedu_1p3B,fwedu_1p3B_ckda-shipped-lowrank_1.3B_cosine100B_gbs128_lr0.0004,154460,80.982,11,256,128,0.22265625,0.828125,0.02764892578125,0.359375,0.8695971369743347,0.9514375329017639,1.985925783175149,0.12131235393487613
fwedu_1p3B,fwedu_1p3B_ckda-shipped-lowrank_1.3B_cosine100B_gbs128_lr0.0004,154460,80.982,12,256,128,0.3359375,0.890625,0.037445068359375,0.515625,1.0158839225769043,0.9647892117500305,1.9918491133510368,0.11458713145795209
fwedu_1p3B,fwedu_1p3B_ckda-shipped-lowrank_1.3B_cosine100B_gbs128_lr0.0004,154460,80.982,13,256,128,0.26171875,0.796875,0.020843505859375,0.5078125,0.9583632946014404,0.9753878712654114,2.137559891893373,0.1062144057480923
fwedu_1p3B,fwedu_1p3B_ckda-shipped-lowrank_1.3B_cosine100B_gbs128_lr0.0004,154460,80.982,14,256,128,0.2421875,0.6953125,0.01788330078125,0.46484375,0.9514093399047852,0.9918665885925293,1.835744139739858,0.13398051347209267
fwedu_1p3B,fwedu_1p3B_ckda-shipped-lowrank_1.3B_cosine100B_gbs128_lr0.0004,154460,80.982,15,256,128,0.26953125,0.80859375,0.031524658203125,0.44921875,0.9014625549316406,0.984929621219635,1.9707145552909102,0.07514951988481525
fwedu_1p3B,fwedu_1p3B_ckda-shipped-lowrank_1.3B_cosine100B_gbs128_lr0.0004,154460,80.982,16,256,128,0.21484375,0.83984375,0.02215576171875,0.359375,0.8483458757400513,0.9801641702651978,2.1535197957006083,0.08566200214495091
fwedu_1p3B,fwedu_1p3B_ckda-shipped-lowrank_1.3B_cosine100B_gbs128_lr0.0004,154460,80.982,17,256,128,0.19921875,0.74609375,0.019622802734375,0.3515625,0.8117874264717102,0.990443766117096,1.691652396291438,0.1034061979270679
fwedu_1p3B,fwedu_1p3B_ckda-shipped-lowrank_1.3B_cosine100B_gbs128_lr0.0004,154460,80.982,18,256,128,0.17578125,0.7578125,0.026031494140625,0.2890625,0.7972928285598755,0.974862277507782,1.89376605525596,0.09986456465300685
fwedu_1p3B,fwedu_1p3B_ckda-shipped-lowrank_1.3B_cosine100B_gbs128_lr0.0004,154460,80.982,19,256,128,0.23046875,0.83984375,0.024810791015625,0.453125,0.9145283699035645,0.9693843126296997,2.4415177227354454,0.07589617453688549
fwedu_1p3B,fwedu_1p3B_ckda-shipped-lowrank_1.3B_cosine100B_gbs128_lr0.0004,154460,80.982,20,256,128,0.20703125,0.79296875,0.037078857421875,0.44140625,0.8819947242736816,0.8744759559631348,1.857067481541498,0.0854683380219433
fwedu_1p3B,fwedu_1p3B_ckda-shipped-lowrank_1.3B_cosine100B_gbs128_lr0.0004,154460,80.982,21,256,128,0.08984375,0.82421875,0.032470703125,0.19140625,0.5847243070602417,0.9888096451759338,1.727955785909102,0.09956077388847044
fwedu_1p3B,fwedu_1p3B_ckda-shipped-lowrank_1.3B_cosine100B_gbs128_lr0.0004,154460,80.982,22,256,128,0.08203125,0.9296875,0.03326416015625,0.12890625,0.5170985460281372,0.9929357171058655,1.8877925785589151,0.05664347704786068
fwedu_1p3B,fwedu_1p3B_ckda-shipped-lowrank_1.3B_cosine100B_gbs128_lr0.0004,154460,80.982,23,256,128,0.234375,0.8359375,0.030242919921875,0.45703125,0.9423491954803467,0.9435595870018005,2.159467619216762,0.07134543179694904
fwedu_1p3B,fwedu_1p3B_ckda-shipped-lowrank_1.3B_cosine100B_gbs128_lr0.0004,155648,81.604,0,256,128,0.60546875,1.0,0.220428466796875,0.671875,1.19847571849823,0.7647565007209778,1.8826429819756412,0.08460462093987452
fwedu_1p3B,fwedu_1p3B_ckda-shipped-lowrank_1.3B_cosine100B_gbs128_lr0.0004,155648,81.604,1,256,128,0.37109375,1.0,0.145477294921875,0.46484375,0.991132378578186,0.42412614822387695,2.351145136636993,0.06422662387863515
fwedu_1p3B,fwedu_1p3B_ckda-shipped-lowrank_1.3B_cosine100B_gbs128_lr0.0004,155648,81.604,2,256,128,0.1953125,0.9921875,0.115936279296875,0.328125,0.9230883121490479,0.48266974091529846,2.267391604930636,0.0748675214514199
fwedu_1p3B,fwedu_1p3B_ckda-shipped-lowrank_1.3B_cosine100B_gbs128_lr0.0004,155648,81.604,3,256,128,0.18359375,0.89453125,0.089599609375,0.3671875,0.9185703992843628,0.5303010940551758,2.521758830434873,0.06919024119550005
fwedu_1p3B,fwedu_1p3B_ckda-shipped-lowrank_1.3B_cosine100B_gbs128_lr0.0004,155648,81.604,4,256,128,0.1796875,0.95703125,0.10546875,0.30078125,0.839707612991333,0.640375554561615,2.2908992186621773,0.048094508455269316
fwedu_1p3B,fwedu_1p3B_ckda-shipped-lowrank_1.3B_cosine100B_gbs128_lr0.0004,155648,81.604,5,256,128,0.23828125,0.94140625,0.123870849609375,0.32421875,0.8904973864555359,0.45575273036956787,2.076343506440885,0.06277106806171272
fwedu_1p3B,fwedu_1p3B_ckda-shipped-lowrank_1.3B_cosine100B_gbs128_lr0.0004,155648,81.604,6,256,128,0.1953125,0.87109375,0.053192138671875,0.328125,0.9049021005630493,0.7940162420272827,2.3301752668694453,0.08323536561021352
fwedu_1p3B,fwedu_1p3B_ckda-shipped-lowrank_1.3B_cosine100B_gbs128_lr0.0004,155648,81.604,7,256,128,0.23828125,0.8671875,0.0631103515625,0.40625,0.9263242483139038,0.8099071383476257,2.5035204322746947,0.08531650811650168
fwedu_1p3B,fwedu_1p3B_ckda-shipped-lowrank_1.3B_cosine100B_gbs128_lr0.0004,155648,81.604,8,256,128,0.2578125,0.9140625,0.046295166015625,0.41796875,0.9230877757072449,0.9009087681770325,2.1018296695398204,0.07968049912932268
fwedu_1p3B,fwedu_1p3B_ckda-shipped-lowrank_1.3B_cosine100B_gbs128_lr0.0004,155648,81.604,9,256,128,0.21875,0.9296875,0.04949951171875,0.31640625,0.78196120262146,0.9273955821990967,2.025608343363722,0.07443254857371312
fwedu_1p3B,fwedu_1p3B_ckda-shipped-lowrank_1.3B_cosine100B_gbs128_lr0.0004,155648,81.604,10,256,128,0.3203125,0.98046875,0.055694580078125,0.46875,0.9530405402183533,0.9103714227676392,2.18541895602543,0.08957989005252581
fwedu_1p3B,fwedu_1p3B_ckda-shipped-lowrank_1.3B_cosine100B_gbs128_lr0.0004,155648,81.604,11,256,128,0.2421875,0.82421875,0.02783203125,0.34765625,0.8715198636054993,0.9502183794975281,1.954815915014619,0.12147889802730516
fwedu_1p3B,fwedu_1p3B_ckda-shipped-lowrank_1.3B_cosine100B_gbs128_lr0.0004,155648,81.604,12,256,128,0.35546875,0.87109375,0.037506103515625,0.51953125,1.019864559173584,0.9633123874664307,2.1493229038476236,0.11008197711127701
fwedu_1p3B,fwedu_1p3B_ckda-shipped-lowrank_1.3B_cosine100B_gbs128_lr0.0004,155648,81.604,13,256,128,0.24609375,0.7890625,0.020538330078125,0.48828125,0.9558998346328735,0.9745698571205139,2.162629287975618,0.12310194809449847
fwedu_1p3B,fwedu_1p3B_ckda-shipped-lowrank_1.3B_cosine100B_gbs128_lr0.0004,155648,81.604,14,256,128,0.24609375,0.67578125,0.016632080078125,0.45703125,0.9476190805435181,0.9919728636741638,1.9191865886774915,0.11565080427598516
fwedu_1p3B,fwedu_1p3B_ckda-shipped-lowrank_1.3B_cosine100B_gbs128_lr0.0004,155648,81.604,15,256,128,0.2734375,0.796875,0.029296875,0.44140625,0.8998519778251648,0.9852436780929565,2.3261064348349993,0.08115819736195909
fwedu_1p3B,fwedu_1p3B_ckda-shipped-lowrank_1.3B_cosine100B_gbs128_lr0.0004,155648,81.604,16,256,128,0.21875,0.85546875,0.0228271484375,0.3671875,0.8462041020393372,0.9806344509124756,2.11625180396846,0.0829053379484795
fwedu_1p3B,fwedu_1p3B_ckda-shipped-lowrank_1.3B_cosine100B_gbs128_lr0.0004,155648,81.604,17,256,128,0.2109375,0.7578125,0.020294189453125,0.328125,0.8133023977279663,0.9902390241622925,1.6200339584365158,0.10385390781181866
fwedu_1p3B,fwedu_1p3B_ckda-shipped-lowrank_1.3B_cosine100B_gbs128_lr0.0004,155648,81.604,18,256,128,0.1484375,0.7734375,0.026336669921875,0.28125,0.7982655167579651,0.9746124148368835,1.8605865068684597,0.09496028930702928
fwedu_1p3B,fwedu_1p3B_ckda-shipped-lowrank_1.3B_cosine100B_gbs128_lr0.0004,155648,81.604,19,256,128,0.234375,0.828125,0.02374267578125,0.4609375,0.9175333976745605,0.9694326519966125,2.2053462687844134,0.08165499193293142
fwedu_1p3B,fwedu_1p3B_ckda-shipped-lowrank_1.3B_cosine100B_gbs128_lr0.0004,155648,81.604,20,256,128,0.20703125,0.80078125,0.036895751953125,0.44921875,0.8848676681518555,0.8757064938545227,1.754859367285801,0.0761651764149214
fwedu_1p3B,fwedu_1p3B_ckda-shipped-lowrank_1.3B_cosine100B_gbs128_lr0.0004,155648,81.604,21,256,128,0.109375,0.8203125,0.031402587890625,0.1796875,0.5822746753692627,0.9891372919082642,1.6379639487654156,0.07911705790469034
fwedu_1p3B,fwedu_1p3B_ckda-shipped-lowrank_1.3B_cosine100B_gbs128_lr0.0004,155648,81.604,22,256,128,0.0859375,0.921875,0.03326416015625,0.12109375,0.5240276455879211,0.9928168058395386,2.101633787340802,0.05809620781610446
fwedu_1p3B,fwedu_1p3B_ckda-shipped-lowrank_1.3B_cosine100B_gbs128_lr0.0004,155648,81.604,23,256,128,0.21484375,0.859375,0.030364990234375,0.47265625,0.9498218894004822,0.9442633390426636,2.117778510372418,0.06714223282312856
fwedu_1p3B,fwedu_1p3B_ckda-shipped-lowrank_1.3B_cosine100B_gbs128_lr0.0004,165376,86.705,0,256,128,0.65234375,1.0,0.21966552734375,0.72265625,1.2249987125396729,0.771956741809845,1.9462553802540752,0.09209916284585207
fwedu_1p3B,fwedu_1p3B_ckda-shipped-lowrank_1.3B_cosine100B_gbs128_lr0.0004,165376,86.705,1,256,128,0.41796875,0.9921875,0.145294189453125,0.48828125,1.0042221546173096,0.4216294288635254,2.307390528241975,0.05674866139516071
fwedu_1p3B,fwedu_1p3B_ckda-shipped-lowrank_1.3B_cosine100B_gbs128_lr0.0004,165376,86.705,2,256,128,0.21484375,0.984375,0.11431884765625,0.34375,0.9405282735824585,0.4783160388469696,2.293345771845548,0.06926385231265647
fwedu_1p3B,fwedu_1p3B_ckda-shipped-lowrank_1.3B_cosine100B_gbs128_lr0.0004,165376,86.705,3,256,128,0.1796875,0.8984375,0.090362548828125,0.38671875,0.9290511608123779,0.5269827842712402,2.4654618729633784,0.06386110370231093
fwedu_1p3B,fwedu_1p3B_ckda-shipped-lowrank_1.3B_cosine100B_gbs128_lr0.0004,165376,86.705,4,256,128,0.17578125,0.96875,0.096954345703125,0.31640625,0.8527525663375854,0.6397305727005005,2.241687211073959,0.04701071333057051
fwedu_1p3B,fwedu_1p3B_ckda-shipped-lowrank_1.3B_cosine100B_gbs128_lr0.0004,165376,86.705,5,256,128,0.22265625,0.94140625,0.12127685546875,0.34765625,0.9024032354354858,0.4473525881767273,2.264225344769959,0.06461403589900673
fwedu_1p3B,fwedu_1p3B_ckda-shipped-lowrank_1.3B_cosine100B_gbs128_lr0.0004,165376,86.705,6,256,128,0.203125,0.88671875,0.05548095703125,0.34765625,0.9170369505882263,0.7880762815475464,2.376422733737493,0.09035618508176282
fwedu_1p3B,fwedu_1p3B_ckda-shipped-lowrank_1.3B_cosine100B_gbs128_lr0.0004,165376,86.705,7,256,128,0.24609375,0.87890625,0.064300537109375,0.42578125,0.9415572881698608,0.803795576095581,2.454808519041408,0.09742485445386151
fwedu_1p3B,fwedu_1p3B_ckda-shipped-lowrank_1.3B_cosine100B_gbs128_lr0.0004,165376,86.705,8,256,128,0.26953125,0.90625,0.046905517578125,0.41796875,0.9299762845039368,0.9012599587440491,1.7619809796448818,0.08891222402791832
fwedu_1p3B,fwedu_1p3B_ckda-shipped-lowrank_1.3B_cosine100B_gbs128_lr0.0004,165376,86.705,9,256,128,0.234375,0.8984375,0.047943115234375,0.33203125,0.7898495197296143,0.9265225529670715,2.0583126765811297,0.06841956141411812
fwedu_1p3B,fwedu_1p3B_ckda-shipped-lowrank_1.3B_cosine100B_gbs128_lr0.0004,165376,86.705,10,256,128,0.328125,0.96484375,0.0531005859375,0.47265625,0.9612705707550049,0.9092385768890381,2.1436696522483194,0.08933483879946456
fwedu_1p3B,fwedu_1p3B_ckda-shipped-lowrank_1.3B_cosine100B_gbs128_lr0.0004,165376,86.705,11,256,128,0.2421875,0.82421875,0.0274658203125,0.3671875,0.8758339881896973,0.9490339159965515,1.9062111631205192,0.11844966228995751
fwedu_1p3B,fwedu_1p3B_ckda-shipped-lowrank_1.3B_cosine100B_gbs128_lr0.0004,165376,86.705,12,256,128,0.32421875,0.86328125,0.03717041015625,0.515625,1.0196568965911865,0.9637889862060547,2.0044147925988214,0.11386266970355653
fwedu_1p3B,fwedu_1p3B_ckda-shipped-lowrank_1.3B_cosine100B_gbs128_lr0.0004,165376,86.705,13,256,128,0.25390625,0.78125,0.020538330078125,0.5078125,0.9685065150260925,0.97475266456604,1.9830873339686526,0.11863886859222822
fwedu_1p3B,fwedu_1p3B_ckda-shipped-lowrank_1.3B_cosine100B_gbs128_lr0.0004,165376,86.705,14,256,128,0.26171875,0.66015625,0.016510009765625,0.46484375,0.949405312538147,0.9917401075363159,1.9137548585015542,0.10530312462582286
fwedu_1p3B,fwedu_1p3B_ckda-shipped-lowrank_1.3B_cosine100B_gbs128_lr0.0004,165376,86.705,15,256,128,0.26953125,0.78515625,0.03070068359375,0.44140625,0.9021373987197876,0.9847707152366638,2.182647138429991,0.07641412230261689
fwedu_1p3B,fwedu_1p3B_ckda-shipped-lowrank_1.3B_cosine100B_gbs128_lr0.0004,165376,86.705,16,256,128,0.2109375,0.82421875,0.02197265625,0.37890625,0.8524755239486694,0.9800688624382019,1.8561415043304077,0.08321233322556604
fwedu_1p3B,fwedu_1p3B_ckda-shipped-lowrank_1.3B_cosine100B_gbs128_lr0.0004,165376,86.705,17,256,128,0.23046875,0.7734375,0.020721435546875,0.34765625,0.8203778862953186,0.9905152916908264,1.8649506315027893,0.10958831746233413
fwedu_1p3B,fwedu_1p3B_ckda-shipped-lowrank_1.3B_cosine100B_gbs128_lr0.0004,165376,86.705,18,256,128,0.1484375,0.7578125,0.026885986328125,0.3125,0.8119385242462158,0.973042905330658,1.933522414256239,0.12220905507150556
fwedu_1p3B,fwedu_1p3B_ckda-shipped-lowrank_1.3B_cosine100B_gbs128_lr0.0004,165376,86.705,19,256,128,0.21875,0.82421875,0.026611328125,0.4609375,0.9217252731323242,0.9671940207481384,2.3435528894608604,0.09910235957543462
fwedu_1p3B,fwedu_1p3B_ckda-shipped-lowrank_1.3B_cosine100B_gbs128_lr0.0004,165376,86.705,20,256,128,0.21484375,0.8046875,0.0386962890625,0.44140625,0.8875792026519775,0.8734584450721741,1.6252824916869253,0.0773585279100667
fwedu_1p3B,fwedu_1p3B_ckda-shipped-lowrank_1.3B_cosine100B_gbs128_lr0.0004,165376,86.705,21,256,128,0.109375,0.83203125,0.0313720703125,0.18359375,0.5847371816635132,0.988535463809967,1.8210519214187781,0.10194602190456487
fwedu_1p3B,fwedu_1p3B_ckda-shipped-lowrank_1.3B_cosine100B_gbs128_lr0.0004,165376,86.705,22,256,128,0.0859375,0.9375,0.0347900390625,0.1171875,0.5284680128097534,0.9923233389854431,2.0843028611563326,0.05276330593118236
fwedu_1p3B,fwedu_1p3B_ckda-shipped-lowrank_1.3B_cosine100B_gbs128_lr0.0004,165376,86.705,23,256,128,0.24609375,0.83203125,0.034759521484375,0.46875,0.956662118434906,0.941548764705658,2.241662976741818,0.07626094971413504
fwedu_1p3B,fwedu_1p3B_ckda-shipped-lowrank_1.3B_cosine100B_gbs128_lr0.0004,175104,91.805,0,256,128,0.6875,1.0,0.21875,0.76953125,1.2421436309814453,0.7681117057800293,1.8706858625988203,0.08968977528090366
fwedu_1p3B,fwedu_1p3B_ckda-shipped-lowrank_1.3B_cosine100B_gbs128_lr0.0004,175104,91.805,1,256,128,0.42578125,1.0,0.153472900390625,0.50390625,1.0160503387451172,0.41500476002693176,2.2891745985845495,0.05878671424448136
fwedu_1p3B,fwedu_1p3B_ckda-shipped-lowrank_1.3B_cosine100B_gbs128_lr0.0004,175104,91.805,2,256,128,0.22265625,1.0,0.117889404296875,0.37109375,0.9493415355682373,0.46772488951683044,2.459873185330437,0.07744698921285144
fwedu_1p3B,fwedu_1p3B_ckda-shipped-lowrank_1.3B_cosine100B_gbs128_lr0.0004,175104,91.805,3,256,128,0.203125,0.8828125,0.089447021484375,0.40234375,0.9359022378921509,0.5237318873405457,2.480496066844701,0.05594988330962204
fwedu_1p3B,fwedu_1p3B_ckda-shipped-lowrank_1.3B_cosine100B_gbs128_lr0.0004,175104,91.805,4,256,128,0.1875,0.96484375,0.098419189453125,0.31640625,0.8516671657562256,0.637335479259491,2.040907072981101,0.04306608059240277
fwedu_1p3B,fwedu_1p3B_ckda-shipped-lowrank_1.3B_cosine100B_gbs128_lr0.0004,175104,91.805,5,256,128,0.2265625,0.9375,0.121337890625,0.34375,0.904258131980896,0.44568291306495667,2.169890309553268,0.07383355465778252
fwedu_1p3B,fwedu_1p3B_ckda-shipped-lowrank_1.3B_cosine100B_gbs128_lr0.0004,175104,91.805,6,256,128,0.21875,0.87890625,0.054595947265625,0.37109375,0.9237653017044067,0.7881038188934326,2.4188294898777882,0.08396039584811862
fwedu_1p3B,fwedu_1p3B_ckda-shipped-lowrank_1.3B_cosine100B_gbs128_lr0.0004,175104,91.805,7,256,128,0.23046875,0.859375,0.062286376953125,0.4296875,0.9425641894340515,0.8035899996757507,2.4253121041250716,0.09455591018770543
fwedu_1p3B,fwedu_1p3B_ckda-shipped-lowrank_1.3B_cosine100B_gbs128_lr0.0004,175104,91.805,8,256,128,0.26953125,0.91796875,0.044281005859375,0.43359375,0.9367150664329529,0.9029574990272522,1.8947771601661714,0.0843201335806684
fwedu_1p3B,fwedu_1p3B_ckda-shipped-lowrank_1.3B_cosine100B_gbs128_lr0.0004,175104,91.805,9,256,128,0.22265625,0.88671875,0.044464111328125,0.3203125,0.7906986474990845,0.92718505859375,2.1727585591419754,0.06787360094112088
fwedu_1p3B,fwedu_1p3B_ckda-shipped-lowrank_1.3B_cosine100B_gbs128_lr0.0004,175104,91.805,10,256,128,0.34375,0.953125,0.05352783203125,0.484375,0.96324622631073,0.9120109677314758,2.210944570393101,0.08372668570699424
fwedu_1p3B,fwedu_1p3B_ckda-shipped-lowrank_1.3B_cosine100B_gbs128_lr0.0004,175104,91.805,11,256,128,0.2421875,0.83203125,0.02667236328125,0.3671875,0.8765591382980347,0.9497259855270386,1.8050359330705992,0.12611127298846658
fwedu_1p3B,fwedu_1p3B_ckda-shipped-lowrank_1.3B_cosine100B_gbs128_lr0.0004,175104,91.805,12,256,128,0.328125,0.86328125,0.03460693359375,0.515625,1.0213764905929565,0.9651115536689758,2.081877708880852,0.11522659488419415
fwedu_1p3B,fwedu_1p3B_ckda-shipped-lowrank_1.3B_cosine100B_gbs128_lr0.0004,175104,91.805,13,256,128,0.26953125,0.80078125,0.019927978515625,0.49609375,0.9659380912780762,0.974660336971283,1.9040970716093095,0.13242084537202742
fwedu_1p3B,fwedu_1p3B_ckda-shipped-lowrank_1.3B_cosine100B_gbs128_lr0.0004,175104,91.805,14,256,128,0.234375,0.68359375,0.016265869140625,0.4765625,0.9526879191398621,0.9920167922973633,1.8925303681780037,0.11303437501719549
fwedu_1p3B,fwedu_1p3B_ckda-shipped-lowrank_1.3B_cosine100B_gbs128_lr0.0004,175104,91.805,15,256,128,0.27734375,0.79296875,0.029541015625,0.4609375,0.9121984243392944,0.9850746989250183,2.0496626556499384,0.07527336948735691
fwedu_1p3B,fwedu_1p3B_ckda-shipped-lowrank_1.3B_cosine100B_gbs128_lr0.0004,175104,91.805,16,256,128,0.25,0.8203125,0.021484375,0.390625,0.8690080642700195,0.9796328544616699,1.779919776268306,0.07968833243761222
fwedu_1p3B,fwedu_1p3B_ckda-shipped-lowrank_1.3B_cosine100B_gbs128_lr0.0004,175104,91.805,17,256,128,0.24609375,0.73828125,0.0196533203125,0.34765625,0.8248900771141052,0.9901718497276306,1.8574200471039437,0.11299432461589773
fwedu_1p3B,fwedu_1p3B_ckda-shipped-lowrank_1.3B_cosine100B_gbs128_lr0.0004,175104,91.805,18,256,128,0.16015625,0.74609375,0.02508544921875,0.3203125,0.8039267063140869,0.9728248715400696,1.9471692306430226,0.10070285653470572
fwedu_1p3B,fwedu_1p3B_ckda-shipped-lowrank_1.3B_cosine100B_gbs128_lr0.0004,175104,91.805,19,256,128,0.26171875,0.82421875,0.025787353515625,0.46484375,0.9237593412399292,0.9673563838005066,2.088723966807967,0.08239913672043098
fwedu_1p3B,fwedu_1p3B_ckda-shipped-lowrank_1.3B_cosine100B_gbs128_lr0.0004,175104,91.805,20,256,128,0.18359375,0.80078125,0.035186767578125,0.47265625,0.8951238989830017,0.8715083003044128,1.661910987076854,0.09294053594515601
fwedu_1p3B,fwedu_1p3B_ckda-shipped-lowrank_1.3B_cosine100B_gbs128_lr0.0004,175104,91.805,21,256,128,0.109375,0.83984375,0.031280517578125,0.203125,0.5927979946136475,0.9882879257202148,1.975769988349219,0.0889869947407832
fwedu_1p3B,fwedu_1p3B_ckda-shipped-lowrank_1.3B_cosine100B_gbs128_lr0.0004,175104,91.805,22,256,128,0.0859375,0.94140625,0.0364990234375,0.125,0.528886079788208,0.9927114844322205,2.036309418625275,0.04867296582083941
fwedu_1p3B,fwedu_1p3B_ckda-shipped-lowrank_1.3B_cosine100B_gbs128_lr0.0004,175104,91.805,23,256,128,0.22265625,0.8515625,0.031402587890625,0.48046875,0.9601942300796509,0.9426532983779907,2.3787525268311356,0.07355974496423906
fwedu_1p3B,fwedu_1p3B_ckda-shipped-lowrank_1.3B_cosine100B_gbs128_lr0.0004,184832,96.905,0,256,128,0.734375,1.0,0.219696044921875,0.796875,1.2560477256774902,0.7654438614845276,1.8636280039302116,0.09391388932256806
fwedu_1p3B,fwedu_1p3B_ckda-shipped-lowrank_1.3B_cosine100B_gbs128_lr0.0004,184832,96.905,1,256,128,0.43359375,1.0,0.147369384765625,0.515625,1.0319583415985107,0.41067570447921753,2.377697428814175,0.06504059667747468
fwedu_1p3B,fwedu_1p3B_ckda-shipped-lowrank_1.3B_cosine100B_gbs128_lr0.0004,184832,96.905,2,256,128,0.234375,1.0,0.112152099609375,0.390625,0.9586585164070129,0.4705689549446106,2.484191075095592,0.0730199603762629
fwedu_1p3B,fwedu_1p3B_ckda-shipped-lowrank_1.3B_cosine100B_gbs128_lr0.0004,184832,96.905,3,256,128,0.19921875,0.890625,0.087982177734375,0.41796875,0.9411420822143555,0.5209547281265259,2.500526022003595,0.05754936508529574
fwedu_1p3B,fwedu_1p3B_ckda-shipped-lowrank_1.3B_cosine100B_gbs128_lr0.0004,184832,96.905,4,256,128,0.19921875,0.96875,0.098114013671875,0.3359375,0.8621711730957031,0.634827196598053,2.0271310069025117,0.05356275906452567
fwedu_1p3B,fwedu_1p3B_ckda-shipped-lowrank_1.3B_cosine100B_gbs128_lr0.0004,184832,96.905,5,256,128,0.21875,0.92578125,0.119171142578125,0.34375,0.9128394722938538,0.44070670008659363,2.140952879590598,0.06727111998462741
fwedu_1p3B,fwedu_1p3B_ckda-shipped-lowrank_1.3B_cosine100B_gbs128_lr0.0004,184832,96.905,6,256,128,0.21484375,0.86328125,0.05450439453125,0.37890625,0.9273715019226074,0.7848161458969116,2.2516443345845807,0.08529942162388388
fwedu_1p3B,fwedu_1p3B_ckda-shipped-lowrank_1.3B_cosine100B_gbs128_lr0.0004,184832,96.905,7,256,128,0.26171875,0.87890625,0.06219482421875,0.4296875,0.9505207538604736,0.8038893938064575,2.274614058586996,0.09408484538051569
fwedu_1p3B,fwedu_1p3B_ckda-shipped-lowrank_1.3B_cosine100B_gbs128_lr0.0004,184832,96.905,8,256,128,0.27734375,0.89453125,0.04425048828125,0.4375,0.9442489147186279,0.9025482535362244,1.6752255458861687,0.08877812394452694
fwedu_1p3B,fwedu_1p3B_ckda-shipped-lowrank_1.3B_cosine100B_gbs128_lr0.0004,184832,96.905,9,256,128,0.25,0.90234375,0.04315185546875,0.31640625,0.7947412729263306,0.9258689880371094,2.1637967171292347,0.057419380180209305
fwedu_1p3B,fwedu_1p3B_ckda-shipped-lowrank_1.3B_cosine100B_gbs128_lr0.0004,184832,96.905,10,256,128,0.3125,0.93359375,0.054718017578125,0.4921875,0.971642792224884,0.9115746021270752,1.9721349242696713,0.1001297726144317
fwedu_1p3B,fwedu_1p3B_ckda-shipped-lowrank_1.3B_cosine100B_gbs128_lr0.0004,184832,96.905,11,256,128,0.23828125,0.84765625,0.02655029296875,0.37109375,0.8831889629364014,0.9488487243652344,1.8857460536771617,0.12152370220967765
fwedu_1p3B,fwedu_1p3B_ckda-shipped-lowrank_1.3B_cosine100B_gbs128_lr0.0004,184832,96.905,12,256,128,0.33984375,0.86328125,0.03387451171875,0.53515625,1.0269501209259033,0.9643824696540833,2.10275663426595,0.1248641857679797
fwedu_1p3B,fwedu_1p3B_ckda-shipped-lowrank_1.3B_cosine100B_gbs128_lr0.0004,184832,96.905,13,256,128,0.265625,0.7734375,0.0205078125,0.484375,0.9688879251480103,0.9745141863822937,1.9049009544282258,0.13015628817376662
fwedu_1p3B,fwedu_1p3B_ckda-shipped-lowrank_1.3B_cosine100B_gbs128_lr0.0004,184832,96.905,14,256,128,0.23828125,0.6875,0.015838623046875,0.46875,0.9577558040618896,0.991825520992279,1.9889838282463692,0.10133896537321183
fwedu_1p3B,fwedu_1p3B_ckda-shipped-lowrank_1.3B_cosine100B_gbs128_lr0.0004,184832,96.905,15,256,128,0.2734375,0.796875,0.0296630859375,0.46875,0.9159383773803711,0.9849243760108948,2.0340338966988614,0.07960886632150378
fwedu_1p3B,fwedu_1p3B_ckda-shipped-lowrank_1.3B_cosine100B_gbs128_lr0.0004,184832,96.905,16,256,128,0.26171875,0.7890625,0.02264404296875,0.40234375,0.8713593482971191,0.9794633984565735,1.9884463302204451,0.08667705820167855
fwedu_1p3B,fwedu_1p3B_ckda-shipped-lowrank_1.3B_cosine100B_gbs128_lr0.0004,184832,96.905,17,256,128,0.21484375,0.73828125,0.0189208984375,0.34765625,0.8272857666015625,0.9899962544441223,1.626018788294324,0.11508486535177055
fwedu_1p3B,fwedu_1p3B_ckda-shipped-lowrank_1.3B_cosine100B_gbs128_lr0.0004,184832,96.905,18,256,128,0.16796875,0.75390625,0.02587890625,0.31640625,0.8126020431518555,0.9732543230056763,1.92218544974091,0.0988027267549832
fwedu_1p3B,fwedu_1p3B_ckda-shipped-lowrank_1.3B_cosine100B_gbs128_lr0.0004,184832,96.905,19,256,128,0.21484375,0.83203125,0.02392578125,0.46875,0.9304458498954773,0.9679157137870789,1.9940276895319207,0.09001003287035038
fwedu_1p3B,fwedu_1p3B_ckda-shipped-lowrank_1.3B_cosine100B_gbs128_lr0.0004,184832,96.905,20,256,128,0.21875,0.78515625,0.035400390625,0.4453125,0.9013817310333252,0.8723916411399841,1.8126024129987852,0.07589319357637433
fwedu_1p3B,fwedu_1p3B_ckda-shipped-lowrank_1.3B_cosine100B_gbs128_lr0.0004,184832,96.905,21,256,128,0.08984375,0.8359375,0.032135009765625,0.203125,0.5937089323997498,0.9887198805809021,2.066617212549623,0.12744025178910984
fwedu_1p3B,fwedu_1p3B_ckda-shipped-lowrank_1.3B_cosine100B_gbs128_lr0.0004,184832,96.905,22,256,128,0.09375,0.9453125,0.034393310546875,0.1484375,0.5374788641929626,0.9926015734672546,1.9488589878798324,0.048802310541312954
fwedu_1p3B,fwedu_1p3B_ckda-shipped-lowrank_1.3B_cosine100B_gbs128_lr0.0004,184832,96.905,23,256,128,0.25390625,0.83984375,0.0316162109375,0.484375,0.9679917693138123,0.941969096660614,2.1572804507526215,0.06935893997671605
fwedu_1p3B,fwedu_1p3B_ckda-shipped-lowrank_1.3B_cosine100B_gbs128_lr0.0004,190976,100.126,0,256,128,0.74609375,1.0,0.219940185546875,0.828125,1.266507625579834,0.7617312073707581,1.9062311088932131,0.08548934537918373
fwedu_1p3B,fwedu_1p3B_ckda-shipped-lowrank_1.3B_cosine100B_gbs128_lr0.0004,190976,100.126,1,256,128,0.4453125,1.0,0.144989013671875,0.55078125,1.0390336513519287,0.4122280180454254,2.30874439995272,0.05930097640168805
fwedu_1p3B,fwedu_1p3B_ckda-shipped-lowrank_1.3B_cosine100B_gbs128_lr0.0004,190976,100.126,2,256,128,0.25,0.98828125,0.115966796875,0.43359375,0.9690208435058594,0.47200873494148254,2.369363876589601,0.06404659247521843
fwedu_1p3B,fwedu_1p3B_ckda-shipped-lowrank_1.3B_cosine100B_gbs128_lr0.0004,190976,100.126,3,256,128,0.2265625,0.84765625,0.090667724609375,0.421875,0.9499494433403015,0.5198820233345032,2.4531108679046505,0.05201360878606912
fwedu_1p3B,fwedu_1p3B_ckda-shipped-lowrank_1.3B_cosine100B_gbs128_lr0.0004,190976,100.126,4,256,128,0.20703125,0.953125,0.099456787109375,0.33984375,0.8701886534690857,0.6277163624763489,2.1648388341336564,0.0521380340306492
fwedu_1p3B,fwedu_1p3B_ckda-shipped-lowrank_1.3B_cosine100B_gbs128_lr0.0004,190976,100.126,5,256,128,0.2421875,0.9375,0.1240234375,0.35546875,0.9184116125106812,0.4355792999267578,2.2441494244668125,0.05433798546416608
fwedu_1p3B,fwedu_1p3B_ckda-shipped-lowrank_1.3B_cosine100B_gbs128_lr0.0004,190976,100.126,6,256,128,0.21484375,0.89453125,0.054473876953125,0.37890625,0.9384167194366455,0.7820100784301758,2.2757288034297383,0.07742444053404557
fwedu_1p3B,fwedu_1p3B_ckda-shipped-lowrank_1.3B_cosine100B_gbs128_lr0.0004,190976,100.126,7,256,128,0.26171875,0.88671875,0.06573486328125,0.4375,0.9585416316986084,0.7982132434844971,2.2148674809864253,0.09929359427680626
fwedu_1p3B,fwedu_1p3B_ckda-shipped-lowrank_1.3B_cosine100B_gbs128_lr0.0004,190976,100.126,8,256,128,0.27734375,0.88671875,0.0455322265625,0.44140625,0.944223165512085,0.9013503193855286,1.7057532499330754,0.0867453147726824
fwedu_1p3B,fwedu_1p3B_ckda-shipped-lowrank_1.3B_cosine100B_gbs128_lr0.0004,190976,100.126,9,256,128,0.2421875,0.91796875,0.044921875,0.3359375,0.7994611263275146,0.9280921816825867,2.0392529289297565,0.06399887415973815
fwedu_1p3B,fwedu_1p3B_ckda-shipped-lowrank_1.3B_cosine100B_gbs128_lr0.0004,190976,100.126,10,256,128,0.33203125,0.9609375,0.05322265625,0.4765625,0.974608302116394,0.911693811416626,2.1443977008573785,0.09511085877752039
fwedu_1p3B,fwedu_1p3B_ckda-shipped-lowrank_1.3B_cosine100B_gbs128_lr0.0004,190976,100.126,11,256,128,0.25,0.8359375,0.026214599609375,0.3828125,0.8872694373130798,0.9489793181419373,1.8367772726206508,0.10048873000202621
fwedu_1p3B,fwedu_1p3B_ckda-shipped-lowrank_1.3B_cosine100B_gbs128_lr0.0004,190976,100.126,12,256,128,0.33984375,0.85546875,0.03424072265625,0.52734375,1.0260287523269653,0.9648565649986267,2.08771340371704,0.11378030069512228
fwedu_1p3B,fwedu_1p3B_ckda-shipped-lowrank_1.3B_cosine100B_gbs128_lr0.0004,190976,100.126,13,256,128,0.2734375,0.7734375,0.0194091796875,0.5234375,0.9684014320373535,0.9748632311820984,1.9608130839491402,0.11928035375305036
fwedu_1p3B,fwedu_1p3B_ckda-shipped-lowrank_1.3B_cosine100B_gbs128_lr0.0004,190976,100.126,14,256,128,0.25390625,0.67578125,0.016632080078125,0.46875,0.9574469327926636,0.9917809963226318,1.924014218195376,0.10600220853262562
fwedu_1p3B,fwedu_1p3B_ckda-shipped-lowrank_1.3B_cosine100B_gbs128_lr0.0004,190976,100.126,15,256,128,0.28125,0.78125,0.0296630859375,0.48046875,0.9224025011062622,0.9846142530441284,2.1791232805676284,0.07530938115952102
fwedu_1p3B,fwedu_1p3B_ckda-shipped-lowrank_1.3B_cosine100B_gbs128_lr0.0004,190976,100.126,16,256,128,0.25,0.82421875,0.02301025390625,0.40234375,0.8776899576187134,0.9794425368309021,1.772271366700711,0.07660933924529763
fwedu_1p3B,fwedu_1p3B_ckda-shipped-lowrank_1.3B_cosine100B_gbs128_lr0.0004,190976,100.126,17,256,128,0.23046875,0.7265625,0.01971435546875,0.33984375,0.8251869678497314,0.9901533722877502,1.5813678609876776,0.09793460928051712
fwedu_1p3B,fwedu_1p3B_ckda-shipped-lowrank_1.3B_cosine100B_gbs128_lr0.0004,190976,100.126,18,256,128,0.16796875,0.734375,0.025665283203125,0.31640625,0.8170772194862366,0.9741048216819763,2.0584638063657565,0.10739677343771552
fwedu_1p3B,fwedu_1p3B_ckda-shipped-lowrank_1.3B_cosine100B_gbs128_lr0.0004,190976,100.126,19,256,128,0.21875,0.828125,0.02410888671875,0.46484375,0.9401105046272278,0.9671429991722107,2.0235493126146578,0.09237844594470801
fwedu_1p3B,fwedu_1p3B_ckda-shipped-lowrank_1.3B_cosine100B_gbs128_lr0.0004,190976,100.126,20,256,128,0.2265625,0.79296875,0.035888671875,0.46875,0.9023067951202393,0.8681855201721191,1.7506464617205864,0.07850882100862999
fwedu_1p3B,fwedu_1p3B_ckda-shipped-lowrank_1.3B_cosine100B_gbs128_lr0.0004,190976,100.126,21,256,128,0.09765625,0.859375,0.03265380859375,0.20703125,0.6005275249481201,0.9883584380149841,2.0382339072110534,0.0692791785416153
fwedu_1p3B,fwedu_1p3B_ckda-shipped-lowrank_1.3B_cosine100B_gbs128_lr0.0004,190976,100.126,22,256,128,0.1015625,0.93359375,0.03485107421875,0.14453125,0.5403257012367249,0.9926456212997437,2.0194663166287223,0.05611313521906878
fwedu_1p3B,fwedu_1p3B_ckda-shipped-lowrank_1.3B_cosine100B_gbs128_lr0.0004,190976,100.126,23,256,128,0.234375,0.8359375,0.032958984375,0.4765625,0.9710402488708496,0.9413818717002869,2.2090616338484503,0.06795692241758482
fwedu_1p3B,fwedu_1p3B_kda-sig-lowrank_1.3B_cosine100B_gbs128_lr0.0004,9728,5.1,0,256,128,0.0,0.0,0.0,0.0,0.9568290710449219,0.9729829430580139,,
fwedu_1p3B,fwedu_1p3B_kda-sig-lowrank_1.3B_cosine100B_gbs128_lr0.0004,9728,5.1,1,256,128,0.0,0.0,0.0,0.0,0.3829076290130615,0.8768786191940308,,
fwedu_1p3B,fwedu_1p3B_kda-sig-lowrank_1.3B_cosine100B_gbs128_lr0.0004,9728,5.1,2,256,128,0.0,0.0,0.0,0.0,0.3011086881160736,0.9125407934188843,,
fwedu_1p3B,fwedu_1p3B_kda-sig-lowrank_1.3B_cosine100B_gbs128_lr0.0004,9728,5.1,3,256,128,0.0,0.0,0.0,0.0,0.3701287508010864,0.8859483003616333,,
fwedu_1p3B,fwedu_1p3B_kda-sig-lowrank_1.3B_cosine100B_gbs128_lr0.0004,9728,5.1,4,256,128,0.0,0.0,0.0,0.0,0.3847084641456604,0.9167872667312622,,
fwedu_1p3B,fwedu_1p3B_kda-sig-lowrank_1.3B_cosine100B_gbs128_lr0.0004,9728,5.1,5,256,128,0.0,0.0,0.0,0.0,0.4264052212238312,0.8893413543701172,,
fwedu_1p3B,fwedu_1p3B_kda-sig-lowrank_1.3B_cosine100B_gbs128_lr0.0004,9728,5.1,6,256,128,0.0,0.0,0.0,0.0,0.44672104716300964,0.9542117118835449,,
fwedu_1p3B,fwedu_1p3B_kda-sig-lowrank_1.3B_cosine100B_gbs128_lr0.0004,9728,5.1,7,256,128,0.0,0.0,0.0,0.0,0.48717546463012695,0.9119808673858643,,
fwedu_1p3B,fwedu_1p3B_kda-sig-lowrank_1.3B_cosine100B_gbs128_lr0.0004,9728,5.1,8,256,128,0.0,0.0,0.0,0.0,0.5048131942749023,0.9497242569923401,,
fwedu_1p3B,fwedu_1p3B_kda-sig-lowrank_1.3B_cosine100B_gbs128_lr0.0004,9728,5.1,9,256,128,0.0,0.0,0.0,0.0,0.5042603015899658,0.9625996947288513,,
fwedu_1p3B,fwedu_1p3B_kda-sig-lowrank_1.3B_cosine100B_gbs128_lr0.0004,9728,5.1,10,256,128,0.0,0.0,0.0,0.0,0.5216888189315796,0.9789079427719116,,
fwedu_1p3B,fwedu_1p3B_kda-sig-lowrank_1.3B_cosine100B_gbs128_lr0.0004,9728,5.1,11,256,128,0.0,0.0,0.0,0.0,0.4837696850299835,0.9851862788200378,,
fwedu_1p3B,fwedu_1p3B_kda-sig-lowrank_1.3B_cosine100B_gbs128_lr0.0004,9728,5.1,12,256,128,0.0,0.0,0.0,0.0,0.5152881145477295,0.978105902671814,,
fwedu_1p3B,fwedu_1p3B_kda-sig-lowrank_1.3B_cosine100B_gbs128_lr0.0004,9728,5.1,13,256,128,0.0,0.0,0.0,0.0,0.5708011388778687,0.9920369982719421,,
fwedu_1p3B,fwedu_1p3B_kda-sig-lowrank_1.3B_cosine100B_gbs128_lr0.0004,9728,5.1,14,256,128,0.0,0.0,0.0,0.0,0.5183688998222351,0.9947404861450195,,
fwedu_1p3B,fwedu_1p3B_kda-sig-lowrank_1.3B_cosine100B_gbs128_lr0.0004,9728,5.1,15,256,128,0.0,0.0,0.0,0.0,0.4778362512588501,0.9942086338996887,,
fwedu_1p3B,fwedu_1p3B_kda-sig-lowrank_1.3B_cosine100B_gbs128_lr0.0004,9728,5.1,16,256,128,0.0,0.0,0.0,0.0,0.44032591581344604,0.994341254234314,,
fwedu_1p3B,fwedu_1p3B_kda-sig-lowrank_1.3B_cosine100B_gbs128_lr0.0004,9728,5.1,17,256,128,0.0,0.0,0.0,0.0,0.48087164759635925,0.9864517450332642,,
fwedu_1p3B,fwedu_1p3B_kda-sig-lowrank_1.3B_cosine100B_gbs128_lr0.0004,9728,5.1,18,256,128,0.0,0.0,0.0,0.0,0.4708694815635681,0.9885776042938232,,
fwedu_1p3B,fwedu_1p3B_kda-sig-lowrank_1.3B_cosine100B_gbs128_lr0.0004,9728,5.1,19,256,128,0.0,0.0,0.0,0.0,0.5101228356361389,0.9905812740325928,,
fwedu_1p3B,fwedu_1p3B_kda-sig-lowrank_1.3B_cosine100B_gbs128_lr0.0004,9728,5.1,20,256,128,0.0,0.0,0.0,0.0,0.5102168917655945,0.9766213893890381,,
fwedu_1p3B,fwedu_1p3B_kda-sig-lowrank_1.3B_cosine100B_gbs128_lr0.0004,9728,5.1,21,256,128,0.0,0.0,0.0,0.0,0.3799326419830322,0.9953935146331787,,
fwedu_1p3B,fwedu_1p3B_kda-sig-lowrank_1.3B_cosine100B_gbs128_lr0.0004,9728,5.1,22,256,128,0.0,0.0,0.0,0.0,0.3218345642089844,0.9968269467353821,,
fwedu_1p3B,fwedu_1p3B_kda-sig-lowrank_1.3B_cosine100B_gbs128_lr0.0004,9728,5.1,23,256,128,0.0,0.0,0.0,0.0,0.5120556354522705,0.9889710545539856,,
fwedu_1p3B,fwedu_1p3B_kda-sig-lowrank_1.3B_cosine100B_gbs128_lr0.0004,19456,10.201,0,256,128,0.0,0.0,0.0,0.0,0.9484133720397949,0.9521030187606812,,
fwedu_1p3B,fwedu_1p3B_kda-sig-lowrank_1.3B_cosine100B_gbs128_lr0.0004,19456,10.201,1,256,128,0.0,0.0,0.0,0.0,0.3819417357444763,0.7113063931465149,,
fwedu_1p3B,fwedu_1p3B_kda-sig-lowrank_1.3B_cosine100B_gbs128_lr0.0004,19456,10.201,2,256,128,0.0,0.0,0.0,0.0,0.3257330060005188,0.8232668042182922,,
fwedu_1p3B,fwedu_1p3B_kda-sig-lowrank_1.3B_cosine100B_gbs128_lr0.0004,19456,10.201,3,256,128,0.0,0.0,0.0,0.0,0.39076417684555054,0.7547805309295654,,
fwedu_1p3B,fwedu_1p3B_kda-sig-lowrank_1.3B_cosine100B_gbs128_lr0.0004,19456,10.201,4,256,128,0.0,0.0,0.0,0.0,0.3998716175556183,0.8267325758934021,,
fwedu_1p3B,fwedu_1p3B_kda-sig-lowrank_1.3B_cosine100B_gbs128_lr0.0004,19456,10.201,5,256,128,0.0,0.0,0.0,0.0,0.4225999116897583,0.8153194189071655,,
fwedu_1p3B,fwedu_1p3B_kda-sig-lowrank_1.3B_cosine100B_gbs128_lr0.0004,19456,10.201,6,256,128,0.0,0.0,0.0,0.0,0.4562462568283081,0.9286859631538391,,
fwedu_1p3B,fwedu_1p3B_kda-sig-lowrank_1.3B_cosine100B_gbs128_lr0.0004,19456,10.201,7,256,128,0.0,0.0,0.0,0.0,0.49833154678344727,0.861778199672699,,
fwedu_1p3B,fwedu_1p3B_kda-sig-lowrank_1.3B_cosine100B_gbs128_lr0.0004,19456,10.201,8,256,128,0.0,0.0,0.0,0.0,0.5101673603057861,0.9310972094535828,,
fwedu_1p3B,fwedu_1p3B_kda-sig-lowrank_1.3B_cosine100B_gbs128_lr0.0004,19456,10.201,9,256,128,0.0,0.0,0.0,0.0,0.49262645840644836,0.9557293057441711,,
fwedu_1p3B,fwedu_1p3B_kda-sig-lowrank_1.3B_cosine100B_gbs128_lr0.0004,19456,10.201,10,256,128,0.0,0.0,0.0,0.0,0.5166993141174316,0.9774949550628662,,
fwedu_1p3B,fwedu_1p3B_kda-sig-lowrank_1.3B_cosine100B_gbs128_lr0.0004,19456,10.201,11,256,128,0.0,0.0,0.0,0.0,0.4862615764141083,0.9822753667831421,,
fwedu_1p3B,fwedu_1p3B_kda-sig-lowrank_1.3B_cosine100B_gbs128_lr0.0004,19456,10.201,12,256,128,0.0,0.0,0.0,0.0,0.5376510620117188,0.9731670618057251,,
fwedu_1p3B,fwedu_1p3B_kda-sig-lowrank_1.3B_cosine100B_gbs128_lr0.0004,19456,10.201,13,256,128,0.0,0.0,0.0,0.0,0.5719162225723267,0.9921315908432007,,
fwedu_1p3B,fwedu_1p3B_kda-sig-lowrank_1.3B_cosine100B_gbs128_lr0.0004,19456,10.201,14,256,128,0.0,0.0,0.0,0.0,0.5108550190925598,0.9943450093269348,,
fwedu_1p3B,fwedu_1p3B_kda-sig-lowrank_1.3B_cosine100B_gbs128_lr0.0004,19456,10.201,15,256,128,0.0,0.0,0.0,0.0,0.4799700379371643,0.9927039742469788,,
fwedu_1p3B,fwedu_1p3B_kda-sig-lowrank_1.3B_cosine100B_gbs128_lr0.0004,19456,10.201,16,256,128,0.0,0.0,0.0,0.0,0.44816455245018005,0.9927148818969727,,
fwedu_1p3B,fwedu_1p3B_kda-sig-lowrank_1.3B_cosine100B_gbs128_lr0.0004,19456,10.201,17,256,128,0.0,0.0,0.0,0.0,0.49683883786201477,0.9817783832550049,,
fwedu_1p3B,fwedu_1p3B_kda-sig-lowrank_1.3B_cosine100B_gbs128_lr0.0004,19456,10.201,18,256,128,0.0,0.0,0.0,0.0,0.46645551919937134,0.9814726710319519,,
fwedu_1p3B,fwedu_1p3B_kda-sig-lowrank_1.3B_cosine100B_gbs128_lr0.0004,19456,10.201,19,256,128,0.0,0.0,0.0,0.0,0.5241304636001587,0.9882161021232605,,
fwedu_1p3B,fwedu_1p3B_kda-sig-lowrank_1.3B_cosine100B_gbs128_lr0.0004,19456,10.201,20,256,128,0.0,0.0,0.0,0.0,0.5225452780723572,0.9594265222549438,,
fwedu_1p3B,fwedu_1p3B_kda-sig-lowrank_1.3B_cosine100B_gbs128_lr0.0004,19456,10.201,21,256,128,0.0,0.0,0.0,0.0,0.38863229751586914,0.9939428567886353,,
fwedu_1p3B,fwedu_1p3B_kda-sig-lowrank_1.3B_cosine100B_gbs128_lr0.0004,19456,10.201,22,256,128,0.0,0.0,0.0,0.0,0.3247745931148529,0.9963335394859314,,
fwedu_1p3B,fwedu_1p3B_kda-sig-lowrank_1.3B_cosine100B_gbs128_lr0.0004,19456,10.201,23,256,128,0.0,0.0,0.0,0.0,0.5202383995056152,0.9823565483093262,,
fwedu_1p3B,fwedu_1p3B_kda-sig-lowrank_1.3B_cosine100B_gbs128_lr0.0004,29184,15.301,0,256,128,0.0,0.0,0.0,0.0,0.9215570092201233,0.9262544512748718,,
fwedu_1p3B,fwedu_1p3B_kda-sig-lowrank_1.3B_cosine100B_gbs128_lr0.0004,29184,15.301,1,256,128,0.0,0.0,0.0,0.0,0.3909550905227661,0.6049295663833618,,
fwedu_1p3B,fwedu_1p3B_kda-sig-lowrank_1.3B_cosine100B_gbs128_lr0.0004,29184,15.301,2,256,128,0.0,0.0,0.0,0.0,0.3537514805793762,0.7628654837608337,,
fwedu_1p3B,fwedu_1p3B_kda-sig-lowrank_1.3B_cosine100B_gbs128_lr0.0004,29184,15.301,3,256,128,0.0,0.0,0.0,0.0,0.41269853711128235,0.6580052971839905,,
fwedu_1p3B,fwedu_1p3B_kda-sig-lowrank_1.3B_cosine100B_gbs128_lr0.0004,29184,15.301,4,256,128,0.0,0.0,0.0,0.0,0.41383880376815796,0.7548156380653381,,
fwedu_1p3B,fwedu_1p3B_kda-sig-lowrank_1.3B_cosine100B_gbs128_lr0.0004,29184,15.301,5,256,128,0.0,0.0,0.0,0.0,0.43091368675231934,0.7606416344642639,,
fwedu_1p3B,fwedu_1p3B_kda-sig-lowrank_1.3B_cosine100B_gbs128_lr0.0004,29184,15.301,6,256,128,0.0,0.0,0.0,0.0,0.45671170949935913,0.9113260507583618,,
fwedu_1p3B,fwedu_1p3B_kda-sig-lowrank_1.3B_cosine100B_gbs128_lr0.0004,29184,15.301,7,256,128,0.0,0.0,0.0,0.0,0.48860248923301697,0.8357588648796082,,
fwedu_1p3B,fwedu_1p3B_kda-sig-lowrank_1.3B_cosine100B_gbs128_lr0.0004,29184,15.301,8,256,128,0.0,0.0,0.0,0.0,0.5058022737503052,0.9256025552749634,,
fwedu_1p3B,fwedu_1p3B_kda-sig-lowrank_1.3B_cosine100B_gbs128_lr0.0004,29184,15.301,9,256,128,0.0,0.0,0.0,0.0,0.4861665666103363,0.9570268988609314,,
fwedu_1p3B,fwedu_1p3B_kda-sig-lowrank_1.3B_cosine100B_gbs128_lr0.0004,29184,15.301,10,256,128,0.0,0.0,0.0,0.0,0.5087113380432129,0.9776626825332642,,
fwedu_1p3B,fwedu_1p3B_kda-sig-lowrank_1.3B_cosine100B_gbs128_lr0.0004,29184,15.301,11,256,128,0.0,0.0,0.0,0.0,0.4823405146598816,0.9833917021751404,,
fwedu_1p3B,fwedu_1p3B_kda-sig-lowrank_1.3B_cosine100B_gbs128_lr0.0004,29184,15.301,12,256,128,0.0,0.0,0.0,0.0,0.5375710725784302,0.9724650979042053,,
fwedu_1p3B,fwedu_1p3B_kda-sig-lowrank_1.3B_cosine100B_gbs128_lr0.0004,29184,15.301,13,256,128,0.0,0.0,0.0,0.0,0.5522948503494263,0.9930856227874756,,
fwedu_1p3B,fwedu_1p3B_kda-sig-lowrank_1.3B_cosine100B_gbs128_lr0.0004,29184,15.301,14,256,128,0.0,0.0,0.0,0.0,0.49439072608947754,0.9937748312950134,,
fwedu_1p3B,fwedu_1p3B_kda-sig-lowrank_1.3B_cosine100B_gbs128_lr0.0004,29184,15.301,15,256,128,0.0,0.0,0.0,0.0,0.4726450741291046,0.9927707314491272,,
fwedu_1p3B,fwedu_1p3B_kda-sig-lowrank_1.3B_cosine100B_gbs128_lr0.0004,29184,15.301,16,256,128,0.0,0.0,0.0,0.0,0.43546921014785767,0.99232417345047,,
fwedu_1p3B,fwedu_1p3B_kda-sig-lowrank_1.3B_cosine100B_gbs128_lr0.0004,29184,15.301,17,256,128,0.0,0.0,0.0,0.0,0.4973979592323303,0.9804525375366211,,
fwedu_1p3B,fwedu_1p3B_kda-sig-lowrank_1.3B_cosine100B_gbs128_lr0.0004,29184,15.301,18,256,128,0.0,0.0,0.0,0.0,0.4615875482559204,0.9803311824798584,,
fwedu_1p3B,fwedu_1p3B_kda-sig-lowrank_1.3B_cosine100B_gbs128_lr0.0004,29184,15.301,19,256,128,0.0,0.0,0.0,0.0,0.5124624967575073,0.9873993992805481,,
fwedu_1p3B,fwedu_1p3B_kda-sig-lowrank_1.3B_cosine100B_gbs128_lr0.0004,29184,15.301,20,256,128,0.0,0.0,0.0,0.0,0.5053315758705139,0.9468660950660706,,
fwedu_1p3B,fwedu_1p3B_kda-sig-lowrank_1.3B_cosine100B_gbs128_lr0.0004,29184,15.301,21,256,128,0.0,0.0,0.0,0.0,0.37967559695243835,0.9926427006721497,,
fwedu_1p3B,fwedu_1p3B_kda-sig-lowrank_1.3B_cosine100B_gbs128_lr0.0004,29184,15.301,22,256,128,0.0,0.0,0.0,0.0,0.3174796402454376,0.9959545135498047,,
fwedu_1p3B,fwedu_1p3B_kda-sig-lowrank_1.3B_cosine100B_gbs128_lr0.0004,29184,15.301,23,256,128,0.0,0.0,0.0,0.0,0.5039506554603577,0.974341869354248,,
fwedu_1p3B,fwedu_1p3B_kda-sig-lowrank_1.3B_cosine100B_gbs128_lr0.0004,38912,20.401,0,256,128,0.0,0.0,0.0,0.0,0.8716093301773071,0.909794270992279,,
fwedu_1p3B,fwedu_1p3B_kda-sig-lowrank_1.3B_cosine100B_gbs128_lr0.0004,38912,20.401,1,256,128,0.0,0.0,0.0,0.0,0.4107290208339691,0.5423704981803894,,
fwedu_1p3B,fwedu_1p3B_kda-sig-lowrank_1.3B_cosine100B_gbs128_lr0.0004,38912,20.401,2,256,128,0.0,0.0,0.0,0.0,0.37686991691589355,0.7280630469322205,,
fwedu_1p3B,fwedu_1p3B_kda-sig-lowrank_1.3B_cosine100B_gbs128_lr0.0004,38912,20.401,3,256,128,0.0,0.0,0.0,0.0,0.4344407916069031,0.60711669921875,,
fwedu_1p3B,fwedu_1p3B_kda-sig-lowrank_1.3B_cosine100B_gbs128_lr0.0004,38912,20.401,4,256,128,0.0,0.0,0.0,0.0,0.42290788888931274,0.7142361402511597,,
fwedu_1p3B,fwedu_1p3B_kda-sig-lowrank_1.3B_cosine100B_gbs128_lr0.0004,38912,20.401,5,256,128,0.0,0.0,0.0,0.0,0.440064936876297,0.7310366630554199,,
fwedu_1p3B,fwedu_1p3B_kda-sig-lowrank_1.3B_cosine100B_gbs128_lr0.0004,38912,20.401,6,256,128,0.0,0.0,0.0,0.0,0.45806679129600525,0.902566134929657,,
fwedu_1p3B,fwedu_1p3B_kda-sig-lowrank_1.3B_cosine100B_gbs128_lr0.0004,38912,20.401,7,256,128,0.0,0.0,0.0,0.0,0.4951457381248474,0.805959165096283,,
fwedu_1p3B,fwedu_1p3B_kda-sig-lowrank_1.3B_cosine100B_gbs128_lr0.0004,38912,20.401,8,256,128,0.0,0.0,0.0,0.0,0.5171277523040771,0.9217172861099243,,
fwedu_1p3B,fwedu_1p3B_kda-sig-lowrank_1.3B_cosine100B_gbs128_lr0.0004,38912,20.401,9,256,128,0.0,0.0,0.0,0.0,0.48179566860198975,0.9537390470504761,,
fwedu_1p3B,fwedu_1p3B_kda-sig-lowrank_1.3B_cosine100B_gbs128_lr0.0004,38912,20.401,10,256,128,0.0,0.0,0.0,0.0,0.5084399580955505,0.9767524003982544,,
fwedu_1p3B,fwedu_1p3B_kda-sig-lowrank_1.3B_cosine100B_gbs128_lr0.0004,38912,20.401,11,256,128,0.0,0.0,0.0,0.0,0.47736942768096924,0.9827312231063843,,
fwedu_1p3B,fwedu_1p3B_kda-sig-lowrank_1.3B_cosine100B_gbs128_lr0.0004,38912,20.401,12,256,128,0.0,0.0,0.0,0.0,0.543081521987915,0.9711822867393494,,
fwedu_1p3B,fwedu_1p3B_kda-sig-lowrank_1.3B_cosine100B_gbs128_lr0.0004,38912,20.401,13,256,128,0.0,0.0,0.0,0.0,0.544989824295044,0.992299497127533,,
fwedu_1p3B,fwedu_1p3B_kda-sig-lowrank_1.3B_cosine100B_gbs128_lr0.0004,38912,20.401,14,256,128,0.0,0.0,0.0,0.0,0.5030351281166077,0.9933151602745056,,
fwedu_1p3B,fwedu_1p3B_kda-sig-lowrank_1.3B_cosine100B_gbs128_lr0.0004,38912,20.401,15,256,128,0.0,0.0,0.0,0.0,0.4742509722709656,0.9925373196601868,,
fwedu_1p3B,fwedu_1p3B_kda-sig-lowrank_1.3B_cosine100B_gbs128_lr0.0004,38912,20.401,16,256,128,0.0,0.0,0.0,0.0,0.4397461414337158,0.9925535917282104,,
fwedu_1p3B,fwedu_1p3B_kda-sig-lowrank_1.3B_cosine100B_gbs128_lr0.0004,38912,20.401,17,256,128,0.0,0.0,0.0,0.0,0.5013986229896545,0.9795777797698975,,
fwedu_1p3B,fwedu_1p3B_kda-sig-lowrank_1.3B_cosine100B_gbs128_lr0.0004,38912,20.401,18,256,128,0.0,0.0,0.0,0.0,0.4601256847381592,0.9786427617073059,,
fwedu_1p3B,fwedu_1p3B_kda-sig-lowrank_1.3B_cosine100B_gbs128_lr0.0004,38912,20.401,19,256,128,0.0,0.0,0.0,0.0,0.5104343295097351,0.9867936372756958,,
fwedu_1p3B,fwedu_1p3B_kda-sig-lowrank_1.3B_cosine100B_gbs128_lr0.0004,38912,20.401,20,256,128,0.0,0.0,0.0,0.0,0.49026885628700256,0.9365347623825073,,
fwedu_1p3B,fwedu_1p3B_kda-sig-lowrank_1.3B_cosine100B_gbs128_lr0.0004,38912,20.401,21,256,128,0.0,0.0,0.0,0.0,0.3738161027431488,0.991951584815979,,
fwedu_1p3B,fwedu_1p3B_kda-sig-lowrank_1.3B_cosine100B_gbs128_lr0.0004,38912,20.401,22,256,128,0.0,0.0,0.0,0.0,0.32425904273986816,0.9954982995986938,,
fwedu_1p3B,fwedu_1p3B_kda-sig-lowrank_1.3B_cosine100B_gbs128_lr0.0004,38912,20.401,23,256,128,0.0,0.0,0.0,0.0,0.4919198751449585,0.9648348689079285,,
fwedu_1p3B,fwedu_1p3B_kda-sig-lowrank_1.3B_cosine100B_gbs128_lr0.0004,48640,25.501,0,256,128,0.0,0.0,0.0,0.0,0.8178818225860596,0.8585429191589355,,
fwedu_1p3B,fwedu_1p3B_kda-sig-lowrank_1.3B_cosine100B_gbs128_lr0.0004,48640,25.501,1,256,128,0.0,0.0,0.0,0.0,0.43432706594467163,0.4948488175868988,,
fwedu_1p3B,fwedu_1p3B_kda-sig-lowrank_1.3B_cosine100B_gbs128_lr0.0004,48640,25.501,2,256,128,0.0,0.0,0.0,0.0,0.3939380645751953,0.6863075494766235,,
fwedu_1p3B,fwedu_1p3B_kda-sig-lowrank_1.3B_cosine100B_gbs128_lr0.0004,48640,25.501,3,256,128,0.0,0.0,0.0,0.0,0.44797587394714355,0.5803897976875305,,
fwedu_1p3B,fwedu_1p3B_kda-sig-lowrank_1.3B_cosine100B_gbs128_lr0.0004,48640,25.501,4,256,128,0.0,0.0,0.0,0.0,0.4410855770111084,0.6903259754180908,,
fwedu_1p3B,fwedu_1p3B_kda-sig-lowrank_1.3B_cosine100B_gbs128_lr0.0004,48640,25.501,5,256,128,0.0,0.0,0.0,0.0,0.44318029284477234,0.7194157838821411,,
fwedu_1p3B,fwedu_1p3B_kda-sig-lowrank_1.3B_cosine100B_gbs128_lr0.0004,48640,25.501,6,256,128,0.0,0.0,0.0,0.0,0.4583703577518463,0.8953761458396912,,
fwedu_1p3B,fwedu_1p3B_kda-sig-lowrank_1.3B_cosine100B_gbs128_lr0.0004,48640,25.501,7,256,128,0.0,0.0,0.0,0.0,0.4976734220981598,0.8051750659942627,,
fwedu_1p3B,fwedu_1p3B_kda-sig-lowrank_1.3B_cosine100B_gbs128_lr0.0004,48640,25.501,8,256,128,0.0,0.0,0.0,0.0,0.5171110033988953,0.9211531281471252,,
fwedu_1p3B,fwedu_1p3B_kda-sig-lowrank_1.3B_cosine100B_gbs128_lr0.0004,48640,25.501,9,256,128,0.0,0.0,0.0,0.0,0.48240429162979126,0.9555426239967346,,
fwedu_1p3B,fwedu_1p3B_kda-sig-lowrank_1.3B_cosine100B_gbs128_lr0.0004,48640,25.501,10,256,128,0.0,0.0,0.0,0.0,0.5110626220703125,0.976862907409668,,
fwedu_1p3B,fwedu_1p3B_kda-sig-lowrank_1.3B_cosine100B_gbs128_lr0.0004,48640,25.501,11,256,128,0.0,0.0,0.0,0.0,0.47559064626693726,0.9831500053405762,,
fwedu_1p3B,fwedu_1p3B_kda-sig-lowrank_1.3B_cosine100B_gbs128_lr0.0004,48640,25.501,12,256,128,0.0,0.0,0.0,0.0,0.5479176640510559,0.9698598980903625,,
fwedu_1p3B,fwedu_1p3B_kda-sig-lowrank_1.3B_cosine100B_gbs128_lr0.0004,48640,25.501,13,256,128,0.0,0.0,0.0,0.0,0.5420527458190918,0.9924652576446533,,
fwedu_1p3B,fwedu_1p3B_kda-sig-lowrank_1.3B_cosine100B_gbs128_lr0.0004,48640,25.501,14,256,128,0.0,0.0,0.0,0.0,0.5009966492652893,0.9931761622428894,,
fwedu_1p3B,fwedu_1p3B_kda-sig-lowrank_1.3B_cosine100B_gbs128_lr0.0004,48640,25.501,15,256,128,0.0,0.0,0.0,0.0,0.4783055782318115,0.992436945438385,,
fwedu_1p3B,fwedu_1p3B_kda-sig-lowrank_1.3B_cosine100B_gbs128_lr0.0004,48640,25.501,16,256,128,0.0,0.0,0.0,0.0,0.43640244007110596,0.9916839599609375,,
fwedu_1p3B,fwedu_1p3B_kda-sig-lowrank_1.3B_cosine100B_gbs128_lr0.0004,48640,25.501,17,256,128,0.0,0.0,0.0,0.0,0.5084773302078247,0.9764804840087891,,
fwedu_1p3B,fwedu_1p3B_kda-sig-lowrank_1.3B_cosine100B_gbs128_lr0.0004,48640,25.501,18,256,128,0.0,0.0,0.0,0.0,0.4609118402004242,0.9762696027755737,,
fwedu_1p3B,fwedu_1p3B_kda-sig-lowrank_1.3B_cosine100B_gbs128_lr0.0004,48640,25.501,19,256,128,0.0,0.0,0.0,0.0,0.5048280358314514,0.9854840040206909,,
fwedu_1p3B,fwedu_1p3B_kda-sig-lowrank_1.3B_cosine100B_gbs128_lr0.0004,48640,25.501,20,256,128,0.0,0.0,0.0,0.0,0.504508376121521,0.9242908954620361,,
fwedu_1p3B,fwedu_1p3B_kda-sig-lowrank_1.3B_cosine100B_gbs128_lr0.0004,48640,25.501,21,256,128,0.0,0.0,0.0,0.0,0.37974604964256287,0.9906375408172607,,
fwedu_1p3B,fwedu_1p3B_kda-sig-lowrank_1.3B_cosine100B_gbs128_lr0.0004,48640,25.501,22,256,128,0.0,0.0,0.0,0.0,0.3277909457683563,0.9953154921531677,,
fwedu_1p3B,fwedu_1p3B_kda-sig-lowrank_1.3B_cosine100B_gbs128_lr0.0004,48640,25.501,23,256,128,0.0,0.0,0.0,0.0,0.4997643530368805,0.9597498178482056,,
fwedu_1p3B,fwedu_1p3B_kda-sig-lowrank_1.3B_cosine100B_gbs128_lr0.0004,58368,30.602,0,256,128,0.0,0.0,0.0,0.0,0.7778241038322449,0.8124527931213379,,
fwedu_1p3B,fwedu_1p3B_kda-sig-lowrank_1.3B_cosine100B_gbs128_lr0.0004,58368,30.602,1,256,128,0.0,0.0,0.0,0.0,0.45110511779785156,0.4630437195301056,,
fwedu_1p3B,fwedu_1p3B_kda-sig-lowrank_1.3B_cosine100B_gbs128_lr0.0004,58368,30.602,2,256,128,0.0,0.0,0.0,0.0,0.40899401903152466,0.6603054404258728,,
fwedu_1p3B,fwedu_1p3B_kda-sig-lowrank_1.3B_cosine100B_gbs128_lr0.0004,58368,30.602,3,256,128,0.0,0.0,0.0,0.0,0.4655272960662842,0.5409812927246094,,
fwedu_1p3B,fwedu_1p3B_kda-sig-lowrank_1.3B_cosine100B_gbs128_lr0.0004,58368,30.602,4,256,128,0.0,0.0,0.0,0.0,0.4599762558937073,0.6530382633209229,,
fwedu_1p3B,fwedu_1p3B_kda-sig-lowrank_1.3B_cosine100B_gbs128_lr0.0004,58368,30.602,5,256,128,0.0,0.0,0.0,0.0,0.45388394594192505,0.6997458934783936,,
fwedu_1p3B,fwedu_1p3B_kda-sig-lowrank_1.3B_cosine100B_gbs128_lr0.0004,58368,30.602,6,256,128,0.0,0.0,0.0,0.0,0.45963382720947266,0.8908378481864929,,
fwedu_1p3B,fwedu_1p3B_kda-sig-lowrank_1.3B_cosine100B_gbs128_lr0.0004,58368,30.602,7,256,128,0.0,0.0,0.0,0.0,0.500968337059021,0.7927098870277405,,
fwedu_1p3B,fwedu_1p3B_kda-sig-lowrank_1.3B_cosine100B_gbs128_lr0.0004,58368,30.602,8,256,128,0.0,0.0,0.0,0.0,0.5163665413856506,0.9268856644630432,,
fwedu_1p3B,fwedu_1p3B_kda-sig-lowrank_1.3B_cosine100B_gbs128_lr0.0004,58368,30.602,9,256,128,0.0,0.0,0.0,0.0,0.4749109148979187,0.9571046829223633,,
fwedu_1p3B,fwedu_1p3B_kda-sig-lowrank_1.3B_cosine100B_gbs128_lr0.0004,58368,30.602,10,256,128,0.0,0.0,0.0,0.0,0.5011835694313049,0.9775688052177429,,
fwedu_1p3B,fwedu_1p3B_kda-sig-lowrank_1.3B_cosine100B_gbs128_lr0.0004,58368,30.602,11,256,128,0.0,0.0,0.0,0.0,0.477072536945343,0.982822060585022,,
fwedu_1p3B,fwedu_1p3B_kda-sig-lowrank_1.3B_cosine100B_gbs128_lr0.0004,58368,30.602,12,256,128,0.0,0.0,0.0,0.0,0.5410425066947937,0.9722033143043518,,
fwedu_1p3B,fwedu_1p3B_kda-sig-lowrank_1.3B_cosine100B_gbs128_lr0.0004,58368,30.602,13,256,128,0.0,0.0,0.0,0.0,0.541022777557373,0.9930477142333984,,
fwedu_1p3B,fwedu_1p3B_kda-sig-lowrank_1.3B_cosine100B_gbs128_lr0.0004,58368,30.602,14,256,128,0.0,0.0,0.0,0.0,0.4979511499404907,0.9931356906890869,,
fwedu_1p3B,fwedu_1p3B_kda-sig-lowrank_1.3B_cosine100B_gbs128_lr0.0004,58368,30.602,15,256,128,0.0,0.0,0.0,0.0,0.47491174936294556,0.9920116662979126,,
fwedu_1p3B,fwedu_1p3B_kda-sig-lowrank_1.3B_cosine100B_gbs128_lr0.0004,58368,30.602,16,256,128,0.0,0.0,0.0,0.0,0.44284865260124207,0.9919741749763489,,
fwedu_1p3B,fwedu_1p3B_kda-sig-lowrank_1.3B_cosine100B_gbs128_lr0.0004,58368,30.602,17,256,128,0.0,0.0,0.0,0.0,0.5118287801742554,0.977145791053772,,
fwedu_1p3B,fwedu_1p3B_kda-sig-lowrank_1.3B_cosine100B_gbs128_lr0.0004,58368,30.602,18,256,128,0.0,0.0,0.0,0.0,0.45751622319221497,0.9752361178398132,,
fwedu_1p3B,fwedu_1p3B_kda-sig-lowrank_1.3B_cosine100B_gbs128_lr0.0004,58368,30.602,19,256,128,0.0,0.0,0.0,0.0,0.4997698664665222,0.9846080541610718,,
fwedu_1p3B,fwedu_1p3B_kda-sig-lowrank_1.3B_cosine100B_gbs128_lr0.0004,58368,30.602,20,256,128,0.0,0.0,0.0,0.0,0.5030516386032104,0.9170595407485962,,
fwedu_1p3B,fwedu_1p3B_kda-sig-lowrank_1.3B_cosine100B_gbs128_lr0.0004,58368,30.602,21,256,128,0.0,0.0,0.0,0.0,0.3792150020599365,0.9901312589645386,,
fwedu_1p3B,fwedu_1p3B_kda-sig-lowrank_1.3B_cosine100B_gbs128_lr0.0004,58368,30.602,22,256,128,0.0,0.0,0.0,0.0,0.3295811712741852,0.9946895837783813,,
fwedu_1p3B,fwedu_1p3B_kda-sig-lowrank_1.3B_cosine100B_gbs128_lr0.0004,58368,30.602,23,256,128,0.0,0.0,0.0,0.0,0.49357807636260986,0.9511725306510925,,
fwedu_1p3B,fwedu_1p3B_kda-sig-lowrank_1.3B_cosine100B_gbs128_lr0.0004,68096,35.702,0,256,128,0.0,0.0,0.0,0.0,0.7471489310264587,0.7739754915237427,,
fwedu_1p3B,fwedu_1p3B_kda-sig-lowrank_1.3B_cosine100B_gbs128_lr0.0004,68096,35.702,1,256,128,0.0,0.0,0.0,0.0,0.4641461968421936,0.43740785121917725,,
fwedu_1p3B,fwedu_1p3B_kda-sig-lowrank_1.3B_cosine100B_gbs128_lr0.0004,68096,35.702,2,256,128,0.0,0.0,0.0,0.0,0.42316845059394836,0.6224563717842102,,
fwedu_1p3B,fwedu_1p3B_kda-sig-lowrank_1.3B_cosine100B_gbs128_lr0.0004,68096,35.702,3,256,128,0.0,0.0,0.0,0.0,0.4837077260017395,0.5152056217193604,,
fwedu_1p3B,fwedu_1p3B_kda-sig-lowrank_1.3B_cosine100B_gbs128_lr0.0004,68096,35.702,4,256,128,0.0,0.0,0.0,0.0,0.46951961517333984,0.6340630650520325,,
fwedu_1p3B,fwedu_1p3B_kda-sig-lowrank_1.3B_cosine100B_gbs128_lr0.0004,68096,35.702,5,256,128,0.0,0.0,0.0,0.0,0.46658939123153687,0.6834153532981873,,
fwedu_1p3B,fwedu_1p3B_kda-sig-lowrank_1.3B_cosine100B_gbs128_lr0.0004,68096,35.702,6,256,128,0.0,0.0,0.0,0.0,0.46816113591194153,0.8765504360198975,,
fwedu_1p3B,fwedu_1p3B_kda-sig-lowrank_1.3B_cosine100B_gbs128_lr0.0004,68096,35.702,7,256,128,0.0,0.0,0.0,0.0,0.5104316473007202,0.7887206673622131,,
fwedu_1p3B,fwedu_1p3B_kda-sig-lowrank_1.3B_cosine100B_gbs128_lr0.0004,68096,35.702,8,256,128,0.0,0.0,0.0,0.0,0.5181859135627747,0.9224056005477905,,
fwedu_1p3B,fwedu_1p3B_kda-sig-lowrank_1.3B_cosine100B_gbs128_lr0.0004,68096,35.702,9,256,128,0.0,0.0,0.0,0.0,0.47695326805114746,0.9568009972572327,,
fwedu_1p3B,fwedu_1p3B_kda-sig-lowrank_1.3B_cosine100B_gbs128_lr0.0004,68096,35.702,10,256,128,0.0,0.0,0.0,0.0,0.5093215703964233,0.9783515334129333,,
fwedu_1p3B,fwedu_1p3B_kda-sig-lowrank_1.3B_cosine100B_gbs128_lr0.0004,68096,35.702,11,256,128,0.0,0.0,0.0,0.0,0.4694133400917053,0.9827911257743835,,
fwedu_1p3B,fwedu_1p3B_kda-sig-lowrank_1.3B_cosine100B_gbs128_lr0.0004,68096,35.702,12,256,128,0.0,0.0,0.0,0.0,0.5557876229286194,0.9713637828826904,,
fwedu_1p3B,fwedu_1p3B_kda-sig-lowrank_1.3B_cosine100B_gbs128_lr0.0004,68096,35.702,13,256,128,0.0,0.0,0.0,0.0,0.543245792388916,0.9927840828895569,,
fwedu_1p3B,fwedu_1p3B_kda-sig-lowrank_1.3B_cosine100B_gbs128_lr0.0004,68096,35.702,14,256,128,0.0,0.0,0.0,0.0,0.5036822557449341,0.9933305382728577,,
fwedu_1p3B,fwedu_1p3B_kda-sig-lowrank_1.3B_cosine100B_gbs128_lr0.0004,68096,35.702,15,256,128,0.0,0.0,0.0,0.0,0.48255041241645813,0.9919702410697937,,
fwedu_1p3B,fwedu_1p3B_kda-sig-lowrank_1.3B_cosine100B_gbs128_lr0.0004,68096,35.702,16,256,128,0.0,0.0,0.0,0.0,0.4406081438064575,0.9917700886726379,,
fwedu_1p3B,fwedu_1p3B_kda-sig-lowrank_1.3B_cosine100B_gbs128_lr0.0004,68096,35.702,17,256,128,0.0,0.0,0.0,0.0,0.5196249485015869,0.9759925007820129,,
fwedu_1p3B,fwedu_1p3B_kda-sig-lowrank_1.3B_cosine100B_gbs128_lr0.0004,68096,35.702,18,256,128,0.0,0.0,0.0,0.0,0.46998006105422974,0.9725193977355957,,
fwedu_1p3B,fwedu_1p3B_kda-sig-lowrank_1.3B_cosine100B_gbs128_lr0.0004,68096,35.702,19,256,128,0.0,0.0,0.0,0.0,0.501843273639679,0.9838086366653442,,
fwedu_1p3B,fwedu_1p3B_kda-sig-lowrank_1.3B_cosine100B_gbs128_lr0.0004,68096,35.702,20,256,128,0.0,0.0,0.0,0.0,0.5090293884277344,0.9000908732414246,,
fwedu_1p3B,fwedu_1p3B_kda-sig-lowrank_1.3B_cosine100B_gbs128_lr0.0004,68096,35.702,21,256,128,0.0,0.0,0.0,0.0,0.3807082176208496,0.9888578057289124,,
fwedu_1p3B,fwedu_1p3B_kda-sig-lowrank_1.3B_cosine100B_gbs128_lr0.0004,68096,35.702,22,256,128,0.0,0.0,0.0,0.0,0.33408504724502563,0.99427330493927,,
fwedu_1p3B,fwedu_1p3B_kda-sig-lowrank_1.3B_cosine100B_gbs128_lr0.0004,68096,35.702,23,256,128,0.0,0.0,0.0,0.0,0.5018699169158936,0.9456120729446411,,
fwedu_1p3B,fwedu_1p3B_kda-sig-lowrank_1.3B_cosine100B_gbs128_lr0.0004,77824,40.802,0,256,128,0.0,0.0,0.0,0.0,0.7301201224327087,0.7221099138259888,,
fwedu_1p3B,fwedu_1p3B_kda-sig-lowrank_1.3B_cosine100B_gbs128_lr0.0004,77824,40.802,1,256,128,0.0,0.0,0.0,0.0,0.48233240842819214,0.4216262102127075,,
fwedu_1p3B,fwedu_1p3B_kda-sig-lowrank_1.3B_cosine100B_gbs128_lr0.0004,77824,40.802,2,256,128,0.0,0.0,0.0,0.0,0.4301045536994934,0.6393752694129944,,
fwedu_1p3B,fwedu_1p3B_kda-sig-lowrank_1.3B_cosine100B_gbs128_lr0.0004,77824,40.802,3,256,128,0.0,0.0,0.0,0.0,0.4933468699455261,0.5300696492195129,,
fwedu_1p3B,fwedu_1p3B_kda-sig-lowrank_1.3B_cosine100B_gbs128_lr0.0004,77824,40.802,4,256,128,0.0,0.0,0.0,0.0,0.4727599024772644,0.6280178427696228,,
fwedu_1p3B,fwedu_1p3B_kda-sig-lowrank_1.3B_cosine100B_gbs128_lr0.0004,77824,40.802,5,256,128,0.0,0.0,0.0,0.0,0.46764856576919556,0.6828532218933105,,
fwedu_1p3B,fwedu_1p3B_kda-sig-lowrank_1.3B_cosine100B_gbs128_lr0.0004,77824,40.802,6,256,128,0.0,0.0,0.0,0.0,0.4737984538078308,0.8797301054000854,,
fwedu_1p3B,fwedu_1p3B_kda-sig-lowrank_1.3B_cosine100B_gbs128_lr0.0004,77824,40.802,7,256,128,0.0,0.0,0.0,0.0,0.5110142230987549,0.77865070104599,,
fwedu_1p3B,fwedu_1p3B_kda-sig-lowrank_1.3B_cosine100B_gbs128_lr0.0004,77824,40.802,8,256,128,0.0,0.0,0.0,0.0,0.5244131088256836,0.9220761060714722,,
fwedu_1p3B,fwedu_1p3B_kda-sig-lowrank_1.3B_cosine100B_gbs128_lr0.0004,77824,40.802,9,256,128,0.0,0.0,0.0,0.0,0.48344549536705017,0.9545781016349792,,
fwedu_1p3B,fwedu_1p3B_kda-sig-lowrank_1.3B_cosine100B_gbs128_lr0.0004,77824,40.802,10,256,128,0.0,0.0,0.0,0.0,0.5136808753013611,0.9778102040290833,,
fwedu_1p3B,fwedu_1p3B_kda-sig-lowrank_1.3B_cosine100B_gbs128_lr0.0004,77824,40.802,11,256,128,0.0,0.0,0.0,0.0,0.47915399074554443,0.9829017519950867,,
fwedu_1p3B,fwedu_1p3B_kda-sig-lowrank_1.3B_cosine100B_gbs128_lr0.0004,77824,40.802,12,256,128,0.0,0.0,0.0,0.0,0.5579987168312073,0.9709770679473877,,
fwedu_1p3B,fwedu_1p3B_kda-sig-lowrank_1.3B_cosine100B_gbs128_lr0.0004,77824,40.802,13,256,128,0.0,0.0,0.0,0.0,0.5458455085754395,0.99293053150177,,
fwedu_1p3B,fwedu_1p3B_kda-sig-lowrank_1.3B_cosine100B_gbs128_lr0.0004,77824,40.802,14,256,128,0.0,0.0,0.0,0.0,0.5049887895584106,0.9927502274513245,,
fwedu_1p3B,fwedu_1p3B_kda-sig-lowrank_1.3B_cosine100B_gbs128_lr0.0004,77824,40.802,15,256,128,0.0,0.0,0.0,0.0,0.4900541305541992,0.9913765788078308,,
fwedu_1p3B,fwedu_1p3B_kda-sig-lowrank_1.3B_cosine100B_gbs128_lr0.0004,77824,40.802,16,256,128,0.0,0.0,0.0,0.0,0.4412779211997986,0.9915522933006287,,
fwedu_1p3B,fwedu_1p3B_kda-sig-lowrank_1.3B_cosine100B_gbs128_lr0.0004,77824,40.802,17,256,128,0.0,0.0,0.0,0.0,0.5175779461860657,0.974966287612915,,
fwedu_1p3B,fwedu_1p3B_kda-sig-lowrank_1.3B_cosine100B_gbs128_lr0.0004,77824,40.802,18,256,128,0.0,0.0,0.0,0.0,0.47240006923675537,0.971807599067688,,
fwedu_1p3B,fwedu_1p3B_kda-sig-lowrank_1.3B_cosine100B_gbs128_lr0.0004,77824,40.802,19,256,128,0.0,0.0,0.0,0.0,0.5005724430084229,0.9837498068809509,,
fwedu_1p3B,fwedu_1p3B_kda-sig-lowrank_1.3B_cosine100B_gbs128_lr0.0004,77824,40.802,20,256,128,0.0,0.0,0.0,0.0,0.5125590562820435,0.8912350535392761,,
fwedu_1p3B,fwedu_1p3B_kda-sig-lowrank_1.3B_cosine100B_gbs128_lr0.0004,77824,40.802,21,256,128,0.0,0.0,0.0,0.0,0.3747861385345459,0.9885295033454895,,
fwedu_1p3B,fwedu_1p3B_kda-sig-lowrank_1.3B_cosine100B_gbs128_lr0.0004,77824,40.802,22,256,128,0.0,0.0,0.0,0.0,0.33058834075927734,0.9944268465042114,,
fwedu_1p3B,fwedu_1p3B_kda-sig-lowrank_1.3B_cosine100B_gbs128_lr0.0004,77824,40.802,23,256,128,0.0,0.0,0.0,0.0,0.5110913515090942,0.9390636682510376,,
fwedu_1p3B,fwedu_1p3B_kda-sig-lowrank_1.3B_cosine100B_gbs128_lr0.0004,81800,42.887,0,256,128,0.0,0.0,0.0,0.0,0.7252631187438965,0.7038538455963135,,
fwedu_1p3B,fwedu_1p3B_kda-sig-lowrank_1.3B_cosine100B_gbs128_lr0.0004,81800,42.887,1,256,128,0.0,0.0,0.0,0.0,0.4822401702404022,0.40382200479507446,,
fwedu_1p3B,fwedu_1p3B_kda-sig-lowrank_1.3B_cosine100B_gbs128_lr0.0004,81800,42.887,2,256,128,0.0,0.0,0.0,0.0,0.44166299700737,0.6202796101570129,,
fwedu_1p3B,fwedu_1p3B_kda-sig-lowrank_1.3B_cosine100B_gbs128_lr0.0004,81800,42.887,3,256,128,0.0,0.0,0.0,0.0,0.49556371569633484,0.5179073810577393,,
fwedu_1p3B,fwedu_1p3B_kda-sig-lowrank_1.3B_cosine100B_gbs128_lr0.0004,81800,42.887,4,256,128,0.0,0.0,0.0,0.0,0.4791286587715149,0.6343534588813782,,
fwedu_1p3B,fwedu_1p3B_kda-sig-lowrank_1.3B_cosine100B_gbs128_lr0.0004,81800,42.887,5,256,128,0.0,0.0,0.0,0.0,0.47144949436187744,0.67845618724823,,
fwedu_1p3B,fwedu_1p3B_kda-sig-lowrank_1.3B_cosine100B_gbs128_lr0.0004,81800,42.887,6,256,128,0.0,0.0,0.0,0.0,0.46937423944473267,0.8780242800712585,,
fwedu_1p3B,fwedu_1p3B_kda-sig-lowrank_1.3B_cosine100B_gbs128_lr0.0004,81800,42.887,7,256,128,0.0,0.0,0.0,0.0,0.5101096034049988,0.771888017654419,,
fwedu_1p3B,fwedu_1p3B_kda-sig-lowrank_1.3B_cosine100B_gbs128_lr0.0004,81800,42.887,8,256,128,0.0,0.0,0.0,0.0,0.5307015180587769,0.9161328673362732,,
fwedu_1p3B,fwedu_1p3B_kda-sig-lowrank_1.3B_cosine100B_gbs128_lr0.0004,81800,42.887,9,256,128,0.0,0.0,0.0,0.0,0.4869813919067383,0.9555878043174744,,
fwedu_1p3B,fwedu_1p3B_kda-sig-lowrank_1.3B_cosine100B_gbs128_lr0.0004,81800,42.887,10,256,128,0.0,0.0,0.0,0.0,0.513160765171051,0.9783989191055298,,
fwedu_1p3B,fwedu_1p3B_kda-sig-lowrank_1.3B_cosine100B_gbs128_lr0.0004,81800,42.887,11,256,128,0.0,0.0,0.0,0.0,0.48080283403396606,0.9818286299705505,,
fwedu_1p3B,fwedu_1p3B_kda-sig-lowrank_1.3B_cosine100B_gbs128_lr0.0004,81800,42.887,12,256,128,0.0,0.0,0.0,0.0,0.5555713176727295,0.9704189300537109,,
fwedu_1p3B,fwedu_1p3B_kda-sig-lowrank_1.3B_cosine100B_gbs128_lr0.0004,81800,42.887,13,256,128,0.0,0.0,0.0,0.0,0.5450819134712219,0.9927964210510254,,
fwedu_1p3B,fwedu_1p3B_kda-sig-lowrank_1.3B_cosine100B_gbs128_lr0.0004,81800,42.887,14,256,128,0.0,0.0,0.0,0.0,0.5095898509025574,0.9928845763206482,,
fwedu_1p3B,fwedu_1p3B_kda-sig-lowrank_1.3B_cosine100B_gbs128_lr0.0004,81800,42.887,15,256,128,0.0,0.0,0.0,0.0,0.4922098219394684,0.9912679195404053,,
fwedu_1p3B,fwedu_1p3B_kda-sig-lowrank_1.3B_cosine100B_gbs128_lr0.0004,81800,42.887,16,256,128,0.0,0.0,0.0,0.0,0.4488033652305603,0.9918267726898193,,
fwedu_1p3B,fwedu_1p3B_kda-sig-lowrank_1.3B_cosine100B_gbs128_lr0.0004,81800,42.887,17,256,128,0.0,0.0,0.0,0.0,0.517960250377655,0.974500834941864,,
fwedu_1p3B,fwedu_1p3B_kda-sig-lowrank_1.3B_cosine100B_gbs128_lr0.0004,81800,42.887,18,256,128,0.0,0.0,0.0,0.0,0.4696875214576721,0.9737672805786133,,
fwedu_1p3B,fwedu_1p3B_kda-sig-lowrank_1.3B_cosine100B_gbs128_lr0.0004,81800,42.887,19,256,128,0.0,0.0,0.0,0.0,0.5020360946655273,0.9838563799858093,,
fwedu_1p3B,fwedu_1p3B_kda-sig-lowrank_1.3B_cosine100B_gbs128_lr0.0004,81800,42.887,20,256,128,0.0,0.0,0.0,0.0,0.5115076899528503,0.8990209698677063,,
fwedu_1p3B,fwedu_1p3B_kda-sig-lowrank_1.3B_cosine100B_gbs128_lr0.0004,81800,42.887,21,256,128,0.0,0.0,0.0,0.0,0.3836791515350342,0.9908319115638733,,
fwedu_1p3B,fwedu_1p3B_kda-sig-lowrank_1.3B_cosine100B_gbs128_lr0.0004,81800,42.887,22,256,128,0.0,0.0,0.0,0.0,0.32932108640670776,0.9950047135353088,,
fwedu_1p3B,fwedu_1p3B_kda-sig-lowrank_1.3B_cosine100B_gbs128_lr0.0004,81800,42.887,23,256,128,0.0,0.0,0.0,0.0,0.5105582475662231,0.9359753131866455,,
fwedu_1p3B,fwedu_1p3B_kda-sig-lowrank_1.3B_cosine100B_gbs128_lr0.0004,87552,45.902,0,256,128,0.0,0.0,0.0,0.0,0.7201942801475525,0.6806751489639282,,
fwedu_1p3B,fwedu_1p3B_kda-sig-lowrank_1.3B_cosine100B_gbs128_lr0.0004,87552,45.902,1,256,128,0.0,0.0,0.0,0.0,0.4916938841342926,0.4014034867286682,,
fwedu_1p3B,fwedu_1p3B_kda-sig-lowrank_1.3B_cosine100B_gbs128_lr0.0004,87552,45.902,2,256,128,0.0,0.0,0.0,0.0,0.44310462474823,0.6070910096168518,,
fwedu_1p3B,fwedu_1p3B_kda-sig-lowrank_1.3B_cosine100B_gbs128_lr0.0004,87552,45.902,3,256,128,0.0,0.0,0.0,0.0,0.49685442447662354,0.48875364661216736,,
fwedu_1p3B,fwedu_1p3B_kda-sig-lowrank_1.3B_cosine100B_gbs128_lr0.0004,87552,45.902,4,256,128,0.0,0.0,0.0,0.0,0.4789988398551941,0.6136544346809387,,
fwedu_1p3B,fwedu_1p3B_kda-sig-lowrank_1.3B_cosine100B_gbs128_lr0.0004,87552,45.902,5,256,128,0.0,0.0,0.0,0.0,0.4665791094303131,0.6673093438148499,,
fwedu_1p3B,fwedu_1p3B_kda-sig-lowrank_1.3B_cosine100B_gbs128_lr0.0004,87552,45.902,6,256,128,0.0,0.0,0.0,0.0,0.4724094867706299,0.8773757815361023,,
fwedu_1p3B,fwedu_1p3B_kda-sig-lowrank_1.3B_cosine100B_gbs128_lr0.0004,87552,45.902,7,256,128,0.0,0.0,0.0,0.0,0.5114268064498901,0.7759920358657837,,
fwedu_1p3B,fwedu_1p3B_kda-sig-lowrank_1.3B_cosine100B_gbs128_lr0.0004,87552,45.902,8,256,128,0.0,0.0,0.0,0.0,0.5291212201118469,0.9171754717826843,,
fwedu_1p3B,fwedu_1p3B_kda-sig-lowrank_1.3B_cosine100B_gbs128_lr0.0004,87552,45.902,9,256,128,0.0,0.0,0.0,0.0,0.4854264259338379,0.9541029334068298,,
fwedu_1p3B,fwedu_1p3B_kda-sig-lowrank_1.3B_cosine100B_gbs128_lr0.0004,87552,45.902,10,256,128,0.0,0.0,0.0,0.0,0.5086681842803955,0.9756671190261841,,
fwedu_1p3B,fwedu_1p3B_kda-sig-lowrank_1.3B_cosine100B_gbs128_lr0.0004,87552,45.902,11,256,128,0.0,0.0,0.0,0.0,0.48044171929359436,0.9818670153617859,,
fwedu_1p3B,fwedu_1p3B_kda-sig-lowrank_1.3B_cosine100B_gbs128_lr0.0004,87552,45.902,12,256,128,0.0,0.0,0.0,0.0,0.5563543438911438,0.9693135023117065,,
fwedu_1p3B,fwedu_1p3B_kda-sig-lowrank_1.3B_cosine100B_gbs128_lr0.0004,87552,45.902,13,256,128,0.0,0.0,0.0,0.0,0.542754590511322,0.9928687810897827,,
fwedu_1p3B,fwedu_1p3B_kda-sig-lowrank_1.3B_cosine100B_gbs128_lr0.0004,87552,45.902,14,256,128,0.0,0.0,0.0,0.0,0.5019962787628174,0.9929056763648987,,
fwedu_1p3B,fwedu_1p3B_kda-sig-lowrank_1.3B_cosine100B_gbs128_lr0.0004,87552,45.902,15,256,128,0.0,0.0,0.0,0.0,0.4863112270832062,0.99164217710495,,
fwedu_1p3B,fwedu_1p3B_kda-sig-lowrank_1.3B_cosine100B_gbs128_lr0.0004,87552,45.902,16,256,128,0.0,0.0,0.0,0.0,0.44809865951538086,0.991560697555542,,
fwedu_1p3B,fwedu_1p3B_kda-sig-lowrank_1.3B_cosine100B_gbs128_lr0.0004,87552,45.902,17,256,128,0.0,0.0,0.0,0.0,0.5171483755111694,0.9729704856872559,,
fwedu_1p3B,fwedu_1p3B_kda-sig-lowrank_1.3B_cosine100B_gbs128_lr0.0004,87552,45.902,18,256,128,0.0,0.0,0.0,0.0,0.47584018111228943,0.9696818590164185,,
fwedu_1p3B,fwedu_1p3B_kda-sig-lowrank_1.3B_cosine100B_gbs128_lr0.0004,87552,45.902,19,256,128,0.0,0.0,0.0,0.0,0.49989503622055054,0.9823081493377686,,
fwedu_1p3B,fwedu_1p3B_kda-sig-lowrank_1.3B_cosine100B_gbs128_lr0.0004,87552,45.902,20,256,128,0.0,0.0,0.0,0.0,0.5159966945648193,0.8914558291435242,,
fwedu_1p3B,fwedu_1p3B_kda-sig-lowrank_1.3B_cosine100B_gbs128_lr0.0004,87552,45.902,21,256,128,0.0,0.0,0.0,0.0,0.38825929164886475,0.9901492595672607,,
fwedu_1p3B,fwedu_1p3B_kda-sig-lowrank_1.3B_cosine100B_gbs128_lr0.0004,87552,45.902,22,256,128,0.0,0.0,0.0,0.0,0.3347288966178894,0.9942328929901123,,
fwedu_1p3B,fwedu_1p3B_kda-sig-lowrank_1.3B_cosine100B_gbs128_lr0.0004,87552,45.902,23,256,128,0.0,0.0,0.0,0.0,0.5148618221282959,0.9393467903137207,,
fwedu_1p3B,fwedu_1p3B_kda-sig-lowrank_1.3B_cosine100B_gbs128_lr0.0004,97280,51.003,0,256,128,0.0,0.0,0.0,0.0,0.7185982465744019,0.6935715675354004,,
fwedu_1p3B,fwedu_1p3B_kda-sig-lowrank_1.3B_cosine100B_gbs128_lr0.0004,97280,51.003,1,256,128,0.0,0.0,0.0,0.0,0.504583477973938,0.3892618417739868,,
fwedu_1p3B,fwedu_1p3B_kda-sig-lowrank_1.3B_cosine100B_gbs128_lr0.0004,97280,51.003,2,256,128,0.0,0.0,0.0,0.0,0.4560655653476715,0.6016229391098022,,
fwedu_1p3B,fwedu_1p3B_kda-sig-lowrank_1.3B_cosine100B_gbs128_lr0.0004,97280,51.003,3,256,128,0.0,0.0,0.0,0.0,0.5074806213378906,0.5099136829376221,,
fwedu_1p3B,fwedu_1p3B_kda-sig-lowrank_1.3B_cosine100B_gbs128_lr0.0004,97280,51.003,4,256,128,0.0,0.0,0.0,0.0,0.490344762802124,0.6061923503875732,,
fwedu_1p3B,fwedu_1p3B_kda-sig-lowrank_1.3B_cosine100B_gbs128_lr0.0004,97280,51.003,5,256,128,0.0,0.0,0.0,0.0,0.4772282838821411,0.6838183999061584,,
fwedu_1p3B,fwedu_1p3B_kda-sig-lowrank_1.3B_cosine100B_gbs128_lr0.0004,97280,51.003,6,256,128,0.0,0.0,0.0,0.0,0.48219287395477295,0.8770418763160706,,
fwedu_1p3B,fwedu_1p3B_kda-sig-lowrank_1.3B_cosine100B_gbs128_lr0.0004,97280,51.003,7,256,128,0.0,0.0,0.0,0.0,0.5156363248825073,0.77129727602005,,
fwedu_1p3B,fwedu_1p3B_kda-sig-lowrank_1.3B_cosine100B_gbs128_lr0.0004,97280,51.003,8,256,128,0.0,0.0,0.0,0.0,0.5312966108322144,0.9179060459136963,,
fwedu_1p3B,fwedu_1p3B_kda-sig-lowrank_1.3B_cosine100B_gbs128_lr0.0004,97280,51.003,9,256,128,0.0,0.0,0.0,0.0,0.48706740140914917,0.9536146521568298,,
fwedu_1p3B,fwedu_1p3B_kda-sig-lowrank_1.3B_cosine100B_gbs128_lr0.0004,97280,51.003,10,256,128,0.0,0.0,0.0,0.0,0.5105732679367065,0.9753919839859009,,
fwedu_1p3B,fwedu_1p3B_kda-sig-lowrank_1.3B_cosine100B_gbs128_lr0.0004,97280,51.003,11,256,128,0.0,0.0,0.0,0.0,0.48001641035079956,0.9819411635398865,,
fwedu_1p3B,fwedu_1p3B_kda-sig-lowrank_1.3B_cosine100B_gbs128_lr0.0004,97280,51.003,12,256,128,0.0,0.0,0.0,0.0,0.5631199479103088,0.9686616659164429,,
fwedu_1p3B,fwedu_1p3B_kda-sig-lowrank_1.3B_cosine100B_gbs128_lr0.0004,97280,51.003,13,256,128,0.0,0.0,0.0,0.0,0.5518656373023987,0.9929415583610535,,
fwedu_1p3B,fwedu_1p3B_kda-sig-lowrank_1.3B_cosine100B_gbs128_lr0.0004,97280,51.003,14,256,128,0.0,0.0,0.0,0.0,0.5104753971099854,0.9926579594612122,,
fwedu_1p3B,fwedu_1p3B_kda-sig-lowrank_1.3B_cosine100B_gbs128_lr0.0004,97280,51.003,15,256,128,0.0,0.0,0.0,0.0,0.49964624643325806,0.9909230470657349,,
fwedu_1p3B,fwedu_1p3B_kda-sig-lowrank_1.3B_cosine100B_gbs128_lr0.0004,97280,51.003,16,256,128,0.0,0.0,0.0,0.0,0.4465460181236267,0.991653561592102,,
fwedu_1p3B,fwedu_1p3B_kda-sig-lowrank_1.3B_cosine100B_gbs128_lr0.0004,97280,51.003,17,256,128,0.0,0.0,0.0,0.0,0.525634229183197,0.9722933769226074,,
fwedu_1p3B,fwedu_1p3B_kda-sig-lowrank_1.3B_cosine100B_gbs128_lr0.0004,97280,51.003,18,256,128,0.0,0.0,0.0,0.0,0.4713982939720154,0.9689232110977173,,
fwedu_1p3B,fwedu_1p3B_kda-sig-lowrank_1.3B_cosine100B_gbs128_lr0.0004,97280,51.003,19,256,128,0.0,0.0,0.0,0.0,0.5053315758705139,0.9830089807510376,,
fwedu_1p3B,fwedu_1p3B_kda-sig-lowrank_1.3B_cosine100B_gbs128_lr0.0004,97280,51.003,20,256,128,0.0,0.0,0.0,0.0,0.5198523998260498,0.8862745761871338,,
fwedu_1p3B,fwedu_1p3B_kda-sig-lowrank_1.3B_cosine100B_gbs128_lr0.0004,97280,51.003,21,256,128,0.0,0.0,0.0,0.0,0.39141011238098145,0.9891287088394165,,
fwedu_1p3B,fwedu_1p3B_kda-sig-lowrank_1.3B_cosine100B_gbs128_lr0.0004,97280,51.003,22,256,128,0.0,0.0,0.0,0.0,0.33671534061431885,0.993887186050415,,
fwedu_1p3B,fwedu_1p3B_kda-sig-lowrank_1.3B_cosine100B_gbs128_lr0.0004,97280,51.003,23,256,128,0.0,0.0,0.0,0.0,0.5196636319160461,0.9328182935714722,,
fwedu_1p3B,fwedu_1p3B_kda-sig-lowrank_1.3B_cosine100B_gbs128_lr0.0004,107008,56.103,0,256,128,0.0,0.0,0.0,0.0,0.723484992980957,0.6882150769233704,,
fwedu_1p3B,fwedu_1p3B_kda-sig-lowrank_1.3B_cosine100B_gbs128_lr0.0004,107008,56.103,1,256,128,0.0,0.0,0.0,0.0,0.514178454875946,0.3955165445804596,,
fwedu_1p3B,fwedu_1p3B_kda-sig-lowrank_1.3B_cosine100B_gbs128_lr0.0004,107008,56.103,2,256,128,0.0,0.0,0.0,0.0,0.46489614248275757,0.5993877053260803,,
fwedu_1p3B,fwedu_1p3B_kda-sig-lowrank_1.3B_cosine100B_gbs128_lr0.0004,107008,56.103,3,256,128,0.0,0.0,0.0,0.0,0.5151984095573425,0.5008900165557861,,
fwedu_1p3B,fwedu_1p3B_kda-sig-lowrank_1.3B_cosine100B_gbs128_lr0.0004,107008,56.103,4,256,128,0.0,0.0,0.0,0.0,0.49336862564086914,0.594926118850708,,
fwedu_1p3B,fwedu_1p3B_kda-sig-lowrank_1.3B_cosine100B_gbs128_lr0.0004,107008,56.103,5,256,128,0.0,0.0,0.0,0.0,0.4835631847381592,0.6601814031600952,,
fwedu_1p3B,fwedu_1p3B_kda-sig-lowrank_1.3B_cosine100B_gbs128_lr0.0004,107008,56.103,6,256,128,0.0,0.0,0.0,0.0,0.4870949983596802,0.875260055065155,,
fwedu_1p3B,fwedu_1p3B_kda-sig-lowrank_1.3B_cosine100B_gbs128_lr0.0004,107008,56.103,7,256,128,0.0,0.0,0.0,0.0,0.5182144641876221,0.7765359878540039,,
fwedu_1p3B,fwedu_1p3B_kda-sig-lowrank_1.3B_cosine100B_gbs128_lr0.0004,107008,56.103,8,256,128,0.0,0.0,0.0,0.0,0.5324782133102417,0.9182592630386353,,
fwedu_1p3B,fwedu_1p3B_kda-sig-lowrank_1.3B_cosine100B_gbs128_lr0.0004,107008,56.103,9,256,128,0.0,0.0,0.0,0.0,0.4959227442741394,0.9539235830307007,,
fwedu_1p3B,fwedu_1p3B_kda-sig-lowrank_1.3B_cosine100B_gbs128_lr0.0004,107008,56.103,10,256,128,0.0,0.0,0.0,0.0,0.5161296725273132,0.9771063327789307,,
fwedu_1p3B,fwedu_1p3B_kda-sig-lowrank_1.3B_cosine100B_gbs128_lr0.0004,107008,56.103,11,256,128,0.0,0.0,0.0,0.0,0.4912319779396057,0.981959342956543,,
fwedu_1p3B,fwedu_1p3B_kda-sig-lowrank_1.3B_cosine100B_gbs128_lr0.0004,107008,56.103,12,256,128,0.0,0.0,0.0,0.0,0.5664082169532776,0.970048725605011,,
fwedu_1p3B,fwedu_1p3B_kda-sig-lowrank_1.3B_cosine100B_gbs128_lr0.0004,107008,56.103,13,256,128,0.0,0.0,0.0,0.0,0.5478413105010986,0.9929612874984741,,
fwedu_1p3B,fwedu_1p3B_kda-sig-lowrank_1.3B_cosine100B_gbs128_lr0.0004,107008,56.103,14,256,128,0.0,0.0,0.0,0.0,0.514733076095581,0.9926345944404602,,
fwedu_1p3B,fwedu_1p3B_kda-sig-lowrank_1.3B_cosine100B_gbs128_lr0.0004,107008,56.103,15,256,128,0.0,0.0,0.0,0.0,0.49431905150413513,0.9911360144615173,,
fwedu_1p3B,fwedu_1p3B_kda-sig-lowrank_1.3B_cosine100B_gbs128_lr0.0004,107008,56.103,16,256,128,0.0,0.0,0.0,0.0,0.44912251830101013,0.9913004636764526,,
fwedu_1p3B,fwedu_1p3B_kda-sig-lowrank_1.3B_cosine100B_gbs128_lr0.0004,107008,56.103,17,256,128,0.0,0.0,0.0,0.0,0.5298150777816772,0.9722432494163513,,
fwedu_1p3B,fwedu_1p3B_kda-sig-lowrank_1.3B_cosine100B_gbs128_lr0.0004,107008,56.103,18,256,128,0.0,0.0,0.0,0.0,0.4785289168357849,0.9689796566963196,,
fwedu_1p3B,fwedu_1p3B_kda-sig-lowrank_1.3B_cosine100B_gbs128_lr0.0004,107008,56.103,19,256,128,0.0,0.0,0.0,0.0,0.49858731031417847,0.982833206653595,,
fwedu_1p3B,fwedu_1p3B_kda-sig-lowrank_1.3B_cosine100B_gbs128_lr0.0004,107008,56.103,20,256,128,0.0,0.0,0.0,0.0,0.5247914791107178,0.8768093585968018,,
fwedu_1p3B,fwedu_1p3B_kda-sig-lowrank_1.3B_cosine100B_gbs128_lr0.0004,107008,56.103,21,256,128,0.0,0.0,0.0,0.0,0.39105552434921265,0.9878299832344055,,
fwedu_1p3B,fwedu_1p3B_kda-sig-lowrank_1.3B_cosine100B_gbs128_lr0.0004,107008,56.103,22,256,128,0.0,0.0,0.0,0.0,0.33376967906951904,0.9938257932662964,,
fwedu_1p3B,fwedu_1p3B_kda-sig-lowrank_1.3B_cosine100B_gbs128_lr0.0004,107008,56.103,23,256,128,0.0,0.0,0.0,0.0,0.518958330154419,0.9290378093719482,,
fwedu_1p3B,fwedu_1p3B_kda-sig-lowrank_1.3B_cosine100B_gbs128_lr0.0004,116736,61.203,0,256,128,0.0,0.0,0.0,0.0,0.7286322116851807,0.7041963934898376,,
fwedu_1p3B,fwedu_1p3B_kda-sig-lowrank_1.3B_cosine100B_gbs128_lr0.0004,116736,61.203,1,256,128,0.0,0.0,0.0,0.0,0.5218566656112671,0.3865659832954407,,
fwedu_1p3B,fwedu_1p3B_kda-sig-lowrank_1.3B_cosine100B_gbs128_lr0.0004,116736,61.203,2,256,128,0.0,0.0,0.0,0.0,0.468769371509552,0.5891280770301819,,
fwedu_1p3B,fwedu_1p3B_kda-sig-lowrank_1.3B_cosine100B_gbs128_lr0.0004,116736,61.203,3,256,128,0.0,0.0,0.0,0.0,0.5191832780838013,0.5100389719009399,,
fwedu_1p3B,fwedu_1p3B_kda-sig-lowrank_1.3B_cosine100B_gbs128_lr0.0004,116736,61.203,4,256,128,0.0,0.0,0.0,0.0,0.4978537857532501,0.580089807510376,,
fwedu_1p3B,fwedu_1p3B_kda-sig-lowrank_1.3B_cosine100B_gbs128_lr0.0004,116736,61.203,5,256,128,0.0,0.0,0.0,0.0,0.4863765835762024,0.6601637005805969,,
fwedu_1p3B,fwedu_1p3B_kda-sig-lowrank_1.3B_cosine100B_gbs128_lr0.0004,116736,61.203,6,256,128,0.0,0.0,0.0,0.0,0.4895860552787781,0.8747994303703308,,
fwedu_1p3B,fwedu_1p3B_kda-sig-lowrank_1.3B_cosine100B_gbs128_lr0.0004,116736,61.203,7,256,128,0.0,0.0,0.0,0.0,0.5228279232978821,0.7659032344818115,,
fwedu_1p3B,fwedu_1p3B_kda-sig-lowrank_1.3B_cosine100B_gbs128_lr0.0004,116736,61.203,8,256,128,0.0,0.0,0.0,0.0,0.5340625643730164,0.9216640591621399,,
fwedu_1p3B,fwedu_1p3B_kda-sig-lowrank_1.3B_cosine100B_gbs128_lr0.0004,116736,61.203,9,256,128,0.0,0.0,0.0,0.0,0.4955463409423828,0.9514597654342651,,
fwedu_1p3B,fwedu_1p3B_kda-sig-lowrank_1.3B_cosine100B_gbs128_lr0.0004,116736,61.203,10,256,128,0.0,0.0,0.0,0.0,0.5172166228294373,0.9779510498046875,,
fwedu_1p3B,fwedu_1p3B_kda-sig-lowrank_1.3B_cosine100B_gbs128_lr0.0004,116736,61.203,11,256,128,0.0,0.0,0.0,0.0,0.4882541596889496,0.9810311794281006,,
fwedu_1p3B,fwedu_1p3B_kda-sig-lowrank_1.3B_cosine100B_gbs128_lr0.0004,116736,61.203,12,256,128,0.0,0.0,0.0,0.0,0.5668643712997437,0.9686614274978638,,
fwedu_1p3B,fwedu_1p3B_kda-sig-lowrank_1.3B_cosine100B_gbs128_lr0.0004,116736,61.203,13,256,128,0.0,0.0,0.0,0.0,0.5522890090942383,0.9934856295585632,,
fwedu_1p3B,fwedu_1p3B_kda-sig-lowrank_1.3B_cosine100B_gbs128_lr0.0004,116736,61.203,14,256,128,0.0,0.0,0.0,0.0,0.5198355317115784,0.9929028153419495,,
fwedu_1p3B,fwedu_1p3B_kda-sig-lowrank_1.3B_cosine100B_gbs128_lr0.0004,116736,61.203,15,256,128,0.0,0.0,0.0,0.0,0.4964718818664551,0.9909696578979492,,
fwedu_1p3B,fwedu_1p3B_kda-sig-lowrank_1.3B_cosine100B_gbs128_lr0.0004,116736,61.203,16,256,128,0.0,0.0,0.0,0.0,0.4543827176094055,0.9903886914253235,,
fwedu_1p3B,fwedu_1p3B_kda-sig-lowrank_1.3B_cosine100B_gbs128_lr0.0004,116736,61.203,17,256,128,0.0,0.0,0.0,0.0,0.5331263542175293,0.970238208770752,,
fwedu_1p3B,fwedu_1p3B_kda-sig-lowrank_1.3B_cosine100B_gbs128_lr0.0004,116736,61.203,18,256,128,0.0,0.0,0.0,0.0,0.48281437158584595,0.9667912721633911,,
fwedu_1p3B,fwedu_1p3B_kda-sig-lowrank_1.3B_cosine100B_gbs128_lr0.0004,116736,61.203,19,256,128,0.0,0.0,0.0,0.0,0.5065123438835144,0.9823892712593079,,
fwedu_1p3B,fwedu_1p3B_kda-sig-lowrank_1.3B_cosine100B_gbs128_lr0.0004,116736,61.203,20,256,128,0.0,0.0,0.0,0.0,0.5246240496635437,0.8761667609214783,,
fwedu_1p3B,fwedu_1p3B_kda-sig-lowrank_1.3B_cosine100B_gbs128_lr0.0004,116736,61.203,21,256,128,0.0,0.0,0.0,0.0,0.39437010884284973,0.987579345703125,,
fwedu_1p3B,fwedu_1p3B_kda-sig-lowrank_1.3B_cosine100B_gbs128_lr0.0004,116736,61.203,22,256,128,0.0,0.0,0.0,0.0,0.34363096952438354,0.9938806891441345,,
fwedu_1p3B,fwedu_1p3B_kda-sig-lowrank_1.3B_cosine100B_gbs128_lr0.0004,116736,61.203,23,256,128,0.0,0.0,0.0,0.0,0.5250647068023682,0.9233499765396118,,
fwedu_1p3B,fwedu_1p3B_kda-sig-lowrank_1.3B_cosine100B_gbs128_lr0.0004,126464,66.304,0,256,128,0.0,0.0,0.0,0.0,0.735157310962677,0.7212399840354919,,
fwedu_1p3B,fwedu_1p3B_kda-sig-lowrank_1.3B_cosine100B_gbs128_lr0.0004,126464,66.304,1,256,128,0.0,0.0,0.0,0.0,0.5303072333335876,0.3685911297798157,,
fwedu_1p3B,fwedu_1p3B_kda-sig-lowrank_1.3B_cosine100B_gbs128_lr0.0004,126464,66.304,2,256,128,0.0,0.0,0.0,0.0,0.47385337948799133,0.5815225839614868,,
fwedu_1p3B,fwedu_1p3B_kda-sig-lowrank_1.3B_cosine100B_gbs128_lr0.0004,126464,66.304,3,256,128,0.0,0.0,0.0,0.0,0.5260144472122192,0.4945647418498993,,
fwedu_1p3B,fwedu_1p3B_kda-sig-lowrank_1.3B_cosine100B_gbs128_lr0.0004,126464,66.304,4,256,128,0.0,0.0,0.0,0.0,0.5075453519821167,0.5765939950942993,,
fwedu_1p3B,fwedu_1p3B_kda-sig-lowrank_1.3B_cosine100B_gbs128_lr0.0004,126464,66.304,5,256,128,0.0,0.0,0.0,0.0,0.4911261200904846,0.6609709858894348,,
fwedu_1p3B,fwedu_1p3B_kda-sig-lowrank_1.3B_cosine100B_gbs128_lr0.0004,126464,66.304,6,256,128,0.0,0.0,0.0,0.0,0.49301019310951233,0.8680646419525146,,
fwedu_1p3B,fwedu_1p3B_kda-sig-lowrank_1.3B_cosine100B_gbs128_lr0.0004,126464,66.304,7,256,128,0.0,0.0,0.0,0.0,0.5258119702339172,0.770564615726471,,
fwedu_1p3B,fwedu_1p3B_kda-sig-lowrank_1.3B_cosine100B_gbs128_lr0.0004,126464,66.304,8,256,128,0.0,0.0,0.0,0.0,0.5434085726737976,0.9161480069160461,,
fwedu_1p3B,fwedu_1p3B_kda-sig-lowrank_1.3B_cosine100B_gbs128_lr0.0004,126464,66.304,9,256,128,0.0,0.0,0.0,0.0,0.4985769987106323,0.9518810510635376,,
fwedu_1p3B,fwedu_1p3B_kda-sig-lowrank_1.3B_cosine100B_gbs128_lr0.0004,126464,66.304,10,256,128,0.0,0.0,0.0,0.0,0.5213292837142944,0.976342499256134,,
fwedu_1p3B,fwedu_1p3B_kda-sig-lowrank_1.3B_cosine100B_gbs128_lr0.0004,126464,66.304,11,256,128,0.0,0.0,0.0,0.0,0.48849916458129883,0.9822704195976257,,
fwedu_1p3B,fwedu_1p3B_kda-sig-lowrank_1.3B_cosine100B_gbs128_lr0.0004,126464,66.304,12,256,128,0.0,0.0,0.0,0.0,0.56833416223526,0.9675696492195129,,
fwedu_1p3B,fwedu_1p3B_kda-sig-lowrank_1.3B_cosine100B_gbs128_lr0.0004,126464,66.304,13,256,128,0.0,0.0,0.0,0.0,0.5507829785346985,0.9933519959449768,,
fwedu_1p3B,fwedu_1p3B_kda-sig-lowrank_1.3B_cosine100B_gbs128_lr0.0004,126464,66.304,14,256,128,0.0,0.0,0.0,0.0,0.5170794725418091,0.9931625127792358,,
fwedu_1p3B,fwedu_1p3B_kda-sig-lowrank_1.3B_cosine100B_gbs128_lr0.0004,126464,66.304,15,256,128,0.0,0.0,0.0,0.0,0.4950578212738037,0.9914830923080444,,
fwedu_1p3B,fwedu_1p3B_kda-sig-lowrank_1.3B_cosine100B_gbs128_lr0.0004,126464,66.304,16,256,128,0.0,0.0,0.0,0.0,0.4549272656440735,0.9901856780052185,,
fwedu_1p3B,fwedu_1p3B_kda-sig-lowrank_1.3B_cosine100B_gbs128_lr0.0004,126464,66.304,17,256,128,0.0,0.0,0.0,0.0,0.5361994504928589,0.9698771238327026,,
fwedu_1p3B,fwedu_1p3B_kda-sig-lowrank_1.3B_cosine100B_gbs128_lr0.0004,126464,66.304,18,256,128,0.0,0.0,0.0,0.0,0.4854806363582611,0.9663242697715759,,
fwedu_1p3B,fwedu_1p3B_kda-sig-lowrank_1.3B_cosine100B_gbs128_lr0.0004,126464,66.304,19,256,128,0.0,0.0,0.0,0.0,0.5068800449371338,0.980752170085907,,
fwedu_1p3B,fwedu_1p3B_kda-sig-lowrank_1.3B_cosine100B_gbs128_lr0.0004,126464,66.304,20,256,128,0.0,0.0,0.0,0.0,0.5258985757827759,0.8673784732818604,,
fwedu_1p3B,fwedu_1p3B_kda-sig-lowrank_1.3B_cosine100B_gbs128_lr0.0004,126464,66.304,21,256,128,0.0,0.0,0.0,0.0,0.39555978775024414,0.9872709512710571,,
fwedu_1p3B,fwedu_1p3B_kda-sig-lowrank_1.3B_cosine100B_gbs128_lr0.0004,126464,66.304,22,256,128,0.0,0.0,0.0,0.0,0.3461120128631592,0.9928666353225708,,
fwedu_1p3B,fwedu_1p3B_kda-sig-lowrank_1.3B_cosine100B_gbs128_lr0.0004,126464,66.304,23,256,128,0.0,0.0,0.0,0.0,0.5302387475967407,0.920994222164154,,
fwedu_1p3B,fwedu_1p3B_kda-sig-lowrank_1.3B_cosine100B_gbs128_lr0.0004,136192,71.404,0,256,128,0.0,0.0,0.0,0.0,0.7436128258705139,0.7227333188056946,,
fwedu_1p3B,fwedu_1p3B_kda-sig-lowrank_1.3B_cosine100B_gbs128_lr0.0004,136192,71.404,1,256,128,0.0,0.0,0.0,0.0,0.5390480756759644,0.37607866525650024,,
fwedu_1p3B,fwedu_1p3B_kda-sig-lowrank_1.3B_cosine100B_gbs128_lr0.0004,136192,71.404,2,256,128,0.0,0.0,0.0,0.0,0.4810260236263275,0.5803073644638062,,
fwedu_1p3B,fwedu_1p3B_kda-sig-lowrank_1.3B_cosine100B_gbs128_lr0.0004,136192,71.404,3,256,128,0.0,0.0,0.0,0.0,0.530671238899231,0.48832517862319946,,
fwedu_1p3B,fwedu_1p3B_kda-sig-lowrank_1.3B_cosine100B_gbs128_lr0.0004,136192,71.404,4,256,128,0.0,0.0,0.0,0.0,0.5119324922561646,0.5850957036018372,,
fwedu_1p3B,fwedu_1p3B_kda-sig-lowrank_1.3B_cosine100B_gbs128_lr0.0004,136192,71.404,5,256,128,0.0,0.0,0.0,0.0,0.48921799659729004,0.6590723991394043,,
fwedu_1p3B,fwedu_1p3B_kda-sig-lowrank_1.3B_cosine100B_gbs128_lr0.0004,136192,71.404,6,256,128,0.0,0.0,0.0,0.0,0.49608713388442993,0.873542308807373,,
fwedu_1p3B,fwedu_1p3B_kda-sig-lowrank_1.3B_cosine100B_gbs128_lr0.0004,136192,71.404,7,256,128,0.0,0.0,0.0,0.0,0.5307178497314453,0.7662721872329712,,
fwedu_1p3B,fwedu_1p3B_kda-sig-lowrank_1.3B_cosine100B_gbs128_lr0.0004,136192,71.404,8,256,128,0.0,0.0,0.0,0.0,0.5444923043251038,0.9155312180519104,,
fwedu_1p3B,fwedu_1p3B_kda-sig-lowrank_1.3B_cosine100B_gbs128_lr0.0004,136192,71.404,9,256,128,0.0,0.0,0.0,0.0,0.49670159816741943,0.9500010013580322,,
fwedu_1p3B,fwedu_1p3B_kda-sig-lowrank_1.3B_cosine100B_gbs128_lr0.0004,136192,71.404,10,256,128,0.0,0.0,0.0,0.0,0.5236194133758545,0.976588785648346,,
fwedu_1p3B,fwedu_1p3B_kda-sig-lowrank_1.3B_cosine100B_gbs128_lr0.0004,136192,71.404,11,256,128,0.0,0.0,0.0,0.0,0.49358320236206055,0.9813380241394043,,
fwedu_1p3B,fwedu_1p3B_kda-sig-lowrank_1.3B_cosine100B_gbs128_lr0.0004,136192,71.404,12,256,128,0.0,0.0,0.0,0.0,0.5767104625701904,0.9682736992835999,,
fwedu_1p3B,fwedu_1p3B_kda-sig-lowrank_1.3B_cosine100B_gbs128_lr0.0004,136192,71.404,13,256,128,0.0,0.0,0.0,0.0,0.5524749159812927,0.9930614233016968,,
fwedu_1p3B,fwedu_1p3B_kda-sig-lowrank_1.3B_cosine100B_gbs128_lr0.0004,136192,71.404,14,256,128,0.0,0.0,0.0,0.0,0.5203835964202881,0.9926558136940002,,
fwedu_1p3B,fwedu_1p3B_kda-sig-lowrank_1.3B_cosine100B_gbs128_lr0.0004,136192,71.404,15,256,128,0.0,0.0,0.0,0.0,0.49826207756996155,0.991118848323822,,
fwedu_1p3B,fwedu_1p3B_kda-sig-lowrank_1.3B_cosine100B_gbs128_lr0.0004,136192,71.404,16,256,128,0.0,0.0,0.0,0.0,0.45653101801872253,0.9904646277427673,,
fwedu_1p3B,fwedu_1p3B_kda-sig-lowrank_1.3B_cosine100B_gbs128_lr0.0004,136192,71.404,17,256,128,0.0,0.0,0.0,0.0,0.5380638241767883,0.9707332849502563,,
fwedu_1p3B,fwedu_1p3B_kda-sig-lowrank_1.3B_cosine100B_gbs128_lr0.0004,136192,71.404,18,256,128,0.0,0.0,0.0,0.0,0.4860450029373169,0.9678857326507568,,
fwedu_1p3B,fwedu_1p3B_kda-sig-lowrank_1.3B_cosine100B_gbs128_lr0.0004,136192,71.404,19,256,128,0.0,0.0,0.0,0.0,0.5125160217285156,0.9804296493530273,,
fwedu_1p3B,fwedu_1p3B_kda-sig-lowrank_1.3B_cosine100B_gbs128_lr0.0004,136192,71.404,20,256,128,0.0,0.0,0.0,0.0,0.5331767201423645,0.868273138999939,,
fwedu_1p3B,fwedu_1p3B_kda-sig-lowrank_1.3B_cosine100B_gbs128_lr0.0004,136192,71.404,21,256,128,0.0,0.0,0.0,0.0,0.39275914430618286,0.9871469140052795,,
fwedu_1p3B,fwedu_1p3B_kda-sig-lowrank_1.3B_cosine100B_gbs128_lr0.0004,136192,71.404,22,256,128,0.0,0.0,0.0,0.0,0.34694164991378784,0.9933957457542419,,
fwedu_1p3B,fwedu_1p3B_kda-sig-lowrank_1.3B_cosine100B_gbs128_lr0.0004,136192,71.404,23,256,128,0.0,0.0,0.0,0.0,0.5339601039886475,0.9172711968421936,,
fwedu_1p3B,fwedu_1p3B_kda-sig-lowrank_1.3B_cosine100B_gbs128_lr0.0004,145920,76.504,0,256,128,0.0,0.0,0.0,0.0,0.7579078078269958,0.726709246635437,,
fwedu_1p3B,fwedu_1p3B_kda-sig-lowrank_1.3B_cosine100B_gbs128_lr0.0004,145920,76.504,1,256,128,0.0,0.0,0.0,0.0,0.5460960268974304,0.3645818531513214,,
fwedu_1p3B,fwedu_1p3B_kda-sig-lowrank_1.3B_cosine100B_gbs128_lr0.0004,145920,76.504,2,256,128,0.0,0.0,0.0,0.0,0.4893246293067932,0.5725066065788269,,
fwedu_1p3B,fwedu_1p3B_kda-sig-lowrank_1.3B_cosine100B_gbs128_lr0.0004,145920,76.504,3,256,128,0.0,0.0,0.0,0.0,0.5393764972686768,0.48312056064605713,,
fwedu_1p3B,fwedu_1p3B_kda-sig-lowrank_1.3B_cosine100B_gbs128_lr0.0004,145920,76.504,4,256,128,0.0,0.0,0.0,0.0,0.5196129083633423,0.579634964466095,,
fwedu_1p3B,fwedu_1p3B_kda-sig-lowrank_1.3B_cosine100B_gbs128_lr0.0004,145920,76.504,5,256,128,0.0,0.0,0.0,0.0,0.5025211572647095,0.6519613862037659,,
fwedu_1p3B,fwedu_1p3B_kda-sig-lowrank_1.3B_cosine100B_gbs128_lr0.0004,145920,76.504,6,256,128,0.0,0.0,0.0,0.0,0.502305805683136,0.8681799173355103,,
fwedu_1p3B,fwedu_1p3B_kda-sig-lowrank_1.3B_cosine100B_gbs128_lr0.0004,145920,76.504,7,256,128,0.0,0.0,0.0,0.0,0.5327480435371399,0.760419487953186,,
fwedu_1p3B,fwedu_1p3B_kda-sig-lowrank_1.3B_cosine100B_gbs128_lr0.0004,145920,76.504,8,256,128,0.0,0.0,0.0,0.0,0.5506201386451721,0.913967490196228,,
fwedu_1p3B,fwedu_1p3B_kda-sig-lowrank_1.3B_cosine100B_gbs128_lr0.0004,145920,76.504,9,256,128,0.0,0.0,0.0,0.0,0.5047357678413391,0.9493135213851929,,
fwedu_1p3B,fwedu_1p3B_kda-sig-lowrank_1.3B_cosine100B_gbs128_lr0.0004,145920,76.504,10,256,128,0.0,0.0,0.0,0.0,0.5201903581619263,0.9767986536026001,,
fwedu_1p3B,fwedu_1p3B_kda-sig-lowrank_1.3B_cosine100B_gbs128_lr0.0004,145920,76.504,11,256,128,0.0,0.0,0.0,0.0,0.4896695017814636,0.981743574142456,,
fwedu_1p3B,fwedu_1p3B_kda-sig-lowrank_1.3B_cosine100B_gbs128_lr0.0004,145920,76.504,12,256,128,0.0,0.0,0.0,0.0,0.575735867023468,0.9676699638366699,,
fwedu_1p3B,fwedu_1p3B_kda-sig-lowrank_1.3B_cosine100B_gbs128_lr0.0004,145920,76.504,13,256,128,0.0,0.0,0.0,0.0,0.5496591329574585,0.9930044412612915,,
fwedu_1p3B,fwedu_1p3B_kda-sig-lowrank_1.3B_cosine100B_gbs128_lr0.0004,145920,76.504,14,256,128,0.0,0.0,0.0,0.0,0.5274565815925598,0.9925267100334167,,
fwedu_1p3B,fwedu_1p3B_kda-sig-lowrank_1.3B_cosine100B_gbs128_lr0.0004,145920,76.504,15,256,128,0.0,0.0,0.0,0.0,0.502991795539856,0.9910288453102112,,
fwedu_1p3B,fwedu_1p3B_kda-sig-lowrank_1.3B_cosine100B_gbs128_lr0.0004,145920,76.504,16,256,128,0.0,0.0,0.0,0.0,0.46706852316856384,0.9900224804878235,,
fwedu_1p3B,fwedu_1p3B_kda-sig-lowrank_1.3B_cosine100B_gbs128_lr0.0004,145920,76.504,17,256,128,0.0,0.0,0.0,0.0,0.5368863344192505,0.9702544212341309,,
fwedu_1p3B,fwedu_1p3B_kda-sig-lowrank_1.3B_cosine100B_gbs128_lr0.0004,145920,76.504,18,256,128,0.0,0.0,0.0,0.0,0.48996490240097046,0.9654738903045654,,
fwedu_1p3B,fwedu_1p3B_kda-sig-lowrank_1.3B_cosine100B_gbs128_lr0.0004,145920,76.504,19,256,128,0.0,0.0,0.0,0.0,0.5133633613586426,0.9797927737236023,,
fwedu_1p3B,fwedu_1p3B_kda-sig-lowrank_1.3B_cosine100B_gbs128_lr0.0004,145920,76.504,20,256,128,0.0,0.0,0.0,0.0,0.5363184213638306,0.8599045872688293,,
fwedu_1p3B,fwedu_1p3B_kda-sig-lowrank_1.3B_cosine100B_gbs128_lr0.0004,145920,76.504,21,256,128,0.0,0.0,0.0,0.0,0.4008713364601135,0.9868103861808777,,
fwedu_1p3B,fwedu_1p3B_kda-sig-lowrank_1.3B_cosine100B_gbs128_lr0.0004,145920,76.504,22,256,128,0.0,0.0,0.0,0.0,0.3453673720359802,0.9934481978416443,,
fwedu_1p3B,fwedu_1p3B_kda-sig-lowrank_1.3B_cosine100B_gbs128_lr0.0004,145920,76.504,23,256,128,0.0,0.0,0.0,0.0,0.5361179709434509,0.914406955242157,,
fwedu_1p3B,fwedu_1p3B_kda-sig-lowrank_1.3B_cosine100B_gbs128_lr0.0004,155648,81.604,0,256,128,0.0,0.0,0.0,0.0,0.7737020254135132,0.7578995823860168,,
fwedu_1p3B,fwedu_1p3B_kda-sig-lowrank_1.3B_cosine100B_gbs128_lr0.0004,155648,81.604,1,256,128,0.0,0.0,0.0,0.0,0.5543358325958252,0.36522185802459717,,
fwedu_1p3B,fwedu_1p3B_kda-sig-lowrank_1.3B_cosine100B_gbs128_lr0.0004,155648,81.604,2,256,128,0.0,0.0,0.0,0.0,0.4939301609992981,0.569119393825531,,
fwedu_1p3B,fwedu_1p3B_kda-sig-lowrank_1.3B_cosine100B_gbs128_lr0.0004,155648,81.604,3,256,128,0.0,0.0,0.0,0.0,0.5463223457336426,0.4911061227321625,,
fwedu_1p3B,fwedu_1p3B_kda-sig-lowrank_1.3B_cosine100B_gbs128_lr0.0004,155648,81.604,4,256,128,0.0,0.0,0.0,0.0,0.5242635011672974,0.5739873051643372,,
fwedu_1p3B,fwedu_1p3B_kda-sig-lowrank_1.3B_cosine100B_gbs128_lr0.0004,155648,81.604,5,256,128,0.0,0.0,0.0,0.0,0.5052424669265747,0.6424878835678101,,
fwedu_1p3B,fwedu_1p3B_kda-sig-lowrank_1.3B_cosine100B_gbs128_lr0.0004,155648,81.604,6,256,128,0.0,0.0,0.0,0.0,0.5041483044624329,0.8666191101074219,,
fwedu_1p3B,fwedu_1p3B_kda-sig-lowrank_1.3B_cosine100B_gbs128_lr0.0004,155648,81.604,7,256,128,0.0,0.0,0.0,0.0,0.5374844670295715,0.7611019015312195,,
fwedu_1p3B,fwedu_1p3B_kda-sig-lowrank_1.3B_cosine100B_gbs128_lr0.0004,155648,81.604,8,256,128,0.0,0.0,0.0,0.0,0.5516597628593445,0.9135341644287109,,
fwedu_1p3B,fwedu_1p3B_kda-sig-lowrank_1.3B_cosine100B_gbs128_lr0.0004,155648,81.604,9,256,128,0.0,0.0,0.0,0.0,0.5094255805015564,0.9485253691673279,,
fwedu_1p3B,fwedu_1p3B_kda-sig-lowrank_1.3B_cosine100B_gbs128_lr0.0004,155648,81.604,10,256,128,0.0,0.0,0.0,0.0,0.526057243347168,0.9768639206886292,,
fwedu_1p3B,fwedu_1p3B_kda-sig-lowrank_1.3B_cosine100B_gbs128_lr0.0004,155648,81.604,11,256,128,0.0,0.0,0.0,0.0,0.49354562163352966,0.9813544750213623,,
fwedu_1p3B,fwedu_1p3B_kda-sig-lowrank_1.3B_cosine100B_gbs128_lr0.0004,155648,81.604,12,256,128,0.0,0.0,0.0,0.0,0.577731192111969,0.9673013687133789,,
fwedu_1p3B,fwedu_1p3B_kda-sig-lowrank_1.3B_cosine100B_gbs128_lr0.0004,155648,81.604,13,256,128,0.0,0.0,0.0,0.0,0.552485466003418,0.9936585426330566,,
fwedu_1p3B,fwedu_1p3B_kda-sig-lowrank_1.3B_cosine100B_gbs128_lr0.0004,155648,81.604,14,256,128,0.0,0.0,0.0,0.0,0.5286009311676025,0.9924570918083191,,
fwedu_1p3B,fwedu_1p3B_kda-sig-lowrank_1.3B_cosine100B_gbs128_lr0.0004,155648,81.604,15,256,128,0.0,0.0,0.0,0.0,0.5055221319198608,0.9910487532615662,,
fwedu_1p3B,fwedu_1p3B_kda-sig-lowrank_1.3B_cosine100B_gbs128_lr0.0004,155648,81.604,16,256,128,0.0,0.0,0.0,0.0,0.4612256586551666,0.9908969402313232,,
fwedu_1p3B,fwedu_1p3B_kda-sig-lowrank_1.3B_cosine100B_gbs128_lr0.0004,155648,81.604,17,256,128,0.0,0.0,0.0,0.0,0.5420602560043335,0.969301700592041,,
fwedu_1p3B,fwedu_1p3B_kda-sig-lowrank_1.3B_cosine100B_gbs128_lr0.0004,155648,81.604,18,256,128,0.0,0.0,0.0,0.0,0.4950019121170044,0.9660254716873169,,
fwedu_1p3B,fwedu_1p3B_kda-sig-lowrank_1.3B_cosine100B_gbs128_lr0.0004,155648,81.604,19,256,128,0.0,0.0,0.0,0.0,0.5111239552497864,0.9806434512138367,,
fwedu_1p3B,fwedu_1p3B_kda-sig-lowrank_1.3B_cosine100B_gbs128_lr0.0004,155648,81.604,20,256,128,0.0,0.0,0.0,0.0,0.545343279838562,0.8620318174362183,,
fwedu_1p3B,fwedu_1p3B_kda-sig-lowrank_1.3B_cosine100B_gbs128_lr0.0004,155648,81.604,21,256,128,0.0,0.0,0.0,0.0,0.4044225215911865,0.9872459769248962,,
fwedu_1p3B,fwedu_1p3B_kda-sig-lowrank_1.3B_cosine100B_gbs128_lr0.0004,155648,81.604,22,256,128,0.0,0.0,0.0,0.0,0.3452014923095703,0.9935478568077087,,
fwedu_1p3B,fwedu_1p3B_kda-sig-lowrank_1.3B_cosine100B_gbs128_lr0.0004,155648,81.604,23,256,128,0.0,0.0,0.0,0.0,0.5394364595413208,0.9131355881690979,,
fwedu_1p3B,fwedu_1p3B_kda-sig-lowrank_1.3B_cosine100B_gbs128_lr0.0004,161320,84.578,0,256,128,0.0,0.0,0.0,0.0,0.78066086769104,0.7625648975372314,,
fwedu_1p3B,fwedu_1p3B_kda-sig-lowrank_1.3B_cosine100B_gbs128_lr0.0004,161320,84.578,1,256,128,0.0,0.0,0.0,0.0,0.5605829954147339,0.3749961853027344,,
fwedu_1p3B,fwedu_1p3B_kda-sig-lowrank_1.3B_cosine100B_gbs128_lr0.0004,161320,84.578,2,256,128,0.0,0.0,0.0,0.0,0.49910297989845276,0.5729317665100098,,
fwedu_1p3B,fwedu_1p3B_kda-sig-lowrank_1.3B_cosine100B_gbs128_lr0.0004,161320,84.578,3,256,128,0.0,0.0,0.0,0.0,0.5477543473243713,0.485132098197937,,
fwedu_1p3B,fwedu_1p3B_kda-sig-lowrank_1.3B_cosine100B_gbs128_lr0.0004,161320,84.578,4,256,128,0.0,0.0,0.0,0.0,0.5270469784736633,0.572905957698822,,
fwedu_1p3B,fwedu_1p3B_kda-sig-lowrank_1.3B_cosine100B_gbs128_lr0.0004,161320,84.578,5,256,128,0.0,0.0,0.0,0.0,0.5060782432556152,0.6409919857978821,,
fwedu_1p3B,fwedu_1p3B_kda-sig-lowrank_1.3B_cosine100B_gbs128_lr0.0004,161320,84.578,6,256,128,0.0,0.0,0.0,0.0,0.5040408372879028,0.865951418876648,,
fwedu_1p3B,fwedu_1p3B_kda-sig-lowrank_1.3B_cosine100B_gbs128_lr0.0004,161320,84.578,7,256,128,0.0,0.0,0.0,0.0,0.5374897718429565,0.7579148411750793,,
fwedu_1p3B,fwedu_1p3B_kda-sig-lowrank_1.3B_cosine100B_gbs128_lr0.0004,161320,84.578,8,256,128,0.0,0.0,0.0,0.0,0.5497903227806091,0.913529634475708,,
fwedu_1p3B,fwedu_1p3B_kda-sig-lowrank_1.3B_cosine100B_gbs128_lr0.0004,161320,84.578,9,256,128,0.0,0.0,0.0,0.0,0.5070344805717468,0.9484977126121521,,
fwedu_1p3B,fwedu_1p3B_kda-sig-lowrank_1.3B_cosine100B_gbs128_lr0.0004,161320,84.578,10,256,128,0.0,0.0,0.0,0.0,0.5253299474716187,0.9754587411880493,,
fwedu_1p3B,fwedu_1p3B_kda-sig-lowrank_1.3B_cosine100B_gbs128_lr0.0004,161320,84.578,11,256,128,0.0,0.0,0.0,0.0,0.49554577469825745,0.9817856550216675,,
fwedu_1p3B,fwedu_1p3B_kda-sig-lowrank_1.3B_cosine100B_gbs128_lr0.0004,161320,84.578,12,256,128,0.0,0.0,0.0,0.0,0.5793027877807617,0.9674787521362305,,
fwedu_1p3B,fwedu_1p3B_kda-sig-lowrank_1.3B_cosine100B_gbs128_lr0.0004,161320,84.578,13,256,128,0.0,0.0,0.0,0.0,0.5518902540206909,0.9936448931694031,,
fwedu_1p3B,fwedu_1p3B_kda-sig-lowrank_1.3B_cosine100B_gbs128_lr0.0004,161320,84.578,14,256,128,0.0,0.0,0.0,0.0,0.5309714078903198,0.9926018118858337,,
fwedu_1p3B,fwedu_1p3B_kda-sig-lowrank_1.3B_cosine100B_gbs128_lr0.0004,161320,84.578,15,256,128,0.0,0.0,0.0,0.0,0.5033406019210815,0.9910029768943787,,
fwedu_1p3B,fwedu_1p3B_kda-sig-lowrank_1.3B_cosine100B_gbs128_lr0.0004,161320,84.578,16,256,128,0.0,0.0,0.0,0.0,0.4622332453727722,0.9904316663742065,,
fwedu_1p3B,fwedu_1p3B_kda-sig-lowrank_1.3B_cosine100B_gbs128_lr0.0004,161320,84.578,17,256,128,0.0,0.0,0.0,0.0,0.542095422744751,0.9697161316871643,,
fwedu_1p3B,fwedu_1p3B_kda-sig-lowrank_1.3B_cosine100B_gbs128_lr0.0004,161320,84.578,18,256,128,0.0,0.0,0.0,0.0,0.49629464745521545,0.9661995768547058,,
fwedu_1p3B,fwedu_1p3B_kda-sig-lowrank_1.3B_cosine100B_gbs128_lr0.0004,161320,84.578,19,256,128,0.0,0.0,0.0,0.0,0.5127800703048706,0.9805288910865784,,
fwedu_1p3B,fwedu_1p3B_kda-sig-lowrank_1.3B_cosine100B_gbs128_lr0.0004,161320,84.578,20,256,128,0.0,0.0,0.0,0.0,0.5458356738090515,0.8644821047782898,,
fwedu_1p3B,fwedu_1p3B_kda-sig-lowrank_1.3B_cosine100B_gbs128_lr0.0004,161320,84.578,21,256,128,0.0,0.0,0.0,0.0,0.40345484018325806,0.9873847961425781,,
fwedu_1p3B,fwedu_1p3B_kda-sig-lowrank_1.3B_cosine100B_gbs128_lr0.0004,161320,84.578,22,256,128,0.0,0.0,0.0,0.0,0.3442285358905792,0.993607223033905,,
fwedu_1p3B,fwedu_1p3B_kda-sig-lowrank_1.3B_cosine100B_gbs128_lr0.0004,161320,84.578,23,256,128,0.0,0.0,0.0,0.0,0.5410626530647278,0.9127638339996338,,
fwedu_1p3B,fwedu_1p3B_kda-sig-lowrank_1.3B_cosine100B_gbs128_lr0.0004,165376,86.705,0,256,128,0.0,0.0,0.0,0.0,0.786751389503479,0.758827269077301,,
fwedu_1p3B,fwedu_1p3B_kda-sig-lowrank_1.3B_cosine100B_gbs128_lr0.0004,165376,86.705,1,256,128,0.0,0.0,0.0,0.0,0.561439037322998,0.3728187680244446,,
fwedu_1p3B,fwedu_1p3B_kda-sig-lowrank_1.3B_cosine100B_gbs128_lr0.0004,165376,86.705,2,256,128,0.0,0.0,0.0,0.0,0.5014399290084839,0.5696805119514465,,
fwedu_1p3B,fwedu_1p3B_kda-sig-lowrank_1.3B_cosine100B_gbs128_lr0.0004,165376,86.705,3,256,128,0.0,0.0,0.0,0.0,0.5485355854034424,0.48468273878097534,,
fwedu_1p3B,fwedu_1p3B_kda-sig-lowrank_1.3B_cosine100B_gbs128_lr0.0004,165376,86.705,4,256,128,0.0,0.0,0.0,0.0,0.5309038162231445,0.5748112201690674,,
fwedu_1p3B,fwedu_1p3B_kda-sig-lowrank_1.3B_cosine100B_gbs128_lr0.0004,165376,86.705,5,256,128,0.0,0.0,0.0,0.0,0.509191632270813,0.6464290618896484,,
fwedu_1p3B,fwedu_1p3B_kda-sig-lowrank_1.3B_cosine100B_gbs128_lr0.0004,165376,86.705,6,256,128,0.0,0.0,0.0,0.0,0.5081357955932617,0.8647148609161377,,
fwedu_1p3B,fwedu_1p3B_kda-sig-lowrank_1.3B_cosine100B_gbs128_lr0.0004,165376,86.705,7,256,128,0.0,0.0,0.0,0.0,0.5397197008132935,0.7604148387908936,,
fwedu_1p3B,fwedu_1p3B_kda-sig-lowrank_1.3B_cosine100B_gbs128_lr0.0004,165376,86.705,8,256,128,0.0,0.0,0.0,0.0,0.553394079208374,0.9122448563575745,,
fwedu_1p3B,fwedu_1p3B_kda-sig-lowrank_1.3B_cosine100B_gbs128_lr0.0004,165376,86.705,9,256,128,0.0,0.0,0.0,0.0,0.5109288692474365,0.948185920715332,,
fwedu_1p3B,fwedu_1p3B_kda-sig-lowrank_1.3B_cosine100B_gbs128_lr0.0004,165376,86.705,10,256,128,0.0,0.0,0.0,0.0,0.5308315753936768,0.9759057760238647,,
fwedu_1p3B,fwedu_1p3B_kda-sig-lowrank_1.3B_cosine100B_gbs128_lr0.0004,165376,86.705,11,256,128,0.0,0.0,0.0,0.0,0.4958510994911194,0.9814214706420898,,
fwedu_1p3B,fwedu_1p3B_kda-sig-lowrank_1.3B_cosine100B_gbs128_lr0.0004,165376,86.705,12,256,128,0.0,0.0,0.0,0.0,0.5824452042579651,0.9674704670906067,,
fwedu_1p3B,fwedu_1p3B_kda-sig-lowrank_1.3B_cosine100B_gbs128_lr0.0004,165376,86.705,13,256,128,0.0,0.0,0.0,0.0,0.5521699786186218,0.9933937191963196,,
fwedu_1p3B,fwedu_1p3B_kda-sig-lowrank_1.3B_cosine100B_gbs128_lr0.0004,165376,86.705,14,256,128,0.0,0.0,0.0,0.0,0.5315393209457397,0.9924954771995544,,
fwedu_1p3B,fwedu_1p3B_kda-sig-lowrank_1.3B_cosine100B_gbs128_lr0.0004,165376,86.705,15,256,128,0.0,0.0,0.0,0.0,0.5075815320014954,0.991424024105072,,
fwedu_1p3B,fwedu_1p3B_kda-sig-lowrank_1.3B_cosine100B_gbs128_lr0.0004,165376,86.705,16,256,128,0.0,0.0,0.0,0.0,0.46095380187034607,0.9907406568527222,,
fwedu_1p3B,fwedu_1p3B_kda-sig-lowrank_1.3B_cosine100B_gbs128_lr0.0004,165376,86.705,17,256,128,0.0,0.0,0.0,0.0,0.5432588458061218,0.9697642922401428,,
fwedu_1p3B,fwedu_1p3B_kda-sig-lowrank_1.3B_cosine100B_gbs128_lr0.0004,165376,86.705,18,256,128,0.0,0.0,0.0,0.0,0.4974101185798645,0.9657688736915588,,
fwedu_1p3B,fwedu_1p3B_kda-sig-lowrank_1.3B_cosine100B_gbs128_lr0.0004,165376,86.705,19,256,128,0.0,0.0,0.0,0.0,0.5172638297080994,0.9799780249595642,,
fwedu_1p3B,fwedu_1p3B_kda-sig-lowrank_1.3B_cosine100B_gbs128_lr0.0004,165376,86.705,20,256,128,0.0,0.0,0.0,0.0,0.5484527945518494,0.8584598302841187,,
fwedu_1p3B,fwedu_1p3B_kda-sig-lowrank_1.3B_cosine100B_gbs128_lr0.0004,165376,86.705,21,256,128,0.0,0.0,0.0,0.0,0.40315818786621094,0.9863854050636292,,
fwedu_1p3B,fwedu_1p3B_kda-sig-lowrank_1.3B_cosine100B_gbs128_lr0.0004,165376,86.705,22,256,128,0.0,0.0,0.0,0.0,0.3476688265800476,0.9934590458869934,,
fwedu_1p3B,fwedu_1p3B_kda-sig-lowrank_1.3B_cosine100B_gbs128_lr0.0004,165376,86.705,23,256,128,0.0,0.0,0.0,0.0,0.5429748296737671,0.9104512929916382,,
fwedu_1p3B,fwedu_1p3B_kda-sig-lowrank_1.3B_cosine100B_gbs128_lr0.0004,175104,91.805,0,256,128,0.0,0.0,0.0,0.0,0.7944381237030029,0.7557589411735535,,
fwedu_1p3B,fwedu_1p3B_kda-sig-lowrank_1.3B_cosine100B_gbs128_lr0.0004,175104,91.805,1,256,128,0.0,0.0,0.0,0.0,0.5651324391365051,0.3644835352897644,,
fwedu_1p3B,fwedu_1p3B_kda-sig-lowrank_1.3B_cosine100B_gbs128_lr0.0004,175104,91.805,2,256,128,0.0,0.0,0.0,0.0,0.5021907091140747,0.567754328250885,,
fwedu_1p3B,fwedu_1p3B_kda-sig-lowrank_1.3B_cosine100B_gbs128_lr0.0004,175104,91.805,3,256,128,0.0,0.0,0.0,0.0,0.5501517057418823,0.4904192090034485,,
fwedu_1p3B,fwedu_1p3B_kda-sig-lowrank_1.3B_cosine100B_gbs128_lr0.0004,175104,91.805,4,256,128,0.0,0.0,0.0,0.0,0.529983639717102,0.5672286748886108,,
fwedu_1p3B,fwedu_1p3B_kda-sig-lowrank_1.3B_cosine100B_gbs128_lr0.0004,175104,91.805,5,256,128,0.0,0.0,0.0,0.0,0.511130154132843,0.639997661113739,,
fwedu_1p3B,fwedu_1p3B_kda-sig-lowrank_1.3B_cosine100B_gbs128_lr0.0004,175104,91.805,6,256,128,0.0,0.0,0.0,0.0,0.5133799314498901,0.861678957939148,,
fwedu_1p3B,fwedu_1p3B_kda-sig-lowrank_1.3B_cosine100B_gbs128_lr0.0004,175104,91.805,7,256,128,0.0,0.0,0.0,0.0,0.5421665906906128,0.7598373293876648,,
fwedu_1p3B,fwedu_1p3B_kda-sig-lowrank_1.3B_cosine100B_gbs128_lr0.0004,175104,91.805,8,256,128,0.0,0.0,0.0,0.0,0.5521936416625977,0.912710964679718,,
fwedu_1p3B,fwedu_1p3B_kda-sig-lowrank_1.3B_cosine100B_gbs128_lr0.0004,175104,91.805,9,256,128,0.0,0.0,0.0,0.0,0.509331464767456,0.947162926197052,,
fwedu_1p3B,fwedu_1p3B_kda-sig-lowrank_1.3B_cosine100B_gbs128_lr0.0004,175104,91.805,10,256,128,0.0,0.0,0.0,0.0,0.5254644155502319,0.9749197363853455,,
fwedu_1p3B,fwedu_1p3B_kda-sig-lowrank_1.3B_cosine100B_gbs128_lr0.0004,175104,91.805,11,256,128,0.0,0.0,0.0,0.0,0.4939236044883728,0.9811282753944397,,
fwedu_1p3B,fwedu_1p3B_kda-sig-lowrank_1.3B_cosine100B_gbs128_lr0.0004,175104,91.805,12,256,128,0.0,0.0,0.0,0.0,0.5833401679992676,0.9672194719314575,,
fwedu_1p3B,fwedu_1p3B_kda-sig-lowrank_1.3B_cosine100B_gbs128_lr0.0004,175104,91.805,13,256,128,0.0,0.0,0.0,0.0,0.551040530204773,0.9937337040901184,,
fwedu_1p3B,fwedu_1p3B_kda-sig-lowrank_1.3B_cosine100B_gbs128_lr0.0004,175104,91.805,14,256,128,0.0,0.0,0.0,0.0,0.5328631401062012,0.9925277829170227,,
fwedu_1p3B,fwedu_1p3B_kda-sig-lowrank_1.3B_cosine100B_gbs128_lr0.0004,175104,91.805,15,256,128,0.0,0.0,0.0,0.0,0.5080490708351135,0.9913076162338257,,
fwedu_1p3B,fwedu_1p3B_kda-sig-lowrank_1.3B_cosine100B_gbs128_lr0.0004,175104,91.805,16,256,128,0.0,0.0,0.0,0.0,0.46147122979164124,0.9900186657905579,,
fwedu_1p3B,fwedu_1p3B_kda-sig-lowrank_1.3B_cosine100B_gbs128_lr0.0004,175104,91.805,17,256,128,0.0,0.0,0.0,0.0,0.544706404209137,0.9697454571723938,,
fwedu_1p3B,fwedu_1p3B_kda-sig-lowrank_1.3B_cosine100B_gbs128_lr0.0004,175104,91.805,18,256,128,0.0,0.0,0.0,0.0,0.49771982431411743,0.9641993045806885,,
fwedu_1p3B,fwedu_1p3B_kda-sig-lowrank_1.3B_cosine100B_gbs128_lr0.0004,175104,91.805,19,256,128,0.0,0.0,0.0,0.0,0.5160603523254395,0.9797153472900391,,
fwedu_1p3B,fwedu_1p3B_kda-sig-lowrank_1.3B_cosine100B_gbs128_lr0.0004,175104,91.805,20,256,128,0.0,0.0,0.0,0.0,0.5500513315200806,0.8538733720779419,,
fwedu_1p3B,fwedu_1p3B_kda-sig-lowrank_1.3B_cosine100B_gbs128_lr0.0004,175104,91.805,21,256,128,0.0,0.0,0.0,0.0,0.4053310751914978,0.9859632849693298,,
fwedu_1p3B,fwedu_1p3B_kda-sig-lowrank_1.3B_cosine100B_gbs128_lr0.0004,175104,91.805,22,256,128,0.0,0.0,0.0,0.0,0.3508642315864563,0.993205189704895,,
fwedu_1p3B,fwedu_1p3B_kda-sig-lowrank_1.3B_cosine100B_gbs128_lr0.0004,175104,91.805,23,256,128,0.0,0.0,0.0,0.0,0.5473142862319946,0.9082196950912476,,
fwedu_1p3B,fwedu_1p3B_kda-sig-lowrank_1.3B_cosine100B_gbs128_lr0.0004,184832,96.905,0,256,128,0.0,0.0,0.0,0.0,0.803777813911438,0.7653294205665588,,
fwedu_1p3B,fwedu_1p3B_kda-sig-lowrank_1.3B_cosine100B_gbs128_lr0.0004,184832,96.905,1,256,128,0.0,0.0,0.0,0.0,0.5690832138061523,0.3677178621292114,,
fwedu_1p3B,fwedu_1p3B_kda-sig-lowrank_1.3B_cosine100B_gbs128_lr0.0004,184832,96.905,2,256,128,0.0,0.0,0.0,0.0,0.5044108033180237,0.5603596568107605,,
fwedu_1p3B,fwedu_1p3B_kda-sig-lowrank_1.3B_cosine100B_gbs128_lr0.0004,184832,96.905,3,256,128,0.0,0.0,0.0,0.0,0.5532864332199097,0.48227640986442566,,
fwedu_1p3B,fwedu_1p3B_kda-sig-lowrank_1.3B_cosine100B_gbs128_lr0.0004,184832,96.905,4,256,128,0.0,0.0,0.0,0.0,0.5347948670387268,0.5690694451332092,,
fwedu_1p3B,fwedu_1p3B_kda-sig-lowrank_1.3B_cosine100B_gbs128_lr0.0004,184832,96.905,5,256,128,0.0,0.0,0.0,0.0,0.5151388645172119,0.6413383483886719,,
fwedu_1p3B,fwedu_1p3B_kda-sig-lowrank_1.3B_cosine100B_gbs128_lr0.0004,184832,96.905,6,256,128,0.0,0.0,0.0,0.0,0.5091542601585388,0.8617620468139648,,
fwedu_1p3B,fwedu_1p3B_kda-sig-lowrank_1.3B_cosine100B_gbs128_lr0.0004,184832,96.905,7,256,128,0.0,0.0,0.0,0.0,0.5405412316322327,0.7616415619850159,,
fwedu_1p3B,fwedu_1p3B_kda-sig-lowrank_1.3B_cosine100B_gbs128_lr0.0004,184832,96.905,8,256,128,0.0,0.0,0.0,0.0,0.5548276901245117,0.9112163186073303,,
fwedu_1p3B,fwedu_1p3B_kda-sig-lowrank_1.3B_cosine100B_gbs128_lr0.0004,184832,96.905,9,256,128,0.0,0.0,0.0,0.0,0.5095874071121216,0.9486066102981567,,
fwedu_1p3B,fwedu_1p3B_kda-sig-lowrank_1.3B_cosine100B_gbs128_lr0.0004,184832,96.905,10,256,128,0.0,0.0,0.0,0.0,0.5305703282356262,0.9767529964447021,,
fwedu_1p3B,fwedu_1p3B_kda-sig-lowrank_1.3B_cosine100B_gbs128_lr0.0004,184832,96.905,11,256,128,0.0,0.0,0.0,0.0,0.49598097801208496,0.9811831712722778,,
fwedu_1p3B,fwedu_1p3B_kda-sig-lowrank_1.3B_cosine100B_gbs128_lr0.0004,184832,96.905,12,256,128,0.0,0.0,0.0,0.0,0.5820785164833069,0.9670824408531189,,
fwedu_1p3B,fwedu_1p3B_kda-sig-lowrank_1.3B_cosine100B_gbs128_lr0.0004,184832,96.905,13,256,128,0.0,0.0,0.0,0.0,0.5518973469734192,0.9935710430145264,,
fwedu_1p3B,fwedu_1p3B_kda-sig-lowrank_1.3B_cosine100B_gbs128_lr0.0004,184832,96.905,14,256,128,0.0,0.0,0.0,0.0,0.5358736515045166,0.9925116896629333,,
fwedu_1p3B,fwedu_1p3B_kda-sig-lowrank_1.3B_cosine100B_gbs128_lr0.0004,184832,96.905,15,256,128,0.0,0.0,0.0,0.0,0.5050377249717712,0.9911532998085022,,
fwedu_1p3B,fwedu_1p3B_kda-sig-lowrank_1.3B_cosine100B_gbs128_lr0.0004,184832,96.905,16,256,128,0.0,0.0,0.0,0.0,0.4615253508090973,0.9904879331588745,,
fwedu_1p3B,fwedu_1p3B_kda-sig-lowrank_1.3B_cosine100B_gbs128_lr0.0004,184832,96.905,17,256,128,0.0,0.0,0.0,0.0,0.5443167686462402,0.9698943495750427,,
fwedu_1p3B,fwedu_1p3B_kda-sig-lowrank_1.3B_cosine100B_gbs128_lr0.0004,184832,96.905,18,256,128,0.0,0.0,0.0,0.0,0.500133752822876,0.9660096764564514,,
fwedu_1p3B,fwedu_1p3B_kda-sig-lowrank_1.3B_cosine100B_gbs128_lr0.0004,184832,96.905,19,256,128,0.0,0.0,0.0,0.0,0.5174872279167175,0.9802961945533752,,
fwedu_1p3B,fwedu_1p3B_kda-sig-lowrank_1.3B_cosine100B_gbs128_lr0.0004,184832,96.905,20,256,128,0.0,0.0,0.0,0.0,0.5515835285186768,0.8574866056442261,,
fwedu_1p3B,fwedu_1p3B_kda-sig-lowrank_1.3B_cosine100B_gbs128_lr0.0004,184832,96.905,21,256,128,0.0,0.0,0.0,0.0,0.405819296836853,0.9860785603523254,,
fwedu_1p3B,fwedu_1p3B_kda-sig-lowrank_1.3B_cosine100B_gbs128_lr0.0004,184832,96.905,22,256,128,0.0,0.0,0.0,0.0,0.3509390950202942,0.9932929873466492,,
fwedu_1p3B,fwedu_1p3B_kda-sig-lowrank_1.3B_cosine100B_gbs128_lr0.0004,184832,96.905,23,256,128,0.0,0.0,0.0,0.0,0.5496218204498291,0.9079802632331848,,
fwedu_1p3B,fwedu_1p3B_kda-sig-lowrank_1.3B_cosine100B_gbs128_lr0.0004,190976,100.126,0,256,128,0.0,0.0,0.0,0.0,0.8112799525260925,0.7663949131965637,,
fwedu_1p3B,fwedu_1p3B_kda-sig-lowrank_1.3B_cosine100B_gbs128_lr0.0004,190976,100.126,1,256,128,0.0,0.0,0.0,0.0,0.5716671347618103,0.36337605118751526,,
fwedu_1p3B,fwedu_1p3B_kda-sig-lowrank_1.3B_cosine100B_gbs128_lr0.0004,190976,100.126,2,256,128,0.0,0.0,0.0,0.0,0.5042967200279236,0.563159167766571,,
fwedu_1p3B,fwedu_1p3B_kda-sig-lowrank_1.3B_cosine100B_gbs128_lr0.0004,190976,100.126,3,256,128,0.0,0.0,0.0,0.0,0.5556491017341614,0.4898158609867096,,
fwedu_1p3B,fwedu_1p3B_kda-sig-lowrank_1.3B_cosine100B_gbs128_lr0.0004,190976,100.126,4,256,128,0.0,0.0,0.0,0.0,0.5365512371063232,0.5720740556716919,,
fwedu_1p3B,fwedu_1p3B_kda-sig-lowrank_1.3B_cosine100B_gbs128_lr0.0004,190976,100.126,5,256,128,0.0,0.0,0.0,0.0,0.5160025358200073,0.6419752836227417,,
fwedu_1p3B,fwedu_1p3B_kda-sig-lowrank_1.3B_cosine100B_gbs128_lr0.0004,190976,100.126,6,256,128,0.0,0.0,0.0,0.0,0.5118361115455627,0.8618322014808655,,
fwedu_1p3B,fwedu_1p3B_kda-sig-lowrank_1.3B_cosine100B_gbs128_lr0.0004,190976,100.126,7,256,128,0.0,0.0,0.0,0.0,0.543760359287262,0.7562965750694275,,
fwedu_1p3B,fwedu_1p3B_kda-sig-lowrank_1.3B_cosine100B_gbs128_lr0.0004,190976,100.126,8,256,128,0.0,0.0,0.0,0.0,0.5561935901641846,0.9118455052375793,,
fwedu_1p3B,fwedu_1p3B_kda-sig-lowrank_1.3B_cosine100B_gbs128_lr0.0004,190976,100.126,9,256,128,0.0,0.0,0.0,0.0,0.5125271677970886,0.9472014307975769,,
fwedu_1p3B,fwedu_1p3B_kda-sig-lowrank_1.3B_cosine100B_gbs128_lr0.0004,190976,100.126,10,256,128,0.0,0.0,0.0,0.0,0.5320740938186646,0.9766805171966553,,
fwedu_1p3B,fwedu_1p3B_kda-sig-lowrank_1.3B_cosine100B_gbs128_lr0.0004,190976,100.126,11,256,128,0.0,0.0,0.0,0.0,0.49652373790740967,0.9821851849555969,,
fwedu_1p3B,fwedu_1p3B_kda-sig-lowrank_1.3B_cosine100B_gbs128_lr0.0004,190976,100.126,12,256,128,0.0,0.0,0.0,0.0,0.5847993493080139,0.9677178859710693,,
fwedu_1p3B,fwedu_1p3B_kda-sig-lowrank_1.3B_cosine100B_gbs128_lr0.0004,190976,100.126,13,256,128,0.0,0.0,0.0,0.0,0.5521484613418579,0.9938068389892578,,
fwedu_1p3B,fwedu_1p3B_kda-sig-lowrank_1.3B_cosine100B_gbs128_lr0.0004,190976,100.126,14,256,128,0.0,0.0,0.0,0.0,0.5379770398139954,0.9924680590629578,,
fwedu_1p3B,fwedu_1p3B_kda-sig-lowrank_1.3B_cosine100B_gbs128_lr0.0004,190976,100.126,15,256,128,0.0,0.0,0.0,0.0,0.5072102546691895,0.9909692406654358,,
fwedu_1p3B,fwedu_1p3B_kda-sig-lowrank_1.3B_cosine100B_gbs128_lr0.0004,190976,100.126,16,256,128,0.0,0.0,0.0,0.0,0.466046541929245,0.9901670813560486,,
fwedu_1p3B,fwedu_1p3B_kda-sig-lowrank_1.3B_cosine100B_gbs128_lr0.0004,190976,100.126,17,256,128,0.0,0.0,0.0,0.0,0.546492338180542,0.9692808389663696,,
fwedu_1p3B,fwedu_1p3B_kda-sig-lowrank_1.3B_cosine100B_gbs128_lr0.0004,190976,100.126,18,256,128,0.0,0.0,0.0,0.0,0.5029828548431396,0.9654762148857117,,
fwedu_1p3B,fwedu_1p3B_kda-sig-lowrank_1.3B_cosine100B_gbs128_lr0.0004,190976,100.126,19,256,128,0.0,0.0,0.0,0.0,0.5216004848480225,0.9799717664718628,,
fwedu_1p3B,fwedu_1p3B_kda-sig-lowrank_1.3B_cosine100B_gbs128_lr0.0004,190976,100.126,20,256,128,0.0,0.0,0.0,0.0,0.5558172464370728,0.854137659072876,,
fwedu_1p3B,fwedu_1p3B_kda-sig-lowrank_1.3B_cosine100B_gbs128_lr0.0004,190976,100.126,21,256,128,0.0,0.0,0.0,0.0,0.4081422686576843,0.9860642552375793,,
fwedu_1p3B,fwedu_1p3B_kda-sig-lowrank_1.3B_cosine100B_gbs128_lr0.0004,190976,100.126,22,256,128,0.0,0.0,0.0,0.0,0.3535632789134979,0.99321049451828,,
fwedu_1p3B,fwedu_1p3B_kda-sig-lowrank_1.3B_cosine100B_gbs128_lr0.0004,190976,100.126,23,256,128,0.0,0.0,0.0,0.0,0.5503553152084351,0.9088719487190247,,
fwedu_1p3B,fwedu_1p3B_ckda-shipped-hybrid-lowrank_1.3B_cosine100B_gbs128_lr0.0004,9728,5.1,0,256,128,0.84765625,0.9921875,0.153228759765625,0.95703125,1.4671398401260376,0.9417159557342529,2.095744504206498,0.2521330260825882
fwedu_1p3B,fwedu_1p3B_ckda-shipped-hybrid-lowrank_1.3B_cosine100B_gbs128_lr0.0004,9728,5.1,1,256,128,0.015625,0.67578125,0.039154052734375,0.0546875,0.5126084089279175,0.8847129344940186,2.4693001982847016,0.06876390130752529
fwedu_1p3B,fwedu_1p3B_ckda-shipped-hybrid-lowrank_1.3B_cosine100B_gbs128_lr0.0004,9728,5.1,2,256,128,0.0,0.55078125,0.024871826171875,0.02734375,0.4520900547504425,0.899461567401886,,
fwedu_1p3B,fwedu_1p3B_ckda-shipped-hybrid-lowrank_1.3B_cosine100B_gbs128_lr0.0004,9728,5.1,3,256,128,0.046875,0.65625,0.02996826171875,0.0859375,0.5547876358032227,0.9235394597053528,2.575375012613131,0.09883206013135243
fwedu_1p3B,fwedu_1p3B_ckda-shipped-hybrid-lowrank_1.3B_cosine100B_gbs128_lr0.0004,9728,5.1,4,256,128,0.06640625,0.71484375,0.02459716796875,0.12890625,0.5727185010910034,0.9704697132110596,2.4732089296758253,0.12083575412634627
fwedu_1p3B,fwedu_1p3B_ckda-shipped-hybrid-lowrank_1.3B_cosine100B_gbs128_lr0.0004,9728,5.1,5,256,128,0.13671875,0.75,0.0250244140625,0.21484375,0.6612125635147095,0.963301956653595,2.181864660705519,0.19167240780958236
fwedu_1p3B,fwedu_1p3B_ckda-shipped-hybrid-lowrank_1.3B_cosine100B_gbs128_lr0.0004,9728,5.1,6,256,128,0.15234375,0.74609375,0.0284423828125,0.296875,0.7611614465713501,0.9534562230110168,1.9060673470742464,0.11014164263016252
fwedu_1p3B,fwedu_1p3B_ckda-shipped-hybrid-lowrank_1.3B_cosine100B_gbs128_lr0.0004,9728,5.1,7,256,128,0.22265625,0.7890625,0.043243408203125,0.34765625,0.8647633194923401,0.9271988868713379,2.2037931349377735,0.17131713108640537
fwedu_1p3B,fwedu_1p3B_ckda-shipped-hybrid-lowrank_1.3B_cosine100B_gbs128_lr0.0004,9728,5.1,8,256,128,0.1328125,0.65625,0.01873779296875,0.2109375,0.6614955067634583,0.9867657423019409,2.0934195942332057,0.15430705680861653
fwedu_1p3B,fwedu_1p3B_ckda-shipped-hybrid-lowrank_1.3B_cosine100B_gbs128_lr0.0004,9728,5.1,9,256,128,0.25390625,0.7890625,0.0306396484375,0.453125,0.9361737370491028,0.9601242542266846,2.0380063362041576,0.11934500037829984
fwedu_1p3B,fwedu_1p3B_ckda-shipped-hybrid-lowrank_1.3B_cosine100B_gbs128_lr0.0004,9728,5.1,10,256,128,0.171875,0.55078125,0.0172119140625,0.35546875,0.8395283222198486,0.9791803359985352,2.224710179264564,0.12167417974525044
fwedu_1p3B,fwedu_1p3B_ckda-shipped-hybrid-lowrank_1.3B_cosine100B_gbs128_lr0.0004,9728,5.1,11,256,128,0.1875,0.65625,0.018524169921875,0.37109375,0.8480975031852722,0.9868547320365906,2.1574312710410912,0.1387029161699254
fwedu_1p3B,fwedu_1p3B_ckda-shipped-hybrid-lowrank_1.3B_cosine100B_gbs128_lr0.0004,9728,5.1,12,256,128,0.1875,0.5859375,0.015655517578125,0.35546875,0.8420723080635071,0.98963862657547,2.0007280632237556,0.176573043352113
fwedu_1p3B,fwedu_1p3B_ckda-shipped-hybrid-lowrank_1.3B_cosine100B_gbs128_lr0.0004,9728,5.1,13,256,128,0.1796875,0.59375,0.014556884765625,0.35546875,0.8374489545822144,0.9899563789367676,1.9031956641902346,0.16395880822670642
fwedu_1p3B,fwedu_1p3B_ckda-shipped-hybrid-lowrank_1.3B_cosine100B_gbs128_lr0.0004,9728,5.1,14,256,128,0.10546875,0.6171875,0.016448974609375,0.28515625,0.8037817478179932,0.9820737838745117,2.0018490012284462,0.12301142930583676
fwedu_1p3B,fwedu_1p3B_ckda-shipped-hybrid-lowrank_1.3B_cosine100B_gbs128_lr0.0004,9728,5.1,15,256,128,0.06640625,0.5859375,0.0133056640625,0.23046875,0.7261395454406738,0.9752036929130554,2.554438258154502,0.09864245893750341
fwedu_1p3B,fwedu_1p3B_ckda-shipped-hybrid-lowrank_1.3B_cosine100B_gbs128_lr0.0004,9728,5.1,16,256,128,0.12109375,0.62890625,0.024993896484375,0.23046875,0.6845026016235352,0.988480269908905,2.157216684251293,0.10717840749350956
fwedu_1p3B,fwedu_1p3B_ckda-shipped-hybrid-lowrank_1.3B_cosine100B_gbs128_lr0.0004,9728,5.1,17,256,128,0.078125,0.68359375,0.021820068359375,0.19140625,0.6697172522544861,0.9751128554344177,2.238244391727103,0.15895998216674628
fwedu_1p3B,fwedu_1p3B_ckda-shipped-hybrid-lowrank_1.3B_cosine100B_gbs128_lr0.0004,19456,10.201,0,256,128,0.84765625,0.99609375,0.17572021484375,0.9140625,1.4284409284591675,0.9218896627426147,1.9829909270995751,0.19794963746198813
fwedu_1p3B,fwedu_1p3B_ckda-shipped-hybrid-lowrank_1.3B_cosine100B_gbs128_lr0.0004,19456,10.201,1,256,128,0.0234375,0.8671875,0.0665283203125,0.05859375,0.5292052030563354,0.7423171401023865,2.32512165358673,0.03967571676442505
fwedu_1p3B,fwedu_1p3B_ckda-shipped-hybrid-lowrank_1.3B_cosine100B_gbs128_lr0.0004,19456,10.201,2,256,128,0.015625,0.77734375,0.041717529296875,0.03515625,0.5190900564193726,0.7934362292289734,2.979468288108997,0.062608719869773
fwedu_1p3B,fwedu_1p3B_ckda-shipped-hybrid-lowrank_1.3B_cosine100B_gbs128_lr0.0004,19456,10.201,3,256,128,0.0546875,0.83984375,0.0418701171875,0.1171875,0.6346865892410278,0.8605829477310181,2.488664841055586,0.09283380536994751
fwedu_1p3B,fwedu_1p3B_ckda-shipped-hybrid-lowrank_1.3B_cosine100B_gbs128_lr0.0004,19456,10.201,4,256,128,0.0859375,0.81640625,0.033294677734375,0.15234375,0.6326278448104858,0.955402672290802,2.5915146158596265,0.12392949804103924
fwedu_1p3B,fwedu_1p3B_ckda-shipped-hybrid-lowrank_1.3B_cosine100B_gbs128_lr0.0004,19456,10.201,5,256,128,0.1484375,0.796875,0.030853271484375,0.23046875,0.6997332572937012,0.9515354633331299,2.291619985249858,0.23570674064348823
fwedu_1p3B,fwedu_1p3B_ckda-shipped-hybrid-lowrank_1.3B_cosine100B_gbs128_lr0.0004,19456,10.201,6,256,128,0.2265625,0.83984375,0.0343017578125,0.3125,0.8004693984985352,0.9243102073669434,2.241207341934238,0.08655533010677915
fwedu_1p3B,fwedu_1p3B_ckda-shipped-hybrid-lowrank_1.3B_cosine100B_gbs128_lr0.0004,19456,10.201,7,256,128,0.234375,0.8125,0.04449462890625,0.359375,0.8576407432556152,0.9114577174186707,2.2104922874527952,0.13687453087691787
fwedu_1p3B,fwedu_1p3B_ckda-shipped-hybrid-lowrank_1.3B_cosine100B_gbs128_lr0.0004,19456,10.201,8,256,128,0.18359375,0.671875,0.021484375,0.26953125,0.7289636135101318,0.9836708307266235,2.369879043580462,0.1419998886524056
fwedu_1p3B,fwedu_1p3B_ckda-shipped-hybrid-lowrank_1.3B_cosine100B_gbs128_lr0.0004,19456,10.201,9,256,128,0.2421875,0.84375,0.0325927734375,0.46875,0.9397709369659424,0.9527997374534607,2.245496217378423,0.10450486800001699
fwedu_1p3B,fwedu_1p3B_ckda-shipped-hybrid-lowrank_1.3B_cosine100B_gbs128_lr0.0004,19456,10.201,10,256,128,0.1484375,0.61328125,0.018890380859375,0.359375,0.8502731323242188,0.9754261374473572,2.5454799505102366,0.08985241393504478
fwedu_1p3B,fwedu_1p3B_ckda-shipped-hybrid-lowrank_1.3B_cosine100B_gbs128_lr0.0004,19456,10.201,11,256,128,0.19140625,0.69921875,0.021484375,0.39453125,0.8835002779960632,0.9842099547386169,2.361575277004068,0.11799327059547204
fwedu_1p3B,fwedu_1p3B_ckda-shipped-hybrid-lowrank_1.3B_cosine100B_gbs128_lr0.0004,19456,10.201,12,256,128,0.16796875,0.625,0.01544189453125,0.3203125,0.842221736907959,0.9875789880752563,2.2496465750214303,0.10238416769015858
fwedu_1p3B,fwedu_1p3B_ckda-shipped-hybrid-lowrank_1.3B_cosine100B_gbs128_lr0.0004,19456,10.201,13,256,128,0.19140625,0.58984375,0.01409912109375,0.375,0.8395158648490906,0.9879963994026184,2.365055282753272,0.14931979429568243
fwedu_1p3B,fwedu_1p3B_ckda-shipped-hybrid-lowrank_1.3B_cosine100B_gbs128_lr0.0004,19456,10.201,14,256,128,0.125,0.62109375,0.016510009765625,0.3203125,0.8373867869377136,0.9768361449241638,2.404238797014342,0.08639009671406776
fwedu_1p3B,fwedu_1p3B_ckda-shipped-hybrid-lowrank_1.3B_cosine100B_gbs128_lr0.0004,19456,10.201,15,256,128,0.0546875,0.68359375,0.01458740234375,0.23828125,0.7389698028564453,0.9595291018486023,2.076626764024986,0.08008972589195126
fwedu_1p3B,fwedu_1p3B_ckda-shipped-hybrid-lowrank_1.3B_cosine100B_gbs128_lr0.0004,19456,10.201,16,256,128,0.125,0.7265625,0.0279541015625,0.21875,0.6942775845527649,0.984735369682312,2.1425501518448273,0.11285949180859775
fwedu_1p3B,fwedu_1p3B_ckda-shipped-hybrid-lowrank_1.3B_cosine100B_gbs128_lr0.0004,19456,10.201,17,256,128,0.08984375,0.74609375,0.029632568359375,0.171875,0.6841170191764832,0.962774932384491,2.519232106350203,0.09536275095099424
fwedu_1p3B,fwedu_1p3B_ckda-shipped-hybrid-lowrank_1.3B_cosine100B_gbs128_lr0.0004,29184,15.301,0,256,128,0.80859375,1.0,0.179901123046875,0.86328125,1.3013689517974854,0.9081480503082275,2.020322519089994,0.14790046186386027
fwedu_1p3B,fwedu_1p3B_ckda-shipped-hybrid-lowrank_1.3B_cosine100B_gbs128_lr0.0004,29184,15.301,1,256,128,0.01171875,0.94921875,0.070770263671875,0.0546875,0.5909720659255981,0.6560032963752747,1.7087867529746963,0.0750918703800504
fwedu_1p3B,fwedu_1p3B_ckda-shipped-hybrid-lowrank_1.3B_cosine100B_gbs128_lr0.0004,29184,15.301,2,256,128,0.01171875,0.82421875,0.05609130859375,0.046875,0.5762439966201782,0.6999949216842651,1.7232374153722605,0.1374943067920282
fwedu_1p3B,fwedu_1p3B_ckda-shipped-hybrid-lowrank_1.3B_cosine100B_gbs128_lr0.0004,29184,15.301,3,256,128,0.1015625,0.90234375,0.059783935546875,0.17578125,0.6923009157180786,0.8054580092430115,2.5920975337975376,0.08138354804309325
fwedu_1p3B,fwedu_1p3B_ckda-shipped-hybrid-lowrank_1.3B_cosine100B_gbs128_lr0.0004,29184,15.301,4,256,128,0.10546875,0.875,0.039581298828125,0.1875,0.6580992937088013,0.9428747892379761,2.48371301567409,0.10324349118951764
fwedu_1p3B,fwedu_1p3B_ckda-shipped-hybrid-lowrank_1.3B_cosine100B_gbs128_lr0.0004,29184,15.301,5,256,128,0.1875,0.84765625,0.03533935546875,0.26953125,0.7280946373939514,0.9450898766517639,2.2753399196206407,0.17954279301687814
fwedu_1p3B,fwedu_1p3B_ckda-shipped-hybrid-lowrank_1.3B_cosine100B_gbs128_lr0.0004,29184,15.301,6,256,128,0.20703125,0.84765625,0.03594970703125,0.32421875,0.8255459070205688,0.9075537919998169,2.260528711900625,0.11426096657539798
fwedu_1p3B,fwedu_1p3B_ckda-shipped-hybrid-lowrank_1.3B_cosine100B_gbs128_lr0.0004,29184,15.301,7,256,128,0.234375,0.86328125,0.052734375,0.3671875,0.8635423183441162,0.9004685878753662,2.1055195832203424,0.11254067027689976
fwedu_1p3B,fwedu_1p3B_ckda-shipped-hybrid-lowrank_1.3B_cosine100B_gbs128_lr0.0004,29184,15.301,8,256,128,0.19140625,0.765625,0.023834228515625,0.29296875,0.78299480676651,0.9818558096885681,2.3276910527629058,0.12656413280823944
fwedu_1p3B,fwedu_1p3B_ckda-shipped-hybrid-lowrank_1.3B_cosine100B_gbs128_lr0.0004,29184,15.301,9,256,128,0.25390625,0.83984375,0.034759521484375,0.421875,0.9331945180892944,0.9500916600227356,2.1860959834002722,0.11388142673714426
fwedu_1p3B,fwedu_1p3B_ckda-shipped-hybrid-lowrank_1.3B_cosine100B_gbs128_lr0.0004,29184,15.301,10,256,128,0.1640625,0.609375,0.020050048828125,0.34765625,0.8375406861305237,0.9738318920135498,2.1040918296845756,0.11528043935020521
fwedu_1p3B,fwedu_1p3B_ckda-shipped-hybrid-lowrank_1.3B_cosine100B_gbs128_lr0.0004,29184,15.301,11,256,128,0.17578125,0.7109375,0.021026611328125,0.3984375,0.8807700276374817,0.982689619064331,2.1322244305646856,0.11758708235320317
fwedu_1p3B,fwedu_1p3B_ckda-shipped-hybrid-lowrank_1.3B_cosine100B_gbs128_lr0.0004,29184,15.301,12,256,128,0.1796875,0.6484375,0.017974853515625,0.32421875,0.8451574444770813,0.9875525832176208,2.3668964071112364,0.12364470376414781
fwedu_1p3B,fwedu_1p3B_ckda-shipped-hybrid-lowrank_1.3B_cosine100B_gbs128_lr0.0004,29184,15.301,13,256,128,0.19140625,0.6484375,0.015594482421875,0.35546875,0.8299434185028076,0.9867708683013916,2.1205176834342168,0.14561551863457162
fwedu_1p3B,fwedu_1p3B_ckda-shipped-hybrid-lowrank_1.3B_cosine100B_gbs128_lr0.0004,29184,15.301,14,256,128,0.1484375,0.65625,0.0184326171875,0.328125,0.8382835388183594,0.9725353717803955,2.2975610377096802,0.13208472062478255
fwedu_1p3B,fwedu_1p3B_ckda-shipped-hybrid-lowrank_1.3B_cosine100B_gbs128_lr0.0004,29184,15.301,15,256,128,0.046875,0.69140625,0.016357421875,0.17578125,0.7300856113433838,0.9481027722358704,2.7355677306645925,0.11678788181767275
fwedu_1p3B,fwedu_1p3B_ckda-shipped-hybrid-lowrank_1.3B_cosine100B_gbs128_lr0.0004,29184,15.301,16,256,128,0.125,0.7578125,0.0262451171875,0.2265625,0.687514066696167,0.9815932512283325,2.2287381931271146,0.10153424295394331
fwedu_1p3B,fwedu_1p3B_ckda-shipped-hybrid-lowrank_1.3B_cosine100B_gbs128_lr0.0004,29184,15.301,17,256,128,0.1171875,0.76171875,0.0316162109375,0.19140625,0.701190173625946,0.9513878226280212,2.204069215708329,0.09775308275610642
fwedu_1p3B,fwedu_1p3B_ckda-shipped-hybrid-lowrank_1.3B_cosine100B_gbs128_lr0.0004,38912,20.401,0,256,128,0.64453125,1.0,0.193572998046875,0.72265625,1.2095531225204468,0.8939600586891174,1.9671688566463912,0.13262978682532373
fwedu_1p3B,fwedu_1p3B_ckda-shipped-hybrid-lowrank_1.3B_cosine100B_gbs128_lr0.0004,38912,20.401,1,256,128,0.03125,0.96875,0.083648681640625,0.078125,0.6529664993286133,0.5823306441307068,2.3542601703463775,0.057645009396686875
fwedu_1p3B,fwedu_1p3B_ckda-shipped-hybrid-lowrank_1.3B_cosine100B_gbs128_lr0.0004,38912,20.401,2,256,128,0.0234375,0.88671875,0.072723388671875,0.07421875,0.6326202750205994,0.6336003541946411,2.5323554026429482,0.046610750549144014
fwedu_1p3B,fwedu_1p3B_ckda-shipped-hybrid-lowrank_1.3B_cosine100B_gbs128_lr0.0004,38912,20.401,3,256,128,0.12890625,0.93359375,0.070587158203125,0.203125,0.742459774017334,0.7675718069076538,2.4319763608764893,0.07537696859150864
fwedu_1p3B,fwedu_1p3B_ckda-shipped-hybrid-lowrank_1.3B_cosine100B_gbs128_lr0.0004,38912,20.401,4,256,128,0.125,0.8671875,0.04522705078125,0.18359375,0.678610622882843,0.9366031885147095,2.350356641774793,0.09867532741390159
fwedu_1p3B,fwedu_1p3B_ckda-shipped-hybrid-lowrank_1.3B_cosine100B_gbs128_lr0.0004,38912,20.401,5,256,128,0.19921875,0.828125,0.03338623046875,0.2578125,0.7401189804077148,0.9405434727668762,2.3077771747879114,0.18745043616164575
fwedu_1p3B,fwedu_1p3B_ckda-shipped-hybrid-lowrank_1.3B_cosine100B_gbs128_lr0.0004,38912,20.401,6,256,128,0.17578125,0.83984375,0.043060302734375,0.34375,0.8395147919654846,0.8942160606384277,2.277190370224479,0.0779802512417644
fwedu_1p3B,fwedu_1p3B_ckda-shipped-hybrid-lowrank_1.3B_cosine100B_gbs128_lr0.0004,38912,20.401,7,256,128,0.25390625,0.8515625,0.05303955078125,0.3671875,0.8689046502113342,0.901569128036499,2.2178990613826546,0.11956144556972027
fwedu_1p3B,fwedu_1p3B_ckda-shipped-hybrid-lowrank_1.3B_cosine100B_gbs128_lr0.0004,38912,20.401,8,256,128,0.18359375,0.79296875,0.023681640625,0.30078125,0.8091156482696533,0.9812079071998596,2.403961904636343,0.1275608149516955
fwedu_1p3B,fwedu_1p3B_ckda-shipped-hybrid-lowrank_1.3B_cosine100B_gbs128_lr0.0004,38912,20.401,9,256,128,0.265625,0.875,0.039093017578125,0.4609375,0.9484143853187561,0.9471659064292908,2.2408443787188803,0.10644985636570314
fwedu_1p3B,fwedu_1p3B_ckda-shipped-hybrid-lowrank_1.3B_cosine100B_gbs128_lr0.0004,38912,20.401,10,256,128,0.1953125,0.60546875,0.02044677734375,0.37109375,0.866300642490387,0.9736665487289429,2.2823573490136124,0.10264633760689926
fwedu_1p3B,fwedu_1p3B_ckda-shipped-hybrid-lowrank_1.3B_cosine100B_gbs128_lr0.0004,38912,20.401,11,256,128,0.20703125,0.70703125,0.020111083984375,0.4296875,0.8885106444358826,0.9828684329986572,2.2780063619071624,0.10263987006841407
fwedu_1p3B,fwedu_1p3B_ckda-shipped-hybrid-lowrank_1.3B_cosine100B_gbs128_lr0.0004,38912,20.401,12,256,128,0.203125,0.69140625,0.0181884765625,0.34375,0.8680160045623779,0.9868756532669067,1.9335009257118498,0.13254043550268108
fwedu_1p3B,fwedu_1p3B_ckda-shipped-hybrid-lowrank_1.3B_cosine100B_gbs128_lr0.0004,38912,20.401,13,256,128,0.19140625,0.671875,0.016204833984375,0.34765625,0.8391091823577881,0.9859519004821777,2.1365202459987787,0.12059180383334125
fwedu_1p3B,fwedu_1p3B_ckda-shipped-hybrid-lowrank_1.3B_cosine100B_gbs128_lr0.0004,38912,20.401,14,256,128,0.14453125,0.66015625,0.022552490234375,0.296875,0.8376991152763367,0.9691229462623596,2.2340429374116515,0.11019277047801788
fwedu_1p3B,fwedu_1p3B_ckda-shipped-hybrid-lowrank_1.3B_cosine100B_gbs128_lr0.0004,38912,20.401,15,256,128,0.05859375,0.671875,0.01910400390625,0.1796875,0.7358664274215698,0.9401023387908936,2.642703530295509,0.06597620583174302
fwedu_1p3B,fwedu_1p3B_ckda-shipped-hybrid-lowrank_1.3B_cosine100B_gbs128_lr0.0004,38912,20.401,16,256,128,0.1015625,0.8125,0.02947998046875,0.19921875,0.6914409399032593,0.9789586663246155,2.1299830401568807,0.10981445727471684
fwedu_1p3B,fwedu_1p3B_ckda-shipped-hybrid-lowrank_1.3B_cosine100B_gbs128_lr0.0004,38912,20.401,17,256,128,0.12890625,0.78125,0.034271240234375,0.1953125,0.7158070802688599,0.9381322860717773,2.150756460031341,0.0688646132466084
fwedu_1p3B,fwedu_1p3B_ckda-shipped-hybrid-lowrank_1.3B_cosine100B_gbs128_lr0.0004,48640,25.501,0,256,128,0.5546875,1.0,0.201324462890625,0.64453125,1.1357066631317139,0.8678735494613647,2.0605494842272414,0.10852928884535723
fwedu_1p3B,fwedu_1p3B_ckda-shipped-hybrid-lowrank_1.3B_cosine100B_gbs128_lr0.0004,48640,25.501,1,256,128,0.07421875,0.984375,0.1007080078125,0.10546875,0.7119080424308777,0.534346878528595,2.4346186841266957,0.05529625015217109
fwedu_1p3B,fwedu_1p3B_ckda-shipped-hybrid-lowrank_1.3B_cosine100B_gbs128_lr0.0004,48640,25.501,2,256,128,0.05078125,0.93359375,0.0843505859375,0.10546875,0.7025431990623474,0.5953211188316345,2.436710249540488,0.04111631782637855
fwedu_1p3B,fwedu_1p3B_ckda-shipped-hybrid-lowrank_1.3B_cosine100B_gbs128_lr0.0004,48640,25.501,3,256,128,0.1171875,0.95703125,0.076904296875,0.21484375,0.7721747756004333,0.7453600168228149,2.389868555005684,0.08882473551930492
fwedu_1p3B,fwedu_1p3B_ckda-shipped-hybrid-lowrank_1.3B_cosine100B_gbs128_lr0.0004,48640,25.501,4,256,128,0.09375,0.89453125,0.04803466796875,0.15234375,0.6896041631698608,0.9297892451286316,2.2473203210562986,0.10442287850725133
fwedu_1p3B,fwedu_1p3B_ckda-shipped-hybrid-lowrank_1.3B_cosine100B_gbs128_lr0.0004,48640,25.501,5,256,128,0.19140625,0.8671875,0.03936767578125,0.26953125,0.7556248307228088,0.9354485869407654,2.024348226194002,0.15741626521229896
fwedu_1p3B,fwedu_1p3B_ckda-shipped-hybrid-lowrank_1.3B_cosine100B_gbs128_lr0.0004,48640,25.501,6,256,128,0.203125,0.91796875,0.045135498046875,0.328125,0.8359168171882629,0.8876864314079285,2.2920859742178163,0.08062020287636054
fwedu_1p3B,fwedu_1p3B_ckda-shipped-hybrid-lowrank_1.3B_cosine100B_gbs128_lr0.0004,48640,25.501,7,256,128,0.2890625,0.8828125,0.05426025390625,0.390625,0.8939594030380249,0.8973710536956787,2.181467949419875,0.11458003862317873
fwedu_1p3B,fwedu_1p3B_ckda-shipped-hybrid-lowrank_1.3B_cosine100B_gbs128_lr0.0004,48640,25.501,8,256,128,0.22265625,0.80078125,0.02630615234375,0.33203125,0.8268934488296509,0.9805540442466736,2.3268325311171663,0.12207996471119516
fwedu_1p3B,fwedu_1p3B_ckda-shipped-hybrid-lowrank_1.3B_cosine100B_gbs128_lr0.0004,48640,25.501,9,256,128,0.26953125,0.8984375,0.037261962890625,0.4375,0.9422621726989746,0.9490789771080017,2.345768989378617,0.10859444874260914
fwedu_1p3B,fwedu_1p3B_ckda-shipped-hybrid-lowrank_1.3B_cosine100B_gbs128_lr0.0004,48640,25.501,10,256,128,0.1796875,0.6171875,0.020751953125,0.3671875,0.8706704378128052,0.9725493788719177,2.2887222359743578,0.12832317110914682
fwedu_1p3B,fwedu_1p3B_ckda-shipped-hybrid-lowrank_1.3B_cosine100B_gbs128_lr0.0004,48640,25.501,11,256,128,0.234375,0.70703125,0.02392578125,0.42578125,0.9085318446159363,0.9825656414031982,2.1035941122863275,0.11293656009740986
fwedu_1p3B,fwedu_1p3B_ckda-shipped-hybrid-lowrank_1.3B_cosine100B_gbs128_lr0.0004,48640,25.501,12,256,128,0.21875,0.61328125,0.02069091796875,0.34375,0.8832127451896667,0.9863337874412537,2.0520171489600783,0.110442788522658
fwedu_1p3B,fwedu_1p3B_ckda-shipped-hybrid-lowrank_1.3B_cosine100B_gbs128_lr0.0004,48640,25.501,13,256,128,0.1875,0.6875,0.01617431640625,0.34765625,0.8357036113739014,0.9860376119613647,2.2409246101828133,0.12074681107758221
fwedu_1p3B,fwedu_1p3B_ckda-shipped-hybrid-lowrank_1.3B_cosine100B_gbs128_lr0.0004,48640,25.501,14,256,128,0.1953125,0.65625,0.02197265625,0.32421875,0.8446787595748901,0.9651628732681274,1.981052389493408,0.12219456771462056
fwedu_1p3B,fwedu_1p3B_ckda-shipped-hybrid-lowrank_1.3B_cosine100B_gbs128_lr0.0004,48640,25.501,15,256,128,0.06640625,0.75390625,0.023651123046875,0.22265625,0.756515622138977,0.9288553595542908,2.544632914833642,0.07218751867566539
fwedu_1p3B,fwedu_1p3B_ckda-shipped-hybrid-lowrank_1.3B_cosine100B_gbs128_lr0.0004,48640,25.501,16,256,128,0.10546875,0.8359375,0.032623291015625,0.21484375,0.6971945762634277,0.9752018451690674,2.629534126181587,0.09192553477382266
fwedu_1p3B,fwedu_1p3B_ckda-shipped-hybrid-lowrank_1.3B_cosine100B_gbs128_lr0.0004,48640,25.501,17,256,128,0.1015625,0.8046875,0.03765869140625,0.19140625,0.7252151966094971,0.9272023439407349,2.269757239747579,0.08208672472205822
fwedu_1p3B,fwedu_1p3B_ckda-shipped-hybrid-lowrank_1.3B_cosine100B_gbs128_lr0.0004,58368,30.602,0,256,128,0.51953125,1.0,0.217071533203125,0.57421875,1.091313123703003,0.833049476146698,1.9073027303819445,0.09209839709229826
fwedu_1p3B,fwedu_1p3B_ckda-shipped-hybrid-lowrank_1.3B_cosine100B_gbs128_lr0.0004,58368,30.602,1,256,128,0.078125,1.0,0.100433349609375,0.15234375,0.7688928842544556,0.5055779814720154,2.1991817293223868,0.03777572961570092
fwedu_1p3B,fwedu_1p3B_ckda-shipped-hybrid-lowrank_1.3B_cosine100B_gbs128_lr0.0004,58368,30.602,2,256,128,0.0859375,0.94921875,0.0870361328125,0.1640625,0.756996214389801,0.569398820400238,2.5154619450646996,0.05017036133643323
fwedu_1p3B,fwedu_1p3B_ckda-shipped-hybrid-lowrank_1.3B_cosine100B_gbs128_lr0.0004,58368,30.602,3,256,128,0.16015625,0.9375,0.076263427734375,0.23046875,0.803913414478302,0.7321988940238953,2.432846951987182,0.10709850024222314
fwedu_1p3B,fwedu_1p3B_ckda-shipped-hybrid-lowrank_1.3B_cosine100B_gbs128_lr0.0004,58368,30.602,4,256,128,0.1171875,0.8828125,0.054290771484375,0.1875,0.7118019461631775,0.9218924641609192,2.378571772210785,0.08335599895970404
fwedu_1p3B,fwedu_1p3B_ckda-shipped-hybrid-lowrank_1.3B_cosine100B_gbs128_lr0.0004,58368,30.602,5,256,128,0.1796875,0.88671875,0.040069580078125,0.26953125,0.7677893042564392,0.9321050643920898,2.0512348181516566,0.1405687006839459
fwedu_1p3B,fwedu_1p3B_ckda-shipped-hybrid-lowrank_1.3B_cosine100B_gbs128_lr0.0004,58368,30.602,6,256,128,0.2265625,0.88671875,0.047515869140625,0.359375,0.859399139881134,0.8799288868904114,2.1051396203751604,0.09026826740312002
fwedu_1p3B,fwedu_1p3B_ckda-shipped-hybrid-lowrank_1.3B_cosine100B_gbs128_lr0.0004,58368,30.602,7,256,128,0.234375,0.8828125,0.059112548828125,0.375,0.9011539816856384,0.8965067863464355,2.2477793285669856,0.1072028772690496
fwedu_1p3B,fwedu_1p3B_ckda-shipped-hybrid-lowrank_1.3B_cosine100B_gbs128_lr0.0004,58368,30.602,8,256,128,0.21484375,0.828125,0.026123046875,0.34765625,0.8457129001617432,0.9808215498924255,2.096399094873471,0.13700950181125676
fwedu_1p3B,fwedu_1p3B_ckda-shipped-hybrid-lowrank_1.3B_cosine100B_gbs128_lr0.0004,58368,30.602,9,256,128,0.25390625,0.91015625,0.03955078125,0.44921875,0.9493104815483093,0.9466775059700012,2.383411125044242,0.10486536184442657
fwedu_1p3B,fwedu_1p3B_ckda-shipped-hybrid-lowrank_1.3B_cosine100B_gbs128_lr0.0004,58368,30.602,10,256,128,0.1796875,0.671875,0.022308349609375,0.36328125,0.8847981691360474,0.9721371531486511,2.1077635982173364,0.10093488255188794
fwedu_1p3B,fwedu_1p3B_ckda-shipped-hybrid-lowrank_1.3B_cosine100B_gbs128_lr0.0004,58368,30.602,11,256,128,0.23046875,0.7734375,0.024017333984375,0.42578125,0.9068427085876465,0.9813928604125977,2.1645696401893506,0.10329064807680699
fwedu_1p3B,fwedu_1p3B_ckda-shipped-hybrid-lowrank_1.3B_cosine100B_gbs128_lr0.0004,58368,30.602,12,256,128,0.203125,0.671875,0.019683837890625,0.3671875,0.8827215433120728,0.9866597056388855,2.1220678388129364,0.1289198052017952
fwedu_1p3B,fwedu_1p3B_ckda-shipped-hybrid-lowrank_1.3B_cosine100B_gbs128_lr0.0004,58368,30.602,13,256,128,0.1875,0.703125,0.017303466796875,0.390625,0.8578939437866211,0.9853407740592957,1.9806406080094257,0.10736689112357028
fwedu_1p3B,fwedu_1p3B_ckda-shipped-hybrid-lowrank_1.3B_cosine100B_gbs128_lr0.0004,58368,30.602,14,256,128,0.19140625,0.6953125,0.02337646484375,0.3671875,0.8695367574691772,0.9622734189033508,2.1724274046211614,0.12854678072434342
fwedu_1p3B,fwedu_1p3B_ckda-shipped-hybrid-lowrank_1.3B_cosine100B_gbs128_lr0.0004,58368,30.602,15,256,128,0.08203125,0.76953125,0.02593994140625,0.24609375,0.7694272994995117,0.9274932146072388,2.6881930129498888,0.06063919614887356
fwedu_1p3B,fwedu_1p3B_ckda-shipped-hybrid-lowrank_1.3B_cosine100B_gbs128_lr0.0004,58368,30.602,16,256,128,0.125,0.83984375,0.0322265625,0.21484375,0.7004087567329407,0.9758439064025879,2.317876336089918,0.06796195021902417
fwedu_1p3B,fwedu_1p3B_ckda-shipped-hybrid-lowrank_1.3B_cosine100B_gbs128_lr0.0004,58368,30.602,17,256,128,0.12890625,0.8515625,0.041778564453125,0.1953125,0.7450331449508667,0.9214363694190979,2.349122799040861,0.06998927231080414
fwedu_1p3B,fwedu_1p3B_ckda-shipped-hybrid-lowrank_1.3B_cosine100B_gbs128_lr0.0004,68096,35.702,0,256,128,0.5078125,1.0,0.2198486328125,0.578125,1.0834901332855225,0.800956130027771,2.094692644721598,0.09028366532428951
fwedu_1p3B,fwedu_1p3B_ckda-shipped-hybrid-lowrank_1.3B_cosine100B_gbs128_lr0.0004,68096,35.702,1,256,128,0.125,0.99609375,0.11346435546875,0.19921875,0.8061590790748596,0.47643396258354187,2.2440148248740277,0.03821816585843388
fwedu_1p3B,fwedu_1p3B_ckda-shipped-hybrid-lowrank_1.3B_cosine100B_gbs128_lr0.0004,68096,35.702,2,256,128,0.09375,0.94140625,0.09210205078125,0.203125,0.792526364326477,0.5450489521026611,2.601725300051438,0.0573225423381597
fwedu_1p3B,fwedu_1p3B_ckda-shipped-hybrid-lowrank_1.3B_cosine100B_gbs128_lr0.0004,68096,35.702,3,256,128,0.1640625,0.94140625,0.085845947265625,0.23828125,0.8221219182014465,0.7118862867355347,2.245119776717611,0.08783455057801742
fwedu_1p3B,fwedu_1p3B_ckda-shipped-hybrid-lowrank_1.3B_cosine100B_gbs128_lr0.0004,68096,35.702,4,256,128,0.125,0.8828125,0.056243896484375,0.1953125,0.731182336807251,0.9157764911651611,1.9785044322764977,0.07014164536184178
fwedu_1p3B,fwedu_1p3B_ckda-shipped-hybrid-lowrank_1.3B_cosine100B_gbs128_lr0.0004,68096,35.702,5,256,128,0.1953125,0.89453125,0.04144287109375,0.27734375,0.7901990413665771,0.9332403540611267,1.9909337670642668,0.17388817243362725
fwedu_1p3B,fwedu_1p3B_ckda-shipped-hybrid-lowrank_1.3B_cosine100B_gbs128_lr0.0004,68096,35.702,6,256,128,0.21875,0.90234375,0.045440673828125,0.3515625,0.860897421836853,0.8740342259407043,2.159258290044361,0.08841095921566175
fwedu_1p3B,fwedu_1p3B_ckda-shipped-hybrid-lowrank_1.3B_cosine100B_gbs128_lr0.0004,68096,35.702,7,256,128,0.29296875,0.875,0.05584716796875,0.3828125,0.9116204977035522,0.8930145502090454,2.207183798992,0.10074555477124768
fwedu_1p3B,fwedu_1p3B_ckda-shipped-hybrid-lowrank_1.3B_cosine100B_gbs128_lr0.0004,68096,35.702,8,256,128,0.2265625,0.828125,0.026947021484375,0.34765625,0.8647189140319824,0.9791573286056519,2.29782945505094,0.13556365214745464
fwedu_1p3B,fwedu_1p3B_ckda-shipped-hybrid-lowrank_1.3B_cosine100B_gbs128_lr0.0004,68096,35.702,9,256,128,0.26171875,0.89453125,0.04052734375,0.44921875,0.942272424697876,0.9453283548355103,2.4243892588981315,0.11187909642568715
fwedu_1p3B,fwedu_1p3B_ckda-shipped-hybrid-lowrank_1.3B_cosine100B_gbs128_lr0.0004,68096,35.702,10,256,128,0.18359375,0.671875,0.020843505859375,0.39453125,0.9030269980430603,0.9695091843605042,2.288929984445109,0.09759001849815821
fwedu_1p3B,fwedu_1p3B_ckda-shipped-hybrid-lowrank_1.3B_cosine100B_gbs128_lr0.0004,68096,35.702,11,256,128,0.23046875,0.72265625,0.0228271484375,0.44921875,0.9247565269470215,0.9816049933433533,2.2431082450757827,0.12240042579727262
fwedu_1p3B,fwedu_1p3B_ckda-shipped-hybrid-lowrank_1.3B_cosine100B_gbs128_lr0.0004,68096,35.702,12,256,128,0.2109375,0.75,0.021453857421875,0.375,0.8915615677833557,0.9859826564788818,1.975189232356593,0.13624011528109592
fwedu_1p3B,fwedu_1p3B_ckda-shipped-hybrid-lowrank_1.3B_cosine100B_gbs128_lr0.0004,68096,35.702,13,256,128,0.19140625,0.671875,0.017791748046875,0.37890625,0.8597332239151001,0.9842855334281921,1.9522427865875525,0.10138355962445976
fwedu_1p3B,fwedu_1p3B_ckda-shipped-hybrid-lowrank_1.3B_cosine100B_gbs128_lr0.0004,68096,35.702,14,256,128,0.19140625,0.69921875,0.02484130859375,0.37890625,0.8770751953125,0.960225522518158,2.2614245330858327,0.11078824576604515
fwedu_1p3B,fwedu_1p3B_ckda-shipped-hybrid-lowrank_1.3B_cosine100B_gbs128_lr0.0004,68096,35.702,15,256,128,0.08203125,0.7578125,0.02606201171875,0.23046875,0.7841102480888367,0.9198759198188782,2.621226696422806,0.05997864011121452
fwedu_1p3B,fwedu_1p3B_ckda-shipped-hybrid-lowrank_1.3B_cosine100B_gbs128_lr0.0004,68096,35.702,16,256,128,0.10546875,0.84765625,0.0350341796875,0.21484375,0.712145209312439,0.9722815752029419,2.4109125745023166,0.10018497110632854
fwedu_1p3B,fwedu_1p3B_ckda-shipped-hybrid-lowrank_1.3B_cosine100B_gbs128_lr0.0004,68096,35.702,17,256,128,0.125,0.78515625,0.040740966796875,0.17578125,0.7457189559936523,0.913322925567627,2.3164676393371844,0.08528533691814993
fwedu_1p3B,fwedu_1p3B_ckda-shipped-hybrid-lowrank_1.3B_cosine100B_gbs128_lr0.0004,77824,40.802,0,256,128,0.5390625,1.0,0.22601318359375,0.60546875,1.0736536979675293,0.7684192061424255,2.032295766054715,0.08593839257667552
fwedu_1p3B,fwedu_1p3B_ckda-shipped-hybrid-lowrank_1.3B_cosine100B_gbs128_lr0.0004,77824,40.802,1,256,128,0.171875,0.99609375,0.11962890625,0.25390625,0.8553277254104614,0.45714592933654785,2.263947622620118,0.05419896207734437
fwedu_1p3B,fwedu_1p3B_ckda-shipped-hybrid-lowrank_1.3B_cosine100B_gbs128_lr0.0004,77824,40.802,2,256,128,0.109375,0.95703125,0.09429931640625,0.234375,0.8194342851638794,0.5351075530052185,2.4027413491836302,0.051022594372301625
fwedu_1p3B,fwedu_1p3B_ckda-shipped-hybrid-lowrank_1.3B_cosine100B_gbs128_lr0.0004,77824,40.802,3,256,128,0.203125,0.98046875,0.08636474609375,0.29296875,0.8509209156036377,0.6997319459915161,2.4804822763051777,0.07678020780879369
fwedu_1p3B,fwedu_1p3B_ckda-shipped-hybrid-lowrank_1.3B_cosine100B_gbs128_lr0.0004,77824,40.802,4,256,128,0.14453125,0.9140625,0.0540771484375,0.2421875,0.7646650075912476,0.9160235524177551,2.05092013349155,0.06642722006951195
fwedu_1p3B,fwedu_1p3B_ckda-shipped-hybrid-lowrank_1.3B_cosine100B_gbs128_lr0.0004,77824,40.802,5,256,128,0.21484375,0.8984375,0.0404052734375,0.30859375,0.8092265129089355,0.9305736422538757,2.115187090482117,0.12880891842634906
fwedu_1p3B,fwedu_1p3B_ckda-shipped-hybrid-lowrank_1.3B_cosine100B_gbs128_lr0.0004,77824,40.802,6,256,128,0.21875,0.9140625,0.051025390625,0.359375,0.8842718601226807,0.867461085319519,2.24108109549739,0.07693966662671294
fwedu_1p3B,fwedu_1p3B_ckda-shipped-hybrid-lowrank_1.3B_cosine100B_gbs128_lr0.0004,77824,40.802,7,256,128,0.29296875,0.90234375,0.05963134765625,0.44140625,0.9322293996810913,0.8863916993141174,2.242655340925668,0.10709051679981839
fwedu_1p3B,fwedu_1p3B_ckda-shipped-hybrid-lowrank_1.3B_cosine100B_gbs128_lr0.0004,77824,40.802,8,256,128,0.234375,0.8046875,0.025543212890625,0.37109375,0.8760759830474854,0.9789552092552185,2.1397603755951087,0.1300465438807697
fwedu_1p3B,fwedu_1p3B_ckda-shipped-hybrid-lowrank_1.3B_cosine100B_gbs128_lr0.0004,77824,40.802,9,256,128,0.3125,0.91015625,0.039764404296875,0.46875,0.9563226699829102,0.9450452327728271,2.2519810447822515,0.10433331162343057
fwedu_1p3B,fwedu_1p3B_ckda-shipped-hybrid-lowrank_1.3B_cosine100B_gbs128_lr0.0004,77824,40.802,10,256,128,0.21875,0.67578125,0.0224609375,0.41015625,0.921118438243866,0.9711792469024658,2.074300347644857,0.09539287433888027
fwedu_1p3B,fwedu_1p3B_ckda-shipped-hybrid-lowrank_1.3B_cosine100B_gbs128_lr0.0004,77824,40.802,11,256,128,0.23046875,0.7578125,0.023590087890625,0.44921875,0.9239606261253357,0.9806385636329651,1.9621028733077523,0.09914604666020055
fwedu_1p3B,fwedu_1p3B_ckda-shipped-hybrid-lowrank_1.3B_cosine100B_gbs128_lr0.0004,77824,40.802,12,256,128,0.19921875,0.703125,0.02166748046875,0.36328125,0.8966268301010132,0.985851526260376,2.1390323533502027,0.12059049114964589
fwedu_1p3B,fwedu_1p3B_ckda-shipped-hybrid-lowrank_1.3B_cosine100B_gbs128_lr0.0004,77824,40.802,13,256,128,0.1875,0.70703125,0.01922607421875,0.359375,0.8572064638137817,0.983994722366333,1.9796322987961847,0.1135115834421839
fwedu_1p3B,fwedu_1p3B_ckda-shipped-hybrid-lowrank_1.3B_cosine100B_gbs128_lr0.0004,77824,40.802,14,256,128,0.1953125,0.72265625,0.02459716796875,0.3671875,0.8800902366638184,0.9580614566802979,2.049727467197105,0.13715558788028093
fwedu_1p3B,fwedu_1p3B_ckda-shipped-hybrid-lowrank_1.3B_cosine100B_gbs128_lr0.0004,77824,40.802,15,256,128,0.0703125,0.75,0.02410888671875,0.22265625,0.7888423800468445,0.9137014150619507,2.548677411493319,0.08715654802548775
fwedu_1p3B,fwedu_1p3B_ckda-shipped-hybrid-lowrank_1.3B_cosine100B_gbs128_lr0.0004,77824,40.802,16,256,128,0.1015625,0.84375,0.035247802734375,0.23828125,0.7107599377632141,0.9723755121231079,2.191501112079604,0.09107927262813456
fwedu_1p3B,fwedu_1p3B_ckda-shipped-hybrid-lowrank_1.3B_cosine100B_gbs128_lr0.0004,77824,40.802,17,256,128,0.11328125,0.84375,0.044342041015625,0.19921875,0.7537475824356079,0.9040436744689941,2.579646256264162,0.05465201825293802
fwedu_1p3B,fwedu_1p3B_ckda-shipped-hybrid-lowrank_1.3B_cosine100B_gbs128_lr0.0004,79380,41.618,0,256,128,0.54296875,1.0,0.222564697265625,0.58984375,1.0688573122024536,0.7600760459899902,2.071217611820129,0.08089678970707183
fwedu_1p3B,fwedu_1p3B_ckda-shipped-hybrid-lowrank_1.3B_cosine100B_gbs128_lr0.0004,79380,41.618,1,256,128,0.19921875,1.0,0.11871337890625,0.265625,0.8597110509872437,0.4579939842224121,2.321215843865109,0.05351300855679448
fwedu_1p3B,fwedu_1p3B_ckda-shipped-hybrid-lowrank_1.3B_cosine100B_gbs128_lr0.0004,79380,41.618,2,256,128,0.125,0.96484375,0.09796142578125,0.23046875,0.8191580176353455,0.5296816229820251,2.4861784229105313,0.05611212082402932
fwedu_1p3B,fwedu_1p3B_ckda-shipped-hybrid-lowrank_1.3B_cosine100B_gbs128_lr0.0004,79380,41.618,3,256,128,0.19921875,0.95703125,0.08489990234375,0.29296875,0.85419762134552,0.6988661289215088,2.432925204891215,0.07401552195917209
fwedu_1p3B,fwedu_1p3B_ckda-shipped-hybrid-lowrank_1.3B_cosine100B_gbs128_lr0.0004,79380,41.618,4,256,128,0.1484375,0.890625,0.055389404296875,0.22265625,0.7543773651123047,0.9135674834251404,2.215016809571548,0.09134982022390467
fwedu_1p3B,fwedu_1p3B_ckda-shipped-hybrid-lowrank_1.3B_cosine100B_gbs128_lr0.0004,79380,41.618,5,256,128,0.2109375,0.90625,0.04150390625,0.31640625,0.8131649494171143,0.9305474758148193,2.123737856254046,0.1461463449231212
fwedu_1p3B,fwedu_1p3B_ckda-shipped-hybrid-lowrank_1.3B_cosine100B_gbs128_lr0.0004,79380,41.618,6,256,128,0.26171875,0.9140625,0.053009033203125,0.36328125,0.8806190490722656,0.8663403987884521,2.055551579705117,0.06036735809394455
fwedu_1p3B,fwedu_1p3B_ckda-shipped-hybrid-lowrank_1.3B_cosine100B_gbs128_lr0.0004,79380,41.618,7,256,128,0.2890625,0.921875,0.060699462890625,0.3984375,0.9336374998092651,0.8871092200279236,2.0436396622685296,0.11183180681132401
fwedu_1p3B,fwedu_1p3B_ckda-shipped-hybrid-lowrank_1.3B_cosine100B_gbs128_lr0.0004,79380,41.618,8,256,128,0.2421875,0.796875,0.02642822265625,0.36328125,0.876854419708252,0.9790202379226685,2.1511340924684292,0.13326282426868571
fwedu_1p3B,fwedu_1p3B_ckda-shipped-hybrid-lowrank_1.3B_cosine100B_gbs128_lr0.0004,79380,41.618,9,256,128,0.296875,0.88671875,0.04248046875,0.47265625,0.9618172645568848,0.9444875121116638,2.1892200540815625,0.0987626122928108
fwedu_1p3B,fwedu_1p3B_ckda-shipped-hybrid-lowrank_1.3B_cosine100B_gbs128_lr0.0004,79380,41.618,10,256,128,0.21484375,0.6796875,0.02215576171875,0.39453125,0.9241567254066467,0.9701437950134277,2.234194107394711,0.11277265727072014
fwedu_1p3B,fwedu_1p3B_ckda-shipped-hybrid-lowrank_1.3B_cosine100B_gbs128_lr0.0004,79380,41.618,11,256,128,0.265625,0.75390625,0.0250244140625,0.48828125,0.9395858645439148,0.9803310632705688,2.0327529815953715,0.10550973122955817
fwedu_1p3B,fwedu_1p3B_ckda-shipped-hybrid-lowrank_1.3B_cosine100B_gbs128_lr0.0004,79380,41.618,12,256,128,0.2265625,0.7109375,0.021270751953125,0.3984375,0.9084677696228027,0.9856938719749451,2.1275713174442084,0.11662511896532393
fwedu_1p3B,fwedu_1p3B_ckda-shipped-hybrid-lowrank_1.3B_cosine100B_gbs128_lr0.0004,79380,41.618,13,256,128,0.20703125,0.71484375,0.019134521484375,0.375,0.8614332675933838,0.9830610156059265,1.9911836974284767,0.11128790934483138
fwedu_1p3B,fwedu_1p3B_ckda-shipped-hybrid-lowrank_1.3B_cosine100B_gbs128_lr0.0004,79380,41.618,14,256,128,0.21875,0.7109375,0.02703857421875,0.39453125,0.8875889778137207,0.958533763885498,2.1312324672017318,0.09385704954848165
fwedu_1p3B,fwedu_1p3B_ckda-shipped-hybrid-lowrank_1.3B_cosine100B_gbs128_lr0.0004,79380,41.618,15,256,128,0.09375,0.7578125,0.024932861328125,0.2265625,0.7914618849754333,0.9157655239105225,2.6760266212163635,0.0764671429633272
fwedu_1p3B,fwedu_1p3B_ckda-shipped-hybrid-lowrank_1.3B_cosine100B_gbs128_lr0.0004,79380,41.618,16,256,128,0.1171875,0.86328125,0.036834716796875,0.23046875,0.7184414863586426,0.9716712832450867,2.415889409195768,0.06564087696886722
fwedu_1p3B,fwedu_1p3B_ckda-shipped-hybrid-lowrank_1.3B_cosine100B_gbs128_lr0.0004,79380,41.618,17,256,128,0.11328125,0.83203125,0.04608154296875,0.1953125,0.7527678608894348,0.900665819644928,2.4264912715345344,0.06805580130089589
fwedu_1p3B,fwedu_1p3B_ckda-shipped-hybrid-lowrank_1.3B_cosine100B_gbs128_lr0.0004,87552,45.902,0,256,128,0.5390625,1.0,0.2269287109375,0.6015625,1.081132411956787,0.7445120215415955,2.0626017238703356,0.08293967763920937
fwedu_1p3B,fwedu_1p3B_ckda-shipped-hybrid-lowrank_1.3B_cosine100B_gbs128_lr0.0004,87552,45.902,1,256,128,0.2265625,0.99609375,0.12060546875,0.28515625,0.8790338635444641,0.44890183210372925,2.2899913108614616,0.047313697022139806
fwedu_1p3B,fwedu_1p3B_ckda-shipped-hybrid-lowrank_1.3B_cosine100B_gbs128_lr0.0004,87552,45.902,2,256,128,0.1484375,0.98046875,0.106048583984375,0.26953125,0.8459991812705994,0.5181252956390381,2.5434890217889414,0.06159441776264668
fwedu_1p3B,fwedu_1p3B_ckda-shipped-hybrid-lowrank_1.3B_cosine100B_gbs128_lr0.0004,87552,45.902,3,256,128,0.22265625,0.96875,0.08966064453125,0.29296875,0.8709353804588318,0.6905897259712219,2.3462049933502325,0.08883401526741073
fwedu_1p3B,fwedu_1p3B_ckda-shipped-hybrid-lowrank_1.3B_cosine100B_gbs128_lr0.0004,87552,45.902,4,256,128,0.14453125,0.9140625,0.05914306640625,0.21875,0.7522044777870178,0.9173615574836731,2.0864476110249752,0.11209519148186425
fwedu_1p3B,fwedu_1p3B_ckda-shipped-hybrid-lowrank_1.3B_cosine100B_gbs128_lr0.0004,87552,45.902,5,256,128,0.2109375,0.90625,0.038970947265625,0.31640625,0.815496563911438,0.9320138096809387,2.093890017412507,0.15814460718327744
fwedu_1p3B,fwedu_1p3B_ckda-shipped-hybrid-lowrank_1.3B_cosine100B_gbs128_lr0.0004,87552,45.902,6,256,128,0.23828125,0.91015625,0.053802490234375,0.35546875,0.8813823461532593,0.8676515221595764,2.05004156539832,0.07547166407151078
fwedu_1p3B,fwedu_1p3B_ckda-shipped-hybrid-lowrank_1.3B_cosine100B_gbs128_lr0.0004,87552,45.902,7,256,128,0.29296875,0.9140625,0.06097412109375,0.41015625,0.9355074763298035,0.8879393935203552,2.184413127669713,0.11599509742871524
fwedu_1p3B,fwedu_1p3B_ckda-shipped-hybrid-lowrank_1.3B_cosine100B_gbs128_lr0.0004,87552,45.902,8,256,128,0.26171875,0.83203125,0.02618408203125,0.3828125,0.8842580914497375,0.9790788888931274,2.10624991596177,0.14391138496853473
fwedu_1p3B,fwedu_1p3B_ckda-shipped-hybrid-lowrank_1.3B_cosine100B_gbs128_lr0.0004,87552,45.902,9,256,128,0.3125,0.9140625,0.043121337890625,0.45703125,0.9504752159118652,0.9454221129417419,2.229725039522684,0.11533806421021656
fwedu_1p3B,fwedu_1p3B_ckda-shipped-hybrid-lowrank_1.3B_cosine100B_gbs128_lr0.0004,87552,45.902,10,256,128,0.21875,0.6484375,0.023040771484375,0.4296875,0.920916736125946,0.9714526534080505,2.2420302864494754,0.10783484593889778
fwedu_1p3B,fwedu_1p3B_ckda-shipped-hybrid-lowrank_1.3B_cosine100B_gbs128_lr0.0004,87552,45.902,11,256,128,0.25,0.7421875,0.0240478515625,0.4609375,0.9339196085929871,0.9809873700141907,1.9130116459262243,0.09852002194038198
fwedu_1p3B,fwedu_1p3B_ckda-shipped-hybrid-lowrank_1.3B_cosine100B_gbs128_lr0.0004,87552,45.902,12,256,128,0.19921875,0.71484375,0.022674560546875,0.36328125,0.9119833707809448,0.9860745668411255,1.9886726607384824,0.12949237973178185
fwedu_1p3B,fwedu_1p3B_ckda-shipped-hybrid-lowrank_1.3B_cosine100B_gbs128_lr0.0004,87552,45.902,13,256,128,0.2109375,0.69140625,0.0181884765625,0.3984375,0.8731989860534668,0.9827685952186584,2.080330614755409,0.094929796238553
fwedu_1p3B,fwedu_1p3B_ckda-shipped-hybrid-lowrank_1.3B_cosine100B_gbs128_lr0.0004,87552,45.902,14,256,128,0.21484375,0.7265625,0.0242919921875,0.39453125,0.893592119216919,0.9574669599533081,2.230137716131147,0.11042575744366549
fwedu_1p3B,fwedu_1p3B_ckda-shipped-hybrid-lowrank_1.3B_cosine100B_gbs128_lr0.0004,87552,45.902,15,256,128,0.09765625,0.78515625,0.0235595703125,0.23828125,0.7902918457984924,0.909279465675354,2.872516572273135,0.06663348283982738
fwedu_1p3B,fwedu_1p3B_ckda-shipped-hybrid-lowrank_1.3B_cosine100B_gbs128_lr0.0004,87552,45.902,16,256,128,0.11328125,0.8828125,0.03631591796875,0.234375,0.7112972736358643,0.9720596075057983,2.2664286578237274,0.08950175271215466
fwedu_1p3B,fwedu_1p3B_ckda-shipped-hybrid-lowrank_1.3B_cosine100B_gbs128_lr0.0004,87552,45.902,17,256,128,0.13671875,0.84765625,0.040740966796875,0.234375,0.769031286239624,0.8991686105728149,2.2190636571703353,0.06650413569747202
fwedu_1p3B,fwedu_1p3B_ckda-shipped-hybrid-lowrank_1.3B_cosine100B_gbs128_lr0.0004,97280,51.003,0,256,128,0.5546875,1.0,0.22344970703125,0.61328125,1.0996530055999756,0.741641640663147,1.9063310716494883,0.08838755457619873
fwedu_1p3B,fwedu_1p3B_ckda-shipped-hybrid-lowrank_1.3B_cosine100B_gbs128_lr0.0004,97280,51.003,1,256,128,0.26953125,1.0,0.118011474609375,0.36328125,0.9191408753395081,0.4357762634754181,2.353989908083848,0.046790559629709336
fwedu_1p3B,fwedu_1p3B_ckda-shipped-hybrid-lowrank_1.3B_cosine100B_gbs128_lr0.0004,97280,51.003,2,256,128,0.17578125,0.9765625,0.101959228515625,0.3125,0.8773338794708252,0.5145964026451111,2.711507310373278,0.06905792028804494
fwedu_1p3B,fwedu_1p3B_ckda-shipped-hybrid-lowrank_1.3B_cosine100B_gbs128_lr0.0004,97280,51.003,3,256,128,0.23828125,0.96875,0.079681396484375,0.3359375,0.884589433670044,0.6917847394943237,2.3746642201510015,0.07024357478457338
fwedu_1p3B,fwedu_1p3B_ckda-shipped-hybrid-lowrank_1.3B_cosine100B_gbs128_lr0.0004,97280,51.003,4,256,128,0.15625,0.9453125,0.056854248046875,0.2265625,0.7760077714920044,0.9135007262229919,2.157735992771538,0.07694627536121479
fwedu_1p3B,fwedu_1p3B_ckda-shipped-hybrid-lowrank_1.3B_cosine100B_gbs128_lr0.0004,97280,51.003,5,256,128,0.234375,0.87890625,0.039642333984375,0.33203125,0.8350968360900879,0.9303423166275024,2.1004296728699927,0.13965271106720772
fwedu_1p3B,fwedu_1p3B_ckda-shipped-hybrid-lowrank_1.3B_cosine100B_gbs128_lr0.0004,97280,51.003,6,256,128,0.23828125,0.92578125,0.052825927734375,0.37109375,0.9044830799102783,0.8625985383987427,1.939698031713916,0.08098412177697462
fwedu_1p3B,fwedu_1p3B_ckda-shipped-hybrid-lowrank_1.3B_cosine100B_gbs128_lr0.0004,97280,51.003,7,256,128,0.296875,0.8984375,0.05963134765625,0.421875,0.9438490867614746,0.8872533440589905,2.121058878391548,0.11735462115393111
fwedu_1p3B,fwedu_1p3B_ckda-shipped-hybrid-lowrank_1.3B_cosine100B_gbs128_lr0.0004,97280,51.003,8,256,128,0.2890625,0.8046875,0.0269775390625,0.41796875,0.8960024118423462,0.978364109992981,2.0183645540302093,0.12504862783703524
fwedu_1p3B,fwedu_1p3B_ckda-shipped-hybrid-lowrank_1.3B_cosine100B_gbs128_lr0.0004,97280,51.003,9,256,128,0.32421875,0.90625,0.0406494140625,0.4921875,0.9725568294525146,0.9442405700683594,2.3756711432050284,0.11203717161101046
fwedu_1p3B,fwedu_1p3B_ckda-shipped-hybrid-lowrank_1.3B_cosine100B_gbs128_lr0.0004,97280,51.003,10,256,128,0.23046875,0.6484375,0.021026611328125,0.43359375,0.9294571876525879,0.9701931476593018,2.225572060884989,0.10178546448669877
fwedu_1p3B,fwedu_1p3B_ckda-shipped-hybrid-lowrank_1.3B_cosine100B_gbs128_lr0.0004,97280,51.003,11,256,128,0.23828125,0.79296875,0.0242919921875,0.453125,0.9386852979660034,0.9806004762649536,2.1000169981773897,0.1077132507418837
fwedu_1p3B,fwedu_1p3B_ckda-shipped-hybrid-lowrank_1.3B_cosine100B_gbs128_lr0.0004,97280,51.003,12,256,128,0.22265625,0.7109375,0.022003173828125,0.390625,0.9102278351783752,0.985974133014679,2.011918427359236,0.11993448343247949
fwedu_1p3B,fwedu_1p3B_ckda-shipped-hybrid-lowrank_1.3B_cosine100B_gbs128_lr0.0004,97280,51.003,13,256,128,0.21875,0.70703125,0.01751708984375,0.4140625,0.8867185115814209,0.9836524724960327,2.0834125294592383,0.10650111488526104
fwedu_1p3B,fwedu_1p3B_ckda-shipped-hybrid-lowrank_1.3B_cosine100B_gbs128_lr0.0004,97280,51.003,14,256,128,0.1875,0.73046875,0.023681640625,0.42578125,0.8972122073173523,0.9554908871650696,2.064596630099616,0.12284440473267619
fwedu_1p3B,fwedu_1p3B_ckda-shipped-hybrid-lowrank_1.3B_cosine100B_gbs128_lr0.0004,97280,51.003,15,256,128,0.08203125,0.7734375,0.021148681640625,0.26953125,0.8153853416442871,0.9078363180160522,1.984651091529457,0.08002007610150845
fwedu_1p3B,fwedu_1p3B_ckda-shipped-hybrid-lowrank_1.3B_cosine100B_gbs128_lr0.0004,97280,51.003,16,256,128,0.12109375,0.8203125,0.0318603515625,0.23828125,0.7220000624656677,0.9715595245361328,2.3062399346601032,0.10837634354335182
fwedu_1p3B,fwedu_1p3B_ckda-shipped-hybrid-lowrank_1.3B_cosine100B_gbs128_lr0.0004,97280,51.003,17,256,128,0.12890625,0.8515625,0.040679931640625,0.21875,0.7731661200523376,0.8988668918609619,2.4343918966607343,0.05854007596382597
fwedu_1p3B,fwedu_1p3B_ckda-shipped-hybrid-lowrank_1.3B_cosine100B_gbs128_lr0.0004,107008,56.103,0,256,128,0.5859375,1.0,0.223052978515625,0.64453125,1.1263141632080078,0.7488621473312378,2.032608222843714,0.1047425560658945
fwedu_1p3B,fwedu_1p3B_ckda-shipped-hybrid-lowrank_1.3B_cosine100B_gbs128_lr0.0004,107008,56.103,1,256,128,0.29296875,1.0,0.128875732421875,0.3828125,0.942816972732544,0.41998761892318726,2.3212295516831913,0.06043280623076053
fwedu_1p3B,fwedu_1p3B_ckda-shipped-hybrid-lowrank_1.3B_cosine100B_gbs128_lr0.0004,107008,56.103,2,256,128,0.1875,0.96484375,0.10845947265625,0.3203125,0.8973767757415771,0.498712956905365,2.4879342973211447,0.0561094355507082
fwedu_1p3B,fwedu_1p3B_ckda-shipped-hybrid-lowrank_1.3B_cosine100B_gbs128_lr0.0004,107008,56.103,3,256,128,0.2421875,0.953125,0.084503173828125,0.37109375,0.9079769849777222,0.6812852025032043,2.396955939328187,0.06705871012782696
fwedu_1p3B,fwedu_1p3B_ckda-shipped-hybrid-lowrank_1.3B_cosine100B_gbs128_lr0.0004,107008,56.103,4,256,128,0.1328125,0.94140625,0.05560302734375,0.24609375,0.7900416254997253,0.9071967601776123,2.44943429168689,0.08040625462971662
fwedu_1p3B,fwedu_1p3B_ckda-shipped-hybrid-lowrank_1.3B_cosine100B_gbs128_lr0.0004,107008,56.103,5,256,128,0.2265625,0.90625,0.041839599609375,0.33984375,0.834683895111084,0.9272341728210449,2.0087342171652836,0.11433455851286278
fwedu_1p3B,fwedu_1p3B_ckda-shipped-hybrid-lowrank_1.3B_cosine100B_gbs128_lr0.0004,107008,56.103,6,256,128,0.25,0.921875,0.05206298828125,0.390625,0.9082236289978027,0.8608407974243164,2.1846513898650515,0.08303700161730915
fwedu_1p3B,fwedu_1p3B_ckda-shipped-hybrid-lowrank_1.3B_cosine100B_gbs128_lr0.0004,107008,56.103,7,256,128,0.3046875,0.90234375,0.057891845703125,0.4296875,0.9531736373901367,0.8870314955711365,2.1149342161997113,0.10486881625640498
fwedu_1p3B,fwedu_1p3B_ckda-shipped-hybrid-lowrank_1.3B_cosine100B_gbs128_lr0.0004,107008,56.103,8,256,128,0.2734375,0.78125,0.02490234375,0.4140625,0.912348210811615,0.9788178205490112,2.270495081695315,0.1264611451413026
fwedu_1p3B,fwedu_1p3B_ckda-shipped-hybrid-lowrank_1.3B_cosine100B_gbs128_lr0.0004,107008,56.103,9,256,128,0.30859375,0.90234375,0.03961181640625,0.48828125,0.981850266456604,0.9424941539764404,2.2353177630170515,0.1081926635854915
fwedu_1p3B,fwedu_1p3B_ckda-shipped-hybrid-lowrank_1.3B_cosine100B_gbs128_lr0.0004,107008,56.103,10,256,128,0.21484375,0.69921875,0.022796630859375,0.44921875,0.9469471573829651,0.9695864915847778,2.1728172428342334,0.10946532476084947
fwedu_1p3B,fwedu_1p3B_ckda-shipped-hybrid-lowrank_1.3B_cosine100B_gbs128_lr0.0004,107008,56.103,11,256,128,0.26953125,0.75390625,0.024658203125,0.5,0.9519684314727783,0.9794491529464722,1.940072339137546,0.11526904468809084
fwedu_1p3B,fwedu_1p3B_ckda-shipped-hybrid-lowrank_1.3B_cosine100B_gbs128_lr0.0004,107008,56.103,12,256,128,0.25390625,0.68359375,0.02252197265625,0.390625,0.9279954433441162,0.984727680683136,1.9761835927477829,0.11485692848790306
fwedu_1p3B,fwedu_1p3B_ckda-shipped-hybrid-lowrank_1.3B_cosine100B_gbs128_lr0.0004,107008,56.103,13,256,128,0.2109375,0.7265625,0.019256591796875,0.375,0.8791806101799011,0.9827765822410583,2.0046264043475186,0.107689296348269
fwedu_1p3B,fwedu_1p3B_ckda-shipped-hybrid-lowrank_1.3B_cosine100B_gbs128_lr0.0004,107008,56.103,14,256,128,0.22265625,0.72265625,0.02691650390625,0.4140625,0.9013350009918213,0.9543967247009277,1.9495342450920476,0.11447300237194385
fwedu_1p3B,fwedu_1p3B_ckda-shipped-hybrid-lowrank_1.3B_cosine100B_gbs128_lr0.0004,107008,56.103,15,256,128,0.08203125,0.796875,0.026123046875,0.26171875,0.8233740925788879,0.902016818523407,2.4389961881868927,0.06660430332274915
fwedu_1p3B,fwedu_1p3B_ckda-shipped-hybrid-lowrank_1.3B_cosine100B_gbs128_lr0.0004,107008,56.103,16,256,128,0.1328125,0.875,0.034210205078125,0.25,0.726646900177002,0.971681535243988,2.187833984800277,0.07435210590598364
fwedu_1p3B,fwedu_1p3B_ckda-shipped-hybrid-lowrank_1.3B_cosine100B_gbs128_lr0.0004,107008,56.103,17,256,128,0.12890625,0.84375,0.042633056640625,0.2265625,0.7831793427467346,0.8902063965797424,2.1662245831808353,0.07006121799051201
fwedu_1p3B,fwedu_1p3B_ckda-shipped-hybrid-lowrank_1.3B_cosine100B_gbs128_lr0.0004,116736,61.203,0,256,128,0.6015625,1.0,0.224853515625,0.65625,1.140543818473816,0.7316588163375854,1.936854573708533,0.09088375382283562
fwedu_1p3B,fwedu_1p3B_ckda-shipped-hybrid-lowrank_1.3B_cosine100B_gbs128_lr0.0004,116736,61.203,1,256,128,0.30859375,1.0,0.123626708984375,0.40625,0.9657228589057922,0.41669827699661255,2.3081659597559363,0.055667775971751585
fwedu_1p3B,fwedu_1p3B_ckda-shipped-hybrid-lowrank_1.3B_cosine100B_gbs128_lr0.0004,116736,61.203,2,256,128,0.21484375,0.94921875,0.103424072265625,0.34375,0.9090908169746399,0.4885312020778656,2.6128932705142605,0.05820924833095258
fwedu_1p3B,fwedu_1p3B_ckda-shipped-hybrid-lowrank_1.3B_cosine100B_gbs128_lr0.0004,116736,61.203,3,256,128,0.2734375,0.98046875,0.086761474609375,0.38671875,0.9205398559570312,0.6687477231025696,2.3420686363546093,0.08440974061729539
fwedu_1p3B,fwedu_1p3B_ckda-shipped-hybrid-lowrank_1.3B_cosine100B_gbs128_lr0.0004,116736,61.203,4,256,128,0.16015625,0.93359375,0.0576171875,0.24609375,0.7974278330802917,0.9064226746559143,2.195243570278996,0.10264910360224752
fwedu_1p3B,fwedu_1p3B_ckda-shipped-hybrid-lowrank_1.3B_cosine100B_gbs128_lr0.0004,116736,61.203,5,256,128,0.2421875,0.87109375,0.039031982421875,0.34765625,0.8474239706993103,0.9263025522232056,2.2821924304852628,0.11260477690841245
fwedu_1p3B,fwedu_1p3B_ckda-shipped-hybrid-lowrank_1.3B_cosine100B_gbs128_lr0.0004,116736,61.203,6,256,128,0.26171875,0.92578125,0.053955078125,0.375,0.9147078990936279,0.8550289273262024,2.1099471785650943,0.06947198396603325
fwedu_1p3B,fwedu_1p3B_ckda-shipped-hybrid-lowrank_1.3B_cosine100B_gbs128_lr0.0004,116736,61.203,7,256,128,0.33984375,0.890625,0.058685302734375,0.4375,0.9591659307479858,0.8852589726448059,2.0210715790039173,0.10235115668374105
fwedu_1p3B,fwedu_1p3B_ckda-shipped-hybrid-lowrank_1.3B_cosine100B_gbs128_lr0.0004,116736,61.203,8,256,128,0.296875,0.82421875,0.02685546875,0.4453125,0.9162758588790894,0.9779413938522339,2.0337963010706543,0.1060502109656832
fwedu_1p3B,fwedu_1p3B_ckda-shipped-hybrid-lowrank_1.3B_cosine100B_gbs128_lr0.0004,116736,61.203,9,256,128,0.3203125,0.91015625,0.038116455078125,0.51171875,0.9860808849334717,0.9443188309669495,2.2091157521665954,0.10478626226673293
fwedu_1p3B,fwedu_1p3B_ckda-shipped-hybrid-lowrank_1.3B_cosine100B_gbs128_lr0.0004,116736,61.203,10,256,128,0.234375,0.6953125,0.024688720703125,0.47265625,0.9581652283668518,0.9688553810119629,2.1039977066542224,0.1203909226035533
fwedu_1p3B,fwedu_1p3B_ckda-shipped-hybrid-lowrank_1.3B_cosine100B_gbs128_lr0.0004,116736,61.203,11,256,128,0.265625,0.77734375,0.024810791015625,0.4765625,0.9586113095283508,0.9804100394248962,1.932330596726358,0.10593884115820557
fwedu_1p3B,fwedu_1p3B_ckda-shipped-hybrid-lowrank_1.3B_cosine100B_gbs128_lr0.0004,116736,61.203,12,256,128,0.23046875,0.71484375,0.021331787109375,0.421875,0.9419385194778442,0.9844704866409302,1.965477173833866,0.11899690625685926
fwedu_1p3B,fwedu_1p3B_ckda-shipped-hybrid-lowrank_1.3B_cosine100B_gbs128_lr0.0004,116736,61.203,13,256,128,0.21875,0.71875,0.019927978515625,0.390625,0.8910388946533203,0.9825371503829956,2.0308908310615275,0.1041949906922068
fwedu_1p3B,fwedu_1p3B_ckda-shipped-hybrid-lowrank_1.3B_cosine100B_gbs128_lr0.0004,116736,61.203,14,256,128,0.2265625,0.72265625,0.0263671875,0.43359375,0.9130220413208008,0.9528706669807434,1.992225474287175,0.12274978909008201
fwedu_1p3B,fwedu_1p3B_ckda-shipped-hybrid-lowrank_1.3B_cosine100B_gbs128_lr0.0004,116736,61.203,15,256,128,0.09375,0.75390625,0.0240478515625,0.27734375,0.8289267420768738,0.8994361758232117,2.490433468405785,0.07742349074769597
fwedu_1p3B,fwedu_1p3B_ckda-shipped-hybrid-lowrank_1.3B_cosine100B_gbs128_lr0.0004,116736,61.203,16,256,128,0.1171875,0.88671875,0.036712646484375,0.26171875,0.7260681986808777,0.9692611694335938,2.568959895985582,0.0702302997270243
fwedu_1p3B,fwedu_1p3B_ckda-shipped-hybrid-lowrank_1.3B_cosine100B_gbs128_lr0.0004,116736,61.203,17,256,128,0.13671875,0.8125,0.046417236328125,0.2265625,0.7934332489967346,0.8810456991195679,2.2964529090774444,0.05433910163927178
fwedu_1p3B,fwedu_1p3B_ckda-shipped-hybrid-lowrank_1.3B_cosine100B_gbs128_lr0.0004,126464,66.304,0,256,128,0.63671875,1.0,0.232635498046875,0.7109375,1.1605579853057861,0.7284497022628784,1.989099263453405,0.0871553694470139
fwedu_1p3B,fwedu_1p3B_ckda-shipped-hybrid-lowrank_1.3B_cosine100B_gbs128_lr0.0004,126464,66.304,1,256,128,0.37109375,1.0,0.126800537109375,0.4765625,0.9918892979621887,0.4148339629173279,2.318252078915461,0.055109327636279036
fwedu_1p3B,fwedu_1p3B_ckda-shipped-hybrid-lowrank_1.3B_cosine100B_gbs128_lr0.0004,126464,66.304,2,256,128,0.22265625,0.984375,0.1099853515625,0.359375,0.930410623550415,0.48105236887931824,2.48009792136255,0.06319983531995826
fwedu_1p3B,fwedu_1p3B_ckda-shipped-hybrid-lowrank_1.3B_cosine100B_gbs128_lr0.0004,126464,66.304,3,256,128,0.2890625,0.984375,0.0828857421875,0.41015625,0.9355913400650024,0.6827853918075562,2.4264915362965405,0.08049841451084856
fwedu_1p3B,fwedu_1p3B_ckda-shipped-hybrid-lowrank_1.3B_cosine100B_gbs128_lr0.0004,126464,66.304,4,256,128,0.15625,0.93359375,0.054443359375,0.26953125,0.8112854361534119,0.9061518311500549,2.1440407742096044,0.0770899257118431
fwedu_1p3B,fwedu_1p3B_ckda-shipped-hybrid-lowrank_1.3B_cosine100B_gbs128_lr0.0004,126464,66.304,5,256,128,0.265625,0.91796875,0.037872314453125,0.375,0.8586015701293945,0.9267966747283936,2.147750790515231,0.10867659106438535
fwedu_1p3B,fwedu_1p3B_ckda-shipped-hybrid-lowrank_1.3B_cosine100B_gbs128_lr0.0004,126464,66.304,6,256,128,0.29296875,0.9375,0.05218505859375,0.41015625,0.9258447885513306,0.8544897437095642,2.061341765302173,0.06914327898747907
fwedu_1p3B,fwedu_1p3B_ckda-shipped-hybrid-lowrank_1.3B_cosine100B_gbs128_lr0.0004,126464,66.304,7,256,128,0.34765625,0.91796875,0.059844970703125,0.44140625,0.9754115343093872,0.8825240135192871,1.986716278651866,0.11195527826541078
fwedu_1p3B,fwedu_1p3B_ckda-shipped-hybrid-lowrank_1.3B_cosine100B_gbs128_lr0.0004,126464,66.304,8,256,128,0.3203125,0.78515625,0.0250244140625,0.46484375,0.924267590045929,0.9789115786552429,2.1762836712899416,0.10547701033975983
fwedu_1p3B,fwedu_1p3B_ckda-shipped-hybrid-lowrank_1.3B_cosine100B_gbs128_lr0.0004,126464,66.304,9,256,128,0.3671875,0.91015625,0.03680419921875,0.5234375,0.9881467819213867,0.9473087787628174,2.246839005190755,0.09306318957174303
fwedu_1p3B,fwedu_1p3B_ckda-shipped-hybrid-lowrank_1.3B_cosine100B_gbs128_lr0.0004,126464,66.304,10,256,128,0.24609375,0.703125,0.023193359375,0.4375,0.9696155786514282,0.9690937995910645,2.1480176976981484,0.12034774643294892
fwedu_1p3B,fwedu_1p3B_ckda-shipped-hybrid-lowrank_1.3B_cosine100B_gbs128_lr0.0004,126464,66.304,11,256,128,0.3046875,0.7578125,0.02337646484375,0.484375,0.9726804494857788,0.9797935485839844,1.8298326360243178,0.10355227027140165
fwedu_1p3B,fwedu_1p3B_ckda-shipped-hybrid-lowrank_1.3B_cosine100B_gbs128_lr0.0004,126464,66.304,12,256,128,0.234375,0.75390625,0.021270751953125,0.44921875,0.9611508846282959,0.9845973253250122,2.0017819429133983,0.12459943117375251
fwedu_1p3B,fwedu_1p3B_ckda-shipped-hybrid-lowrank_1.3B_cosine100B_gbs128_lr0.0004,126464,66.304,13,256,128,0.23828125,0.72265625,0.020782470703125,0.39453125,0.8983461856842041,0.9820861220359802,1.974616574224368,0.10041416435747447
fwedu_1p3B,fwedu_1p3B_ckda-shipped-hybrid-lowrank_1.3B_cosine100B_gbs128_lr0.0004,126464,66.304,14,256,128,0.26953125,0.734375,0.027191162109375,0.4375,0.9269334077835083,0.9521538615226746,2.093398795515333,0.11499803635247396
fwedu_1p3B,fwedu_1p3B_ckda-shipped-hybrid-lowrank_1.3B_cosine100B_gbs128_lr0.0004,126464,66.304,15,256,128,0.11328125,0.765625,0.02410888671875,0.296875,0.8354202508926392,0.8994805812835693,2.6492112724429004,0.0788237961760539
fwedu_1p3B,fwedu_1p3B_ckda-shipped-hybrid-lowrank_1.3B_cosine100B_gbs128_lr0.0004,126464,66.304,16,256,128,0.1328125,0.87109375,0.0367431640625,0.2578125,0.7364605069160461,0.9700385928153992,2.458607279461572,0.08086609695830307
fwedu_1p3B,fwedu_1p3B_ckda-shipped-hybrid-lowrank_1.3B_cosine100B_gbs128_lr0.0004,126464,66.304,17,256,128,0.14453125,0.83203125,0.048553466796875,0.23046875,0.7951099872589111,0.8783330917358398,2.158059431871641,0.05399241430401515
fwedu_1p3B,fwedu_1p3B_ckda-shipped-hybrid-lowrank_1.3B_cosine100B_gbs128_lr0.0004,136192,71.404,0,256,128,0.6796875,1.0,0.224639892578125,0.7265625,1.1858575344085693,0.7301070094108582,1.9128081530103942,0.07970412036433994
fwedu_1p3B,fwedu_1p3B_ckda-shipped-hybrid-lowrank_1.3B_cosine100B_gbs128_lr0.0004,136192,71.404,1,256,128,0.390625,0.99609375,0.129547119140625,0.50390625,1.010058879852295,0.40665820240974426,2.3803254187338587,0.051923758190187325
fwedu_1p3B,fwedu_1p3B_ckda-shipped-hybrid-lowrank_1.3B_cosine100B_gbs128_lr0.0004,136192,71.404,2,256,128,0.2578125,0.96484375,0.1060791015625,0.390625,0.9488844871520996,0.47542497515678406,2.5706740851118246,0.06716386531597535
fwedu_1p3B,fwedu_1p3B_ckda-shipped-hybrid-lowrank_1.3B_cosine100B_gbs128_lr0.0004,136192,71.404,3,256,128,0.29296875,0.97265625,0.084014892578125,0.40234375,0.9457907676696777,0.6689079999923706,2.419076991239009,0.0782238029282044
fwedu_1p3B,fwedu_1p3B_ckda-shipped-hybrid-lowrank_1.3B_cosine100B_gbs128_lr0.0004,136192,71.404,4,256,128,0.1875,0.94140625,0.058502197265625,0.29296875,0.8253532648086548,0.9021087288856506,1.9543140253395221,0.059604928514327686
fwedu_1p3B,fwedu_1p3B_ckda-shipped-hybrid-lowrank_1.3B_cosine100B_gbs128_lr0.0004,136192,71.404,5,256,128,0.21484375,0.90625,0.039276123046875,0.36328125,0.8700650930404663,0.9229154586791992,1.966396326893938,0.1398120403958294
fwedu_1p3B,fwedu_1p3B_ckda-shipped-hybrid-lowrank_1.3B_cosine100B_gbs128_lr0.0004,136192,71.404,6,256,128,0.26953125,0.93359375,0.053802490234375,0.42578125,0.9359503388404846,0.8544614315032959,2.0684382301779416,0.07154236241903232
fwedu_1p3B,fwedu_1p3B_ckda-shipped-hybrid-lowrank_1.3B_cosine100B_gbs128_lr0.0004,136192,71.404,7,256,128,0.3359375,0.91796875,0.060638427734375,0.44921875,0.983289361000061,0.8798521161079407,2.1474343515430196,0.09546171056698033
fwedu_1p3B,fwedu_1p3B_ckda-shipped-hybrid-lowrank_1.3B_cosine100B_gbs128_lr0.0004,136192,71.404,8,256,128,0.30859375,0.7734375,0.024688720703125,0.48046875,0.943305492401123,0.9778528809547424,2.3234654027362227,0.1328732985146814
fwedu_1p3B,fwedu_1p3B_ckda-shipped-hybrid-lowrank_1.3B_cosine100B_gbs128_lr0.0004,136192,71.404,9,256,128,0.37109375,0.9296875,0.0390625,0.54296875,1.0048813819885254,0.9449933171272278,2.1420976455360137,0.09364729802618996
fwedu_1p3B,fwedu_1p3B_ckda-shipped-hybrid-lowrank_1.3B_cosine100B_gbs128_lr0.0004,136192,71.404,10,256,128,0.25,0.69921875,0.023101806640625,0.49609375,0.986736536026001,0.9685434699058533,1.9520521688341164,0.1144564676868199
fwedu_1p3B,fwedu_1p3B_ckda-shipped-hybrid-lowrank_1.3B_cosine100B_gbs128_lr0.0004,136192,71.404,11,256,128,0.296875,0.75,0.023651123046875,0.5,0.9764261245727539,0.9799521565437317,1.9194747355880266,0.0939589698984232
fwedu_1p3B,fwedu_1p3B_ckda-shipped-hybrid-lowrank_1.3B_cosine100B_gbs128_lr0.0004,136192,71.404,12,256,128,0.2265625,0.7578125,0.0220947265625,0.44921875,0.9664351344108582,0.984308660030365,1.9456983127473562,0.11821623627547134
fwedu_1p3B,fwedu_1p3B_ckda-shipped-hybrid-lowrank_1.3B_cosine100B_gbs128_lr0.0004,136192,71.404,13,256,128,0.25390625,0.734375,0.019927978515625,0.40234375,0.9067866802215576,0.9825452566146851,1.8092047181045534,0.10523515529748838
fwedu_1p3B,fwedu_1p3B_ckda-shipped-hybrid-lowrank_1.3B_cosine100B_gbs128_lr0.0004,136192,71.404,14,256,128,0.25,0.75390625,0.025604248046875,0.4609375,0.9332141876220703,0.9505112171173096,1.933535297415008,0.11536815796370922
fwedu_1p3B,fwedu_1p3B_ckda-shipped-hybrid-lowrank_1.3B_cosine100B_gbs128_lr0.0004,136192,71.404,15,256,128,0.10546875,0.77734375,0.024444580078125,0.2890625,0.8494654893875122,0.8982657194137573,2.290546198205216,0.0951596895173645
fwedu_1p3B,fwedu_1p3B_ckda-shipped-hybrid-lowrank_1.3B_cosine100B_gbs128_lr0.0004,136192,71.404,16,256,128,0.14453125,0.890625,0.036041259765625,0.2890625,0.7411442995071411,0.9699742197990417,2.147283187000662,0.06530348730886668
fwedu_1p3B,fwedu_1p3B_ckda-shipped-hybrid-lowrank_1.3B_cosine100B_gbs128_lr0.0004,136192,71.404,17,256,128,0.1875,0.83984375,0.0439453125,0.2578125,0.8115376234054565,0.8784207105636597,2.249665205905422,0.055077244373485094
fwedu_1p3B,fwedu_1p3B_ckda-shipped-hybrid-lowrank_1.3B_cosine100B_gbs128_lr0.0004,145920,76.504,0,256,128,0.72265625,1.0,0.230072021484375,0.7578125,1.2093559503555298,0.7402462363243103,1.8730374890299133,0.09446281036744954
fwedu_1p3B,fwedu_1p3B_ckda-shipped-hybrid-lowrank_1.3B_cosine100B_gbs128_lr0.0004,145920,76.504,1,256,128,0.40234375,1.0,0.12860107421875,0.5234375,1.0328007936477661,0.40057292580604553,2.4544538387103345,0.0605130642089551
fwedu_1p3B,fwedu_1p3B_ckda-shipped-hybrid-lowrank_1.3B_cosine100B_gbs128_lr0.0004,145920,76.504,2,256,128,0.28515625,0.9765625,0.104156494140625,0.40234375,0.9683513641357422,0.4785976707935333,2.6016634071500224,0.07342647179558219
fwedu_1p3B,fwedu_1p3B_ckda-shipped-hybrid-lowrank_1.3B_cosine100B_gbs128_lr0.0004,145920,76.504,3,256,128,0.3203125,0.98046875,0.08087158203125,0.41796875,0.9600052237510681,0.6676765084266663,2.4382108138187837,0.07440419688718145
fwedu_1p3B,fwedu_1p3B_ckda-shipped-hybrid-lowrank_1.3B_cosine100B_gbs128_lr0.0004,145920,76.504,4,256,128,0.19921875,0.92578125,0.05267333984375,0.296875,0.8353293538093567,0.906769871711731,2.1885951973891427,0.06222625186215665
fwedu_1p3B,fwedu_1p3B_ckda-shipped-hybrid-lowrank_1.3B_cosine100B_gbs128_lr0.0004,145920,76.504,5,256,128,0.265625,0.90625,0.036895751953125,0.3671875,0.8776457905769348,0.9224274754524231,1.9632741513159269,0.0882121761890697
fwedu_1p3B,fwedu_1p3B_ckda-shipped-hybrid-lowrank_1.3B_cosine100B_gbs128_lr0.0004,145920,76.504,6,256,128,0.296875,0.95703125,0.0521240234375,0.421875,0.9466812610626221,0.8566673398017883,2.183038470283586,0.07425633063251005
fwedu_1p3B,fwedu_1p3B_ckda-shipped-hybrid-lowrank_1.3B_cosine100B_gbs128_lr0.0004,145920,76.504,7,256,128,0.359375,0.8828125,0.05841064453125,0.45703125,0.9863677024841309,0.88241046667099,2.1585594749700974,0.0991662422695111
fwedu_1p3B,fwedu_1p3B_ckda-shipped-hybrid-lowrank_1.3B_cosine100B_gbs128_lr0.0004,145920,76.504,8,256,128,0.32421875,0.80859375,0.02587890625,0.48828125,0.9525890350341797,0.9777900576591492,1.9814051876440515,0.11680500730339545
fwedu_1p3B,fwedu_1p3B_ckda-shipped-hybrid-lowrank_1.3B_cosine100B_gbs128_lr0.0004,145920,76.504,9,256,128,0.3515625,0.9296875,0.03875732421875,0.55078125,1.00822114944458,0.9447509050369263,2.2222477957424225,0.08795004605851786
fwedu_1p3B,fwedu_1p3B_ckda-shipped-hybrid-lowrank_1.3B_cosine100B_gbs128_lr0.0004,145920,76.504,10,256,128,0.25390625,0.70703125,0.023681640625,0.484375,0.9876376390457153,0.9685990810394287,1.9256641084226442,0.13230582746104558
fwedu_1p3B,fwedu_1p3B_ckda-shipped-hybrid-lowrank_1.3B_cosine100B_gbs128_lr0.0004,145920,76.504,11,256,128,0.296875,0.75,0.024627685546875,0.5,0.9836030006408691,0.9797932505607605,1.9437341654259965,0.09780034653387457
fwedu_1p3B,fwedu_1p3B_ckda-shipped-hybrid-lowrank_1.3B_cosine100B_gbs128_lr0.0004,145920,76.504,12,256,128,0.24609375,0.73046875,0.022308349609375,0.4375,0.9718774557113647,0.9847745299339294,1.9811209244787653,0.12662765672596463
fwedu_1p3B,fwedu_1p3B_ckda-shipped-hybrid-lowrank_1.3B_cosine100B_gbs128_lr0.0004,145920,76.504,13,256,128,0.2421875,0.6875,0.01953125,0.4140625,0.9136378169059753,0.982079267501831,1.91333561707584,0.1069446721977664
fwedu_1p3B,fwedu_1p3B_ckda-shipped-hybrid-lowrank_1.3B_cosine100B_gbs128_lr0.0004,145920,76.504,14,256,128,0.28125,0.75390625,0.027984619140625,0.47265625,0.9501708745956421,0.9487572312355042,2.0264789109687644,0.11521854825599692
fwedu_1p3B,fwedu_1p3B_ckda-shipped-hybrid-lowrank_1.3B_cosine100B_gbs128_lr0.0004,145920,76.504,15,256,128,0.13671875,0.7734375,0.0242919921875,0.3203125,0.857353925704956,0.8951448798179626,2.13784765012113,0.08449953599604182
fwedu_1p3B,fwedu_1p3B_ckda-shipped-hybrid-lowrank_1.3B_cosine100B_gbs128_lr0.0004,145920,76.504,16,256,128,0.15234375,0.8984375,0.0350341796875,0.27734375,0.750497579574585,0.969619631767273,2.1796760905975767,0.07761822419997431
fwedu_1p3B,fwedu_1p3B_ckda-shipped-hybrid-lowrank_1.3B_cosine100B_gbs128_lr0.0004,145920,76.504,17,256,128,0.16796875,0.828125,0.047576904296875,0.2734375,0.8155813217163086,0.8737977147102356,2.174775779693383,0.06033379932914377
fwedu_1p3B,fwedu_1p3B_ckda-shipped-hybrid-lowrank_1.3B_cosine100B_gbs128_lr0.0004,155648,81.604,0,256,128,0.7578125,1.0,0.224822998046875,0.796875,1.2317370176315308,0.746874988079071,1.9031822000510945,0.09657858934241796
fwedu_1p3B,fwedu_1p3B_ckda-shipped-hybrid-lowrank_1.3B_cosine100B_gbs128_lr0.0004,155648,81.604,1,256,128,0.4296875,0.99609375,0.128814697265625,0.5390625,1.057617425918579,0.39597460627555847,2.4824684295310906,0.06140547574375527
fwedu_1p3B,fwedu_1p3B_ckda-shipped-hybrid-lowrank_1.3B_cosine100B_gbs128_lr0.0004,155648,81.604,2,256,128,0.26953125,0.97265625,0.11138916015625,0.421875,0.9788207411766052,0.46433696150779724,2.518331192402407,0.06538242486458694
fwedu_1p3B,fwedu_1p3B_ckda-shipped-hybrid-lowrank_1.3B_cosine100B_gbs128_lr0.0004,155648,81.604,3,256,128,0.31640625,0.984375,0.07659912109375,0.4296875,0.9762662649154663,0.6696180105209351,2.349413007971347,0.07458595567068989
fwedu_1p3B,fwedu_1p3B_ckda-shipped-hybrid-lowrank_1.3B_cosine100B_gbs128_lr0.0004,155648,81.604,4,256,128,0.21875,0.9453125,0.052886962890625,0.32421875,0.8522324562072754,0.9042379856109619,2.167037057948579,0.07213864743985368
fwedu_1p3B,fwedu_1p3B_ckda-shipped-hybrid-lowrank_1.3B_cosine100B_gbs128_lr0.0004,155648,81.604,5,256,128,0.27734375,0.89453125,0.037811279296875,0.38671875,0.8950855731964111,0.923151969909668,2.247948736945604,0.1088712276911956
fwedu_1p3B,fwedu_1p3B_ckda-shipped-hybrid-lowrank_1.3B_cosine100B_gbs128_lr0.0004,155648,81.604,6,256,128,0.29296875,0.93359375,0.0509033203125,0.421875,0.9529018402099609,0.855165421962738,1.8779331284387522,0.07882553189703911
fwedu_1p3B,fwedu_1p3B_ckda-shipped-hybrid-lowrank_1.3B_cosine100B_gbs128_lr0.0004,155648,81.604,7,256,128,0.3828125,0.87890625,0.0567626953125,0.49609375,1.0028883218765259,0.8824924230575562,2.1260574867580333,0.08924304384861201
fwedu_1p3B,fwedu_1p3B_ckda-shipped-hybrid-lowrank_1.3B_cosine100B_gbs128_lr0.0004,155648,81.604,8,256,128,0.33984375,0.81640625,0.024688720703125,0.515625,0.9624300003051758,0.9777304530143738,1.8046230024045868,0.1185184777622086
fwedu_1p3B,fwedu_1p3B_ckda-shipped-hybrid-lowrank_1.3B_cosine100B_gbs128_lr0.0004,155648,81.604,9,256,128,0.359375,0.9140625,0.0361328125,0.546875,1.0221165418624878,0.9433311223983765,2.1656597846050483,0.0909315813869083
fwedu_1p3B,fwedu_1p3B_ckda-shipped-hybrid-lowrank_1.3B_cosine100B_gbs128_lr0.0004,155648,81.604,10,256,128,0.25,0.6875,0.02178955078125,0.515625,0.9977046251296997,0.968082070350647,2.1417432128666425,0.13171296945552402
fwedu_1p3B,fwedu_1p3B_ckda-shipped-hybrid-lowrank_1.3B_cosine100B_gbs128_lr0.0004,155648,81.604,11,256,128,0.328125,0.7421875,0.0235595703125,0.51953125,0.988433301448822,0.9795974493026733,1.8197526498038132,0.09756681285887102
fwedu_1p3B,fwedu_1p3B_ckda-shipped-hybrid-lowrank_1.3B_cosine100B_gbs128_lr0.0004,155648,81.604,12,256,128,0.26171875,0.7265625,0.022064208984375,0.46875,0.9809074997901917,0.9847922921180725,2.0026867681645006,0.11487898560125853
fwedu_1p3B,fwedu_1p3B_ckda-shipped-hybrid-lowrank_1.3B_cosine100B_gbs128_lr0.0004,155648,81.604,13,256,128,0.28125,0.70703125,0.019287109375,0.42578125,0.9182053208351135,0.9817073941230774,1.9501397567772034,0.09827662991237346
fwedu_1p3B,fwedu_1p3B_ckda-shipped-hybrid-lowrank_1.3B_cosine100B_gbs128_lr0.0004,155648,81.604,14,256,128,0.28125,0.74609375,0.027374267578125,0.484375,0.9621162414550781,0.9486904740333557,2.004908543589482,0.11877149257841008
fwedu_1p3B,fwedu_1p3B_ckda-shipped-hybrid-lowrank_1.3B_cosine100B_gbs128_lr0.0004,155648,81.604,15,256,128,0.15234375,0.7734375,0.0242919921875,0.3359375,0.8657452464103699,0.8940840363502502,2.176725169152713,0.09317694412712149
fwedu_1p3B,fwedu_1p3B_ckda-shipped-hybrid-lowrank_1.3B_cosine100B_gbs128_lr0.0004,155648,81.604,16,256,128,0.140625,0.87890625,0.0352783203125,0.3046875,0.7483797073364258,0.9703701734542847,2.206425669660543,0.08443709504837725
fwedu_1p3B,fwedu_1p3B_ckda-shipped-hybrid-lowrank_1.3B_cosine100B_gbs128_lr0.0004,155648,81.604,17,256,128,0.16796875,0.83984375,0.044677734375,0.28125,0.8228627443313599,0.876675546169281,2.266746533180196,0.050891021094440096
fwedu_1p3B,fwedu_1p3B_ckda-shipped-hybrid-lowrank_1.3B_cosine100B_gbs128_lr0.0004,158440,83.068,0,256,128,0.7734375,1.0,0.225128173828125,0.796875,1.2391496896743774,0.7476022243499756,1.9422366933392734,0.09580883127315584
fwedu_1p3B,fwedu_1p3B_ckda-shipped-hybrid-lowrank_1.3B_cosine100B_gbs128_lr0.0004,158440,83.068,1,256,128,0.44921875,1.0,0.124176025390625,0.5625,1.0643118619918823,0.3987855315208435,2.4385071421197253,0.06515102161409549
fwedu_1p3B,fwedu_1p3B_ckda-shipped-hybrid-lowrank_1.3B_cosine100B_gbs128_lr0.0004,158440,83.068,2,256,128,0.2890625,0.96875,0.105621337890625,0.44140625,0.980820894241333,0.46653831005096436,2.5218308168821664,0.06965812730008861
fwedu_1p3B,fwedu_1p3B_ckda-shipped-hybrid-lowrank_1.3B_cosine100B_gbs128_lr0.0004,158440,83.068,3,256,128,0.29296875,0.98828125,0.07568359375,0.4296875,0.9735321402549744,0.6712636351585388,2.381506270086336,0.08398695322352756
fwedu_1p3B,fwedu_1p3B_ckda-shipped-hybrid-lowrank_1.3B_cosine100B_gbs128_lr0.0004,158440,83.068,4,256,128,0.1796875,0.9453125,0.054412841796875,0.31640625,0.8478177785873413,0.902134895324707,2.0976165401949878,0.07957752899846467
fwedu_1p3B,fwedu_1p3B_ckda-shipped-hybrid-lowrank_1.3B_cosine100B_gbs128_lr0.0004,158440,83.068,5,256,128,0.234375,0.89453125,0.03778076171875,0.38671875,0.8973427414894104,0.9220373630523682,2.106461414193965,0.1288388578290316
fwedu_1p3B,fwedu_1p3B_ckda-shipped-hybrid-lowrank_1.3B_cosine100B_gbs128_lr0.0004,158440,83.068,6,256,128,0.30859375,0.9453125,0.0509033203125,0.4296875,0.957650899887085,0.8549235463142395,1.9625164865614348,0.08418798548433615
fwedu_1p3B,fwedu_1p3B_ckda-shipped-hybrid-lowrank_1.3B_cosine100B_gbs128_lr0.0004,158440,83.068,7,256,128,0.37890625,0.88671875,0.056365966796875,0.48828125,0.996918797492981,0.8835835456848145,2.172261612961645,0.09858032644583241
fwedu_1p3B,fwedu_1p3B_ckda-shipped-hybrid-lowrank_1.3B_cosine100B_gbs128_lr0.0004,158440,83.068,8,256,128,0.3359375,0.796875,0.024749755859375,0.4921875,0.9664252996444702,0.9778683185577393,2.1794113494482548,0.12748319058440016
fwedu_1p3B,fwedu_1p3B_ckda-shipped-hybrid-lowrank_1.3B_cosine100B_gbs128_lr0.0004,158440,83.068,9,256,128,0.3828125,0.921875,0.036865234375,0.56640625,1.022107720375061,0.9440751075744629,2.125719984093762,0.09320610965876208
fwedu_1p3B,fwedu_1p3B_ckda-shipped-hybrid-lowrank_1.3B_cosine100B_gbs128_lr0.0004,158440,83.068,10,256,128,0.2734375,0.6953125,0.021820068359375,0.4921875,1.0010325908660889,0.9681066274642944,2.0544438052782135,0.1140567126470472
fwedu_1p3B,fwedu_1p3B_ckda-shipped-hybrid-lowrank_1.3B_cosine100B_gbs128_lr0.0004,158440,83.068,11,256,128,0.30859375,0.7578125,0.022735595703125,0.51953125,0.9881541728973389,0.9793525338172913,1.8897513599629514,0.10140630553931242
fwedu_1p3B,fwedu_1p3B_ckda-shipped-hybrid-lowrank_1.3B_cosine100B_gbs128_lr0.0004,158440,83.068,12,256,128,0.24609375,0.69921875,0.02197265625,0.4609375,0.983130693435669,0.9843814969062805,2.1585470056000053,0.1185931290088634
fwedu_1p3B,fwedu_1p3B_ckda-shipped-hybrid-lowrank_1.3B_cosine100B_gbs128_lr0.0004,158440,83.068,13,256,128,0.2421875,0.69140625,0.01922607421875,0.41015625,0.9175807237625122,0.9815822839736938,1.8114385641597022,0.10796913108254748
fwedu_1p3B,fwedu_1p3B_ckda-shipped-hybrid-lowrank_1.3B_cosine100B_gbs128_lr0.0004,158440,83.068,14,256,128,0.28125,0.73828125,0.026336669921875,0.49609375,0.961247444152832,0.9486767649650574,1.9275968504698384,0.10950663412536796
fwedu_1p3B,fwedu_1p3B_ckda-shipped-hybrid-lowrank_1.3B_cosine100B_gbs128_lr0.0004,158440,83.068,15,256,128,0.125,0.8046875,0.024200439453125,0.34375,0.8709063529968262,0.8930118680000305,2.2407535528737945,0.09316725460556535
fwedu_1p3B,fwedu_1p3B_ckda-shipped-hybrid-lowrank_1.3B_cosine100B_gbs128_lr0.0004,158440,83.068,16,256,128,0.15625,0.89453125,0.03741455078125,0.30078125,0.7525763511657715,0.9694057106971741,2.0750452281707883,0.07146382816662852
fwedu_1p3B,fwedu_1p3B_ckda-shipped-hybrid-lowrank_1.3B_cosine100B_gbs128_lr0.0004,158440,83.068,17,256,128,0.17578125,0.82421875,0.04254150390625,0.27734375,0.8229994773864746,0.873802125453949,2.3014078106007974,0.06290125265842032
fwedu_1p3B,fwedu_1p3B_ckda-shipped-hybrid-lowrank_1.3B_cosine100B_gbs128_lr0.0004,165376,86.705,0,256,128,0.7890625,1.0,0.22344970703125,0.81640625,1.254447102546692,0.7453392744064331,1.9147609192144677,0.09751738618157951
fwedu_1p3B,fwedu_1p3B_ckda-shipped-hybrid-lowrank_1.3B_cosine100B_gbs128_lr0.0004,165376,86.705,1,256,128,0.47265625,0.99609375,0.129241943359375,0.5859375,1.0771137475967407,0.3982947766780853,2.362592335029797,0.061935064376520396
fwedu_1p3B,fwedu_1p3B_ckda-shipped-hybrid-lowrank_1.3B_cosine100B_gbs128_lr0.0004,165376,86.705,2,256,128,0.29296875,0.96484375,0.1043701171875,0.45703125,0.9955108165740967,0.47204485535621643,2.6195350544784857,0.0759622855425351
fwedu_1p3B,fwedu_1p3B_ckda-shipped-hybrid-lowrank_1.3B_cosine100B_gbs128_lr0.0004,165376,86.705,3,256,128,0.31640625,0.9765625,0.07415771484375,0.44921875,0.9837034940719604,0.670146107673645,2.4544851139082784,0.07374909353161042
fwedu_1p3B,fwedu_1p3B_ckda-shipped-hybrid-lowrank_1.3B_cosine100B_gbs128_lr0.0004,165376,86.705,4,256,128,0.1953125,0.94921875,0.053314208984375,0.3203125,0.8620301485061646,0.9025469422340393,2.0581311081262035,0.0539897316674591
fwedu_1p3B,fwedu_1p3B_ckda-shipped-hybrid-lowrank_1.3B_cosine100B_gbs128_lr0.0004,165376,86.705,5,256,128,0.24609375,0.9140625,0.03662109375,0.40234375,0.9026620388031006,0.9235444068908691,2.0470683575016215,0.11270709996327159
fwedu_1p3B,fwedu_1p3B_ckda-shipped-hybrid-lowrank_1.3B_cosine100B_gbs128_lr0.0004,165376,86.705,6,256,128,0.296875,0.94921875,0.04931640625,0.4375,0.9673774838447571,0.8506705164909363,1.9445829472650944,0.07663223795085808
fwedu_1p3B,fwedu_1p3B_ckda-shipped-hybrid-lowrank_1.3B_cosine100B_gbs128_lr0.0004,165376,86.705,7,256,128,0.390625,0.87109375,0.055999755859375,0.48828125,1.011192798614502,0.8786376118659973,2.1790853324910593,0.09216826306898451
fwedu_1p3B,fwedu_1p3B_ckda-shipped-hybrid-lowrank_1.3B_cosine100B_gbs128_lr0.0004,165376,86.705,8,256,128,0.34765625,0.81640625,0.02447509765625,0.52734375,0.9755139350891113,0.9772890210151672,2.0210091437834063,0.11001080413556451
fwedu_1p3B,fwedu_1p3B_ckda-shipped-hybrid-lowrank_1.3B_cosine100B_gbs128_lr0.0004,165376,86.705,9,256,128,0.3515625,0.9140625,0.036712646484375,0.55859375,1.026737928390503,0.9438501000404358,2.0813456215018107,0.09985954837547123
fwedu_1p3B,fwedu_1p3B_ckda-shipped-hybrid-lowrank_1.3B_cosine100B_gbs128_lr0.0004,165376,86.705,10,256,128,0.24609375,0.703125,0.0230712890625,0.49609375,1.0021874904632568,0.9672524929046631,1.9675243215787819,0.13111374121314645
fwedu_1p3B,fwedu_1p3B_ckda-shipped-hybrid-lowrank_1.3B_cosine100B_gbs128_lr0.0004,165376,86.705,11,256,128,0.28125,0.79296875,0.0230712890625,0.51953125,0.9998558759689331,0.9794616103172302,1.8474397354645218,0.10686116786183514
fwedu_1p3B,fwedu_1p3B_ckda-shipped-hybrid-lowrank_1.3B_cosine100B_gbs128_lr0.0004,165376,86.705,12,256,128,0.28515625,0.734375,0.02154541015625,0.4765625,0.9879176020622253,0.984445333480835,2.025206932974454,0.12184329735707813
fwedu_1p3B,fwedu_1p3B_ckda-shipped-hybrid-lowrank_1.3B_cosine100B_gbs128_lr0.0004,165376,86.705,13,256,128,0.26953125,0.69921875,0.019500732421875,0.41796875,0.9149363040924072,0.9820770025253296,1.8736819252431627,0.1008294568841276
fwedu_1p3B,fwedu_1p3B_ckda-shipped-hybrid-lowrank_1.3B_cosine100B_gbs128_lr0.0004,165376,86.705,14,256,128,0.3203125,0.7421875,0.027984619140625,0.48828125,0.9658341407775879,0.9474791288375854,1.9413990217781762,0.10993019611539084
fwedu_1p3B,fwedu_1p3B_ckda-shipped-hybrid-lowrank_1.3B_cosine100B_gbs128_lr0.0004,165376,86.705,15,256,128,0.125,0.79296875,0.026947021484375,0.328125,0.8733558654785156,0.8876203894615173,2.146828776766763,0.11595592233026664
fwedu_1p3B,fwedu_1p3B_ckda-shipped-hybrid-lowrank_1.3B_cosine100B_gbs128_lr0.0004,165376,86.705,16,256,128,0.1640625,0.88671875,0.037567138671875,0.29296875,0.7506343126296997,0.9685303568840027,2.057161625471096,0.06717269374513501
fwedu_1p3B,fwedu_1p3B_ckda-shipped-hybrid-lowrank_1.3B_cosine100B_gbs128_lr0.0004,165376,86.705,17,256,128,0.19140625,0.83203125,0.04736328125,0.2890625,0.8280860781669617,0.8686787486076355,2.28324958895201,0.05031734374710914
fwedu_1p3B,fwedu_1p3B_ckda-shipped-hybrid-lowrank_1.3B_cosine100B_gbs128_lr0.0004,175104,91.805,0,256,128,0.7890625,1.0,0.228546142578125,0.84375,1.2688846588134766,0.7398713827133179,1.8989903021491603,0.10803531872174124
fwedu_1p3B,fwedu_1p3B_ckda-shipped-hybrid-lowrank_1.3B_cosine100B_gbs128_lr0.0004,175104,91.805,1,256,128,0.51171875,1.0,0.130035400390625,0.61328125,1.0897835493087769,0.3866061568260193,2.4360238164905996,0.06538714327006234
fwedu_1p3B,fwedu_1p3B_ckda-shipped-hybrid-lowrank_1.3B_cosine100B_gbs128_lr0.0004,175104,91.805,2,256,128,0.296875,0.9765625,0.1075439453125,0.46875,1.0010534524917603,0.4600195586681366,2.543791700388719,0.06576800002849265
fwedu_1p3B,fwedu_1p3B_ckda-shipped-hybrid-lowrank_1.3B_cosine100B_gbs128_lr0.0004,175104,91.805,3,256,128,0.28515625,0.9765625,0.0755615234375,0.46484375,0.992556095123291,0.6602339148521423,2.4758814206515125,0.07892872608747394
fwedu_1p3B,fwedu_1p3B_ckda-shipped-hybrid-lowrank_1.3B_cosine100B_gbs128_lr0.0004,175104,91.805,4,256,128,0.20703125,0.94140625,0.053497314453125,0.34765625,0.8661182522773743,0.9019806981086731,2.1311201086919045,0.06575434813761305
fwedu_1p3B,fwedu_1p3B_ckda-shipped-hybrid-lowrank_1.3B_cosine100B_gbs128_lr0.0004,175104,91.805,5,256,128,0.2734375,0.890625,0.0361328125,0.3984375,0.906819224357605,0.9235963821411133,2.125049963189214,0.11543411172632788
fwedu_1p3B,fwedu_1p3B_ckda-shipped-hybrid-lowrank_1.3B_cosine100B_gbs128_lr0.0004,175104,91.805,6,256,128,0.328125,0.92578125,0.050567626953125,0.4453125,0.9679935574531555,0.8492113351821899,1.9671885195481456,0.06972467333861981
fwedu_1p3B,fwedu_1p3B_ckda-shipped-hybrid-lowrank_1.3B_cosine100B_gbs128_lr0.0004,175104,91.805,7,256,128,0.3828125,0.88671875,0.05682373046875,0.49609375,1.0178481340408325,0.880085825920105,2.1201126475999272,0.09400788237851956
fwedu_1p3B,fwedu_1p3B_ckda-shipped-hybrid-lowrank_1.3B_cosine100B_gbs128_lr0.0004,175104,91.805,8,256,128,0.36328125,0.7890625,0.0234375,0.515625,0.9765292406082153,0.9772266745567322,1.8354000548516896,0.12111711444369798
fwedu_1p3B,fwedu_1p3B_ckda-shipped-hybrid-lowrank_1.3B_cosine100B_gbs128_lr0.0004,175104,91.805,9,256,128,0.3828125,0.9296875,0.0362548828125,0.54296875,1.0356532335281372,0.94367915391922,2.2168322156081253,0.10179565777834232
fwedu_1p3B,fwedu_1p3B_ckda-shipped-hybrid-lowrank_1.3B_cosine100B_gbs128_lr0.0004,175104,91.805,10,256,128,0.2578125,0.6640625,0.021881103515625,0.515625,1.0154526233673096,0.9670941829681396,1.9180739015421122,0.13439100952145583
fwedu_1p3B,fwedu_1p3B_ckda-shipped-hybrid-lowrank_1.3B_cosine100B_gbs128_lr0.0004,175104,91.805,11,256,128,0.31640625,0.765625,0.022735595703125,0.51953125,1.002976894378662,0.9797928929328918,1.8356665322338805,0.0994619015056524
fwedu_1p3B,fwedu_1p3B_ckda-shipped-hybrid-lowrank_1.3B_cosine100B_gbs128_lr0.0004,175104,91.805,12,256,128,0.2734375,0.7265625,0.020843505859375,0.484375,0.9913545846939087,0.984239399433136,2.0202376426033846,0.12137818909461082
fwedu_1p3B,fwedu_1p3B_ckda-shipped-hybrid-lowrank_1.3B_cosine100B_gbs128_lr0.0004,175104,91.805,13,256,128,0.26171875,0.71484375,0.020172119140625,0.41015625,0.9238404631614685,0.9811432957649231,1.8634986947632066,0.10883672169529489
fwedu_1p3B,fwedu_1p3B_ckda-shipped-hybrid-lowrank_1.3B_cosine100B_gbs128_lr0.0004,175104,91.805,14,256,128,0.296875,0.76171875,0.02728271484375,0.49609375,0.9711136221885681,0.9458542466163635,1.9923407536535618,0.11080121698694811
fwedu_1p3B,fwedu_1p3B_ckda-shipped-hybrid-lowrank_1.3B_cosine100B_gbs128_lr0.0004,175104,91.805,15,256,128,0.140625,0.78515625,0.0267333984375,0.36328125,0.8779955506324768,0.8892479538917542,2.3054349249840875,0.07224720731496576
fwedu_1p3B,fwedu_1p3B_ckda-shipped-hybrid-lowrank_1.3B_cosine100B_gbs128_lr0.0004,175104,91.805,16,256,128,0.1328125,0.87890625,0.037200927734375,0.3125,0.7612597346305847,0.9688133597373962,2.3224299348193616,0.07977527219033004
fwedu_1p3B,fwedu_1p3B_ckda-shipped-hybrid-lowrank_1.3B_cosine100B_gbs128_lr0.0004,175104,91.805,17,256,128,0.1796875,0.8125,0.045806884765625,0.29296875,0.8349525332450867,0.865716814994812,2.3232890045553534,0.041997140083051804
fwedu_1p3B,fwedu_1p3B_ckda-shipped-hybrid-lowrank_1.3B_cosine100B_gbs128_lr0.0004,184832,96.905,0,256,128,0.828125,1.0,0.22406005859375,0.87109375,1.2835853099822998,0.7400045394897461,1.9090030227681498,0.11396242664147208
fwedu_1p3B,fwedu_1p3B_ckda-shipped-hybrid-lowrank_1.3B_cosine100B_gbs128_lr0.0004,184832,96.905,1,256,128,0.51953125,1.0,0.1263427734375,0.63671875,1.1011078357696533,0.3903818428516388,2.4286893146122517,0.06296023538688823
fwedu_1p3B,fwedu_1p3B_ckda-shipped-hybrid-lowrank_1.3B_cosine100B_gbs128_lr0.0004,184832,96.905,2,256,128,0.296875,0.9765625,0.106353759765625,0.48046875,1.0110752582550049,0.4554729759693146,2.5476380768456943,0.0826123748351832
fwedu_1p3B,fwedu_1p3B_ckda-shipped-hybrid-lowrank_1.3B_cosine100B_gbs128_lr0.0004,184832,96.905,3,256,128,0.3359375,0.96484375,0.076934814453125,0.46875,0.9952128529548645,0.6615003943443298,2.48848074051876,0.07802137235252102
fwedu_1p3B,fwedu_1p3B_ckda-shipped-hybrid-lowrank_1.3B_cosine100B_gbs128_lr0.0004,184832,96.905,4,256,128,0.21484375,0.94140625,0.05133056640625,0.34765625,0.8689017295837402,0.9003905653953552,2.1615564074992824,0.061374272377005545
fwedu_1p3B,fwedu_1p3B_ckda-shipped-hybrid-lowrank_1.3B_cosine100B_gbs128_lr0.0004,184832,96.905,5,256,128,0.28515625,0.87109375,0.03607177734375,0.40234375,0.9189112186431885,0.92213374376297,1.9364176894030751,0.10053375532150242
fwedu_1p3B,fwedu_1p3B_ckda-shipped-hybrid-lowrank_1.3B_cosine100B_gbs128_lr0.0004,184832,96.905,6,256,128,0.296875,0.94140625,0.049957275390625,0.47265625,0.9774796366691589,0.8499338626861572,1.9602638100461522,0.07693398060373305
fwedu_1p3B,fwedu_1p3B_ckda-shipped-hybrid-lowrank_1.3B_cosine100B_gbs128_lr0.0004,184832,96.905,7,256,128,0.3984375,0.90234375,0.05615234375,0.51171875,1.0217357873916626,0.8766149282455444,2.1233567741012447,0.08769882170708698
fwedu_1p3B,fwedu_1p3B_ckda-shipped-hybrid-lowrank_1.3B_cosine100B_gbs128_lr0.0004,184832,96.905,8,256,128,0.34765625,0.796875,0.02374267578125,0.53125,0.978460431098938,0.9765310883522034,1.9488688597188353,0.12747114020683417
fwedu_1p3B,fwedu_1p3B_ckda-shipped-hybrid-lowrank_1.3B_cosine100B_gbs128_lr0.0004,184832,96.905,9,256,128,0.34375,0.91796875,0.03369140625,0.55859375,1.0379729270935059,0.9443811774253845,2.139548087654875,0.09478505642426811
fwedu_1p3B,fwedu_1p3B_ckda-shipped-hybrid-lowrank_1.3B_cosine100B_gbs128_lr0.0004,184832,96.905,10,256,128,0.2578125,0.703125,0.022186279296875,0.5234375,1.0165272951126099,0.96756511926651,1.7103785146069594,0.12385485075611322
fwedu_1p3B,fwedu_1p3B_ckda-shipped-hybrid-lowrank_1.3B_cosine100B_gbs128_lr0.0004,184832,96.905,11,256,128,0.3203125,0.765625,0.022491455078125,0.53125,1.004719614982605,0.9793342351913452,1.812748258619218,0.09919569740263695
fwedu_1p3B,fwedu_1p3B_ckda-shipped-hybrid-lowrank_1.3B_cosine100B_gbs128_lr0.0004,184832,96.905,12,256,128,0.28515625,0.73046875,0.020599365234375,0.484375,0.9962359666824341,0.9840548038482666,1.9478178499595247,0.1176545693572074
fwedu_1p3B,fwedu_1p3B_ckda-shipped-hybrid-lowrank_1.3B_cosine100B_gbs128_lr0.0004,184832,96.905,13,256,128,0.26171875,0.69921875,0.0194091796875,0.4296875,0.9230571985244751,0.9818038940429688,1.8568119857894745,0.11398236973773247
fwedu_1p3B,fwedu_1p3B_ckda-shipped-hybrid-lowrank_1.3B_cosine100B_gbs128_lr0.0004,184832,96.905,14,256,128,0.31640625,0.7578125,0.027557373046875,0.4921875,0.9771687388420105,0.9462999701499939,1.9365854838597925,0.10791126345388871
fwedu_1p3B,fwedu_1p3B_ckda-shipped-hybrid-lowrank_1.3B_cosine100B_gbs128_lr0.0004,184832,96.905,15,256,128,0.1328125,0.76171875,0.02618408203125,0.36328125,0.8821223974227905,0.8901385068893433,2.2463275941980467,0.09633751326860965
fwedu_1p3B,fwedu_1p3B_ckda-shipped-hybrid-lowrank_1.3B_cosine100B_gbs128_lr0.0004,184832,96.905,16,256,128,0.1640625,0.875,0.036407470703125,0.3046875,0.7611521482467651,0.9687673449516296,2.274783510490278,0.06183445600696627
fwedu_1p3B,fwedu_1p3B_ckda-shipped-hybrid-lowrank_1.3B_cosine100B_gbs128_lr0.0004,184832,96.905,17,256,128,0.17578125,0.8046875,0.045013427734375,0.2890625,0.8360475897789001,0.866187334060669,2.3445848475859914,0.053298668792031226
fwedu_1p3B,fwedu_1p3B_ckda-shipped-hybrid-lowrank_1.3B_cosine100B_gbs128_lr0.0004,190976,100.126,0,256,128,0.8359375,1.0,0.224517822265625,0.875,1.2935974597930908,0.7356476187705994,1.923329088427844,0.10703388139081832
fwedu_1p3B,fwedu_1p3B_ckda-shipped-hybrid-lowrank_1.3B_cosine100B_gbs128_lr0.0004,190976,100.126,1,256,128,0.5390625,1.0,0.12506103515625,0.6640625,1.1089853048324585,0.3877352178096771,2.3772530477564486,0.06710508167636037
fwedu_1p3B,fwedu_1p3B_ckda-shipped-hybrid-lowrank_1.3B_cosine100B_gbs128_lr0.0004,190976,100.126,2,256,128,0.3203125,0.9609375,0.101898193359375,0.4765625,1.0190327167510986,0.4617498517036438,2.5160666884189116,0.071709792079653
fwedu_1p3B,fwedu_1p3B_ckda-shipped-hybrid-lowrank_1.3B_cosine100B_gbs128_lr0.0004,190976,100.126,3,256,128,0.33984375,0.97265625,0.075897216796875,0.4921875,1.0026259422302246,0.6608431935310364,2.440935827529773,0.08560475876894547
fwedu_1p3B,fwedu_1p3B_ckda-shipped-hybrid-lowrank_1.3B_cosine100B_gbs128_lr0.0004,190976,100.126,4,256,128,0.2109375,0.9453125,0.052154541015625,0.34375,0.8719936609268188,0.9016921520233154,2.1371722047954766,0.06962425501185038
fwedu_1p3B,fwedu_1p3B_ckda-shipped-hybrid-lowrank_1.3B_cosine100B_gbs128_lr0.0004,190976,100.126,5,256,128,0.26171875,0.88671875,0.03668212890625,0.4140625,0.9221170544624329,0.92212975025177,1.933012619833735,0.12023461092506864
fwedu_1p3B,fwedu_1p3B_ckda-shipped-hybrid-lowrank_1.3B_cosine100B_gbs128_lr0.0004,190976,100.126,6,256,128,0.30859375,0.94140625,0.0498046875,0.4765625,0.9781712889671326,0.8515715599060059,1.9441481586731506,0.06247986559957824
fwedu_1p3B,fwedu_1p3B_ckda-shipped-hybrid-lowrank_1.3B_cosine100B_gbs128_lr0.0004,190976,100.126,7,256,128,0.3671875,0.90234375,0.055755615234375,0.50390625,1.0235472917556763,0.8793226480484009,2.123404274535809,0.10061322012833551
fwedu_1p3B,fwedu_1p3B_ckda-shipped-hybrid-lowrank_1.3B_cosine100B_gbs128_lr0.0004,190976,100.126,8,256,128,0.35546875,0.78515625,0.022674560546875,0.53125,0.9844661951065063,0.9774837493896484,1.9993184654489462,0.11564589721751468
fwedu_1p3B,fwedu_1p3B_ckda-shipped-hybrid-lowrank_1.3B_cosine100B_gbs128_lr0.0004,190976,100.126,9,256,128,0.3203125,0.92578125,0.033660888671875,0.5546875,1.0427571535110474,0.9439219236373901,2.0468526025525744,0.10515817296327332
fwedu_1p3B,fwedu_1p3B_ckda-shipped-hybrid-lowrank_1.3B_cosine100B_gbs128_lr0.0004,190976,100.126,10,256,128,0.2734375,0.6640625,0.0206298828125,0.51171875,1.0195919275283813,0.967136561870575,1.9776850619373245,0.13453158386961173
fwedu_1p3B,fwedu_1p3B_ckda-shipped-hybrid-lowrank_1.3B_cosine100B_gbs128_lr0.0004,190976,100.126,11,256,128,0.2890625,0.7578125,0.022064208984375,0.5390625,1.008772611618042,0.9798780679702759,1.8671260073749507,0.10644057848844443
fwedu_1p3B,fwedu_1p3B_ckda-shipped-hybrid-lowrank_1.3B_cosine100B_gbs128_lr0.0004,190976,100.126,12,256,128,0.3046875,0.73828125,0.021881103515625,0.49609375,1.0043113231658936,0.9842993021011353,2.003872894240622,0.10525237126892209
fwedu_1p3B,fwedu_1p3B_ckda-shipped-hybrid-lowrank_1.3B_cosine100B_gbs128_lr0.0004,190976,100.126,13,256,128,0.28125,0.69140625,0.01849365234375,0.42578125,0.9297202825546265,0.9819639921188354,1.9368925481232302,0.1114325637953715
fwedu_1p3B,fwedu_1p3B_ckda-shipped-hybrid-lowrank_1.3B_cosine100B_gbs128_lr0.0004,190976,100.126,14,256,128,0.3046875,0.76953125,0.027496337890625,0.50390625,0.9854175448417664,0.9460586309432983,1.8437649731513441,0.11671333652673685
fwedu_1p3B,fwedu_1p3B_ckda-shipped-hybrid-lowrank_1.3B_cosine100B_gbs128_lr0.0004,190976,100.126,15,256,128,0.140625,0.765625,0.024749755859375,0.3671875,0.8882560133934021,0.8880292177200317,2.1187125919498877,0.08971509568813663
fwedu_1p3B,fwedu_1p3B_ckda-shipped-hybrid-lowrank_1.3B_cosine100B_gbs128_lr0.0004,190976,100.126,16,256,128,0.16015625,0.8671875,0.0369873046875,0.296875,0.7670316696166992,0.9682382941246033,1.950305271168912,0.07162455489721094
fwedu_1p3B,fwedu_1p3B_ckda-shipped-hybrid-lowrank_1.3B_cosine100B_gbs128_lr0.0004,190976,100.126,17,256,128,0.140625,0.828125,0.041748046875,0.3046875,0.8401867151260376,0.8646754026412964,2.2637367277917644,0.060318892345369024
fwedu_1p3B,fwedu_1p3B_kda-sig-hybrid-lowrank_1.3B_cosine100B_gbs128_lr0.0004,9728,5.1,0,256,128,0.0,0.0,0.0,0.0,0.9509965181350708,0.9696348905563354,,
fwedu_1p3B,fwedu_1p3B_kda-sig-hybrid-lowrank_1.3B_cosine100B_gbs128_lr0.0004,9728,5.1,1,256,128,0.0,0.0,0.0,0.0,0.40294593572616577,0.8697747588157654,,
fwedu_1p3B,fwedu_1p3B_kda-sig-hybrid-lowrank_1.3B_cosine100B_gbs128_lr0.0004,9728,5.1,2,256,128,0.0,0.0,0.0,0.0,0.3803030848503113,0.8908572196960449,,
fwedu_1p3B,fwedu_1p3B_kda-sig-hybrid-lowrank_1.3B_cosine100B_gbs128_lr0.0004,9728,5.1,3,256,128,0.0,0.0,0.0,0.0,0.4088082015514374,0.9448813199996948,,
fwedu_1p3B,fwedu_1p3B_kda-sig-hybrid-lowrank_1.3B_cosine100B_gbs128_lr0.0004,9728,5.1,4,256,128,0.0,0.0,0.0,0.0,0.44022637605667114,0.9505531191825867,,
fwedu_1p3B,fwedu_1p3B_kda-sig-hybrid-lowrank_1.3B_cosine100B_gbs128_lr0.0004,9728,5.1,5,256,128,0.0,0.0,0.0,0.0,0.47978025674819946,0.9714373350143433,,
fwedu_1p3B,fwedu_1p3B_kda-sig-hybrid-lowrank_1.3B_cosine100B_gbs128_lr0.0004,9728,5.1,6,256,128,0.0,0.0,0.0,0.0,0.5484346151351929,0.9646020531654358,,
fwedu_1p3B,fwedu_1p3B_kda-sig-hybrid-lowrank_1.3B_cosine100B_gbs128_lr0.0004,9728,5.1,7,256,128,0.0,0.0,0.0,0.0,0.5656082630157471,0.9609571695327759,,
fwedu_1p3B,fwedu_1p3B_kda-sig-hybrid-lowrank_1.3B_cosine100B_gbs128_lr0.0004,9728,5.1,8,256,128,0.0,0.0,0.0,0.0,0.522624135017395,0.9825790524482727,,
fwedu_1p3B,fwedu_1p3B_kda-sig-hybrid-lowrank_1.3B_cosine100B_gbs128_lr0.0004,9728,5.1,9,256,128,0.0,0.0,0.0,0.0,0.5534167289733887,0.9857400059700012,,
fwedu_1p3B,fwedu_1p3B_kda-sig-hybrid-lowrank_1.3B_cosine100B_gbs128_lr0.0004,9728,5.1,10,256,128,0.0,0.0,0.0,0.0,0.5266525149345398,0.9824851155281067,,
fwedu_1p3B,fwedu_1p3B_kda-sig-hybrid-lowrank_1.3B_cosine100B_gbs128_lr0.0004,9728,5.1,11,256,128,0.0,0.0,0.0,0.0,0.5671344995498657,0.9902359247207642,,
fwedu_1p3B,fwedu_1p3B_kda-sig-hybrid-lowrank_1.3B_cosine100B_gbs128_lr0.0004,9728,5.1,12,256,128,0.0,0.0,0.0,0.0,0.5275232791900635,0.9931231141090393,,
fwedu_1p3B,fwedu_1p3B_kda-sig-hybrid-lowrank_1.3B_cosine100B_gbs128_lr0.0004,9728,5.1,13,256,128,0.0,0.0,0.0,0.0,0.47438323497772217,0.9929741621017456,,
fwedu_1p3B,fwedu_1p3B_kda-sig-hybrid-lowrank_1.3B_cosine100B_gbs128_lr0.0004,9728,5.1,14,256,128,0.0,0.0,0.0,0.0,0.4824787974357605,0.9827168583869934,,
fwedu_1p3B,fwedu_1p3B_kda-sig-hybrid-lowrank_1.3B_cosine100B_gbs128_lr0.0004,9728,5.1,15,256,128,0.0,0.0,0.0,0.0,0.5261566042900085,0.9767726063728333,,
fwedu_1p3B,fwedu_1p3B_kda-sig-hybrid-lowrank_1.3B_cosine100B_gbs128_lr0.0004,9728,5.1,16,256,128,0.0,0.0,0.0,0.0,0.3996797204017639,0.9949432015419006,,
fwedu_1p3B,fwedu_1p3B_kda-sig-hybrid-lowrank_1.3B_cosine100B_gbs128_lr0.0004,9728,5.1,17,256,128,0.0,0.0,0.0,0.0,0.484325647354126,0.9816543459892273,,
fwedu_1p3B,fwedu_1p3B_kda-sig-hybrid-lowrank_1.3B_cosine100B_gbs128_lr0.0004,19456,10.201,0,256,128,0.0,0.0,0.0,0.0,0.9475180506706238,0.950706422328949,,
fwedu_1p3B,fwedu_1p3B_kda-sig-hybrid-lowrank_1.3B_cosine100B_gbs128_lr0.0004,19456,10.201,1,256,128,0.0,0.0,0.0,0.0,0.40490514039993286,0.7100338339805603,,
fwedu_1p3B,fwedu_1p3B_kda-sig-hybrid-lowrank_1.3B_cosine100B_gbs128_lr0.0004,19456,10.201,2,256,128,0.0,0.0,0.0,0.0,0.3983571231365204,0.7273736000061035,,
fwedu_1p3B,fwedu_1p3B_kda-sig-hybrid-lowrank_1.3B_cosine100B_gbs128_lr0.0004,19456,10.201,3,256,128,0.0,0.0,0.0,0.0,0.4370509386062622,0.9022200107574463,,
fwedu_1p3B,fwedu_1p3B_kda-sig-hybrid-lowrank_1.3B_cosine100B_gbs128_lr0.0004,19456,10.201,4,256,128,0.0,0.0,0.0,0.0,0.4583483338356018,0.9126349091529846,,
fwedu_1p3B,fwedu_1p3B_kda-sig-hybrid-lowrank_1.3B_cosine100B_gbs128_lr0.0004,19456,10.201,5,256,128,0.0,0.0,0.0,0.0,0.48603522777557373,0.9621260762214661,,
fwedu_1p3B,fwedu_1p3B_kda-sig-hybrid-lowrank_1.3B_cosine100B_gbs128_lr0.0004,19456,10.201,6,256,128,0.0,0.0,0.0,0.0,0.5589962601661682,0.9557995796203613,,
fwedu_1p3B,fwedu_1p3B_kda-sig-hybrid-lowrank_1.3B_cosine100B_gbs128_lr0.0004,19456,10.201,7,256,128,0.0,0.0,0.0,0.0,0.5713701248168945,0.9486278891563416,,
fwedu_1p3B,fwedu_1p3B_kda-sig-hybrid-lowrank_1.3B_cosine100B_gbs128_lr0.0004,19456,10.201,8,256,128,0.0,0.0,0.0,0.0,0.5365625619888306,0.9801363348960876,,
fwedu_1p3B,fwedu_1p3B_kda-sig-hybrid-lowrank_1.3B_cosine100B_gbs128_lr0.0004,19456,10.201,9,256,128,0.0,0.0,0.0,0.0,0.5524603128433228,0.9848058819770813,,
fwedu_1p3B,fwedu_1p3B_kda-sig-hybrid-lowrank_1.3B_cosine100B_gbs128_lr0.0004,19456,10.201,10,256,128,0.0,0.0,0.0,0.0,0.5277782678604126,0.9785101413726807,,
fwedu_1p3B,fwedu_1p3B_kda-sig-hybrid-lowrank_1.3B_cosine100B_gbs128_lr0.0004,19456,10.201,11,256,128,0.0,0.0,0.0,0.0,0.5901137590408325,0.9879397749900818,,
fwedu_1p3B,fwedu_1p3B_kda-sig-hybrid-lowrank_1.3B_cosine100B_gbs128_lr0.0004,19456,10.201,12,256,128,0.0,0.0,0.0,0.0,0.5201678276062012,0.9918198585510254,,
fwedu_1p3B,fwedu_1p3B_kda-sig-hybrid-lowrank_1.3B_cosine100B_gbs128_lr0.0004,19456,10.201,13,256,128,0.0,0.0,0.0,0.0,0.4841580390930176,0.9919899106025696,,
fwedu_1p3B,fwedu_1p3B_kda-sig-hybrid-lowrank_1.3B_cosine100B_gbs128_lr0.0004,19456,10.201,14,256,128,0.0,0.0,0.0,0.0,0.49421003460884094,0.9774584174156189,,
fwedu_1p3B,fwedu_1p3B_kda-sig-hybrid-lowrank_1.3B_cosine100B_gbs128_lr0.0004,19456,10.201,15,256,128,0.0,0.0,0.0,0.0,0.5295629501342773,0.9632613658905029,,
fwedu_1p3B,fwedu_1p3B_kda-sig-hybrid-lowrank_1.3B_cosine100B_gbs128_lr0.0004,19456,10.201,16,256,128,0.0,0.0,0.0,0.0,0.3723979592323303,0.9941371083259583,,
fwedu_1p3B,fwedu_1p3B_kda-sig-hybrid-lowrank_1.3B_cosine100B_gbs128_lr0.0004,19456,10.201,17,256,128,0.0,0.0,0.0,0.0,0.49015313386917114,0.9722907543182373,,
fwedu_1p3B,fwedu_1p3B_kda-sig-hybrid-lowrank_1.3B_cosine100B_gbs128_lr0.0004,29184,15.301,0,256,128,0.0,0.0,0.0,0.0,0.9115674495697021,0.9229459762573242,,
fwedu_1p3B,fwedu_1p3B_kda-sig-hybrid-lowrank_1.3B_cosine100B_gbs128_lr0.0004,29184,15.301,1,256,128,0.0,0.0,0.0,0.0,0.4179728031158447,0.6023756265640259,,
fwedu_1p3B,fwedu_1p3B_kda-sig-hybrid-lowrank_1.3B_cosine100B_gbs128_lr0.0004,29184,15.301,2,256,128,0.0,0.0,0.0,0.0,0.4305134117603302,0.631171464920044,,
fwedu_1p3B,fwedu_1p3B_kda-sig-hybrid-lowrank_1.3B_cosine100B_gbs128_lr0.0004,29184,15.301,3,256,128,0.0,0.0,0.0,0.0,0.45640087127685547,0.8620728850364685,,
fwedu_1p3B,fwedu_1p3B_kda-sig-hybrid-lowrank_1.3B_cosine100B_gbs128_lr0.0004,29184,15.301,4,256,128,0.0,0.0,0.0,0.0,0.4682854413986206,0.8775667548179626,,
fwedu_1p3B,fwedu_1p3B_kda-sig-hybrid-lowrank_1.3B_cosine100B_gbs128_lr0.0004,29184,15.301,5,256,128,0.0,0.0,0.0,0.0,0.49354442954063416,0.9574376344680786,,
fwedu_1p3B,fwedu_1p3B_kda-sig-hybrid-lowrank_1.3B_cosine100B_gbs128_lr0.0004,29184,15.301,6,256,128,0.0,0.0,0.0,0.0,0.5595058798789978,0.9522967338562012,,
fwedu_1p3B,fwedu_1p3B_kda-sig-hybrid-lowrank_1.3B_cosine100B_gbs128_lr0.0004,29184,15.301,7,256,128,0.0,0.0,0.0,0.0,0.5719114542007446,0.9432966113090515,,
fwedu_1p3B,fwedu_1p3B_kda-sig-hybrid-lowrank_1.3B_cosine100B_gbs128_lr0.0004,29184,15.301,8,256,128,0.0,0.0,0.0,0.0,0.5464147329330444,0.9777184128761292,,
fwedu_1p3B,fwedu_1p3B_kda-sig-hybrid-lowrank_1.3B_cosine100B_gbs128_lr0.0004,29184,15.301,9,256,128,0.0,0.0,0.0,0.0,0.5743935704231262,0.9825649857521057,,
fwedu_1p3B,fwedu_1p3B_kda-sig-hybrid-lowrank_1.3B_cosine100B_gbs128_lr0.0004,29184,15.301,10,256,128,0.0,0.0,0.0,0.0,0.5370563268661499,0.9761603474617004,,
fwedu_1p3B,fwedu_1p3B_kda-sig-hybrid-lowrank_1.3B_cosine100B_gbs128_lr0.0004,29184,15.301,11,256,128,0.0,0.0,0.0,0.0,0.5882551670074463,0.9867230653762817,,
fwedu_1p3B,fwedu_1p3B_kda-sig-hybrid-lowrank_1.3B_cosine100B_gbs128_lr0.0004,29184,15.301,12,256,128,0.0,0.0,0.0,0.0,0.5315831303596497,0.9908637404441833,,
fwedu_1p3B,fwedu_1p3B_kda-sig-hybrid-lowrank_1.3B_cosine100B_gbs128_lr0.0004,29184,15.301,13,256,128,0.0,0.0,0.0,0.0,0.47984185814857483,0.99046790599823,,
fwedu_1p3B,fwedu_1p3B_kda-sig-hybrid-lowrank_1.3B_cosine100B_gbs128_lr0.0004,29184,15.301,14,256,128,0.0,0.0,0.0,0.0,0.484134703874588,0.972458004951477,,
fwedu_1p3B,fwedu_1p3B_kda-sig-hybrid-lowrank_1.3B_cosine100B_gbs128_lr0.0004,29184,15.301,15,256,128,0.0,0.0,0.0,0.0,0.5279964208602905,0.9541095495223999,,
fwedu_1p3B,fwedu_1p3B_kda-sig-hybrid-lowrank_1.3B_cosine100B_gbs128_lr0.0004,29184,15.301,16,256,128,0.0,0.0,0.0,0.0,0.37356308102607727,0.9921346306800842,,
fwedu_1p3B,fwedu_1p3B_kda-sig-hybrid-lowrank_1.3B_cosine100B_gbs128_lr0.0004,29184,15.301,17,256,128,0.0,0.0,0.0,0.0,0.4964614510536194,0.9599633812904358,,
fwedu_1p3B,fwedu_1p3B_kda-sig-hybrid-lowrank_1.3B_cosine100B_gbs128_lr0.0004,38912,20.401,0,256,128,0.0,0.0,0.0,0.0,0.856141209602356,0.8730059266090393,,
fwedu_1p3B,fwedu_1p3B_kda-sig-hybrid-lowrank_1.3B_cosine100B_gbs128_lr0.0004,38912,20.401,1,256,128,0.0,0.0,0.0,0.0,0.4370110034942627,0.5327636003494263,,
fwedu_1p3B,fwedu_1p3B_kda-sig-hybrid-lowrank_1.3B_cosine100B_gbs128_lr0.0004,38912,20.401,2,256,128,0.0,0.0,0.0,0.0,0.44599252939224243,0.523075520992279,,
fwedu_1p3B,fwedu_1p3B_kda-sig-hybrid-lowrank_1.3B_cosine100B_gbs128_lr0.0004,38912,20.401,3,256,128,0.0,0.0,0.0,0.0,0.4648705720901489,0.8435441255569458,,
fwedu_1p3B,fwedu_1p3B_kda-sig-hybrid-lowrank_1.3B_cosine100B_gbs128_lr0.0004,38912,20.401,4,256,128,0.0,0.0,0.0,0.0,0.4796319007873535,0.8567892909049988,,
fwedu_1p3B,fwedu_1p3B_kda-sig-hybrid-lowrank_1.3B_cosine100B_gbs128_lr0.0004,38912,20.401,5,256,128,0.0,0.0,0.0,0.0,0.5062806606292725,0.9561136364936829,,
fwedu_1p3B,fwedu_1p3B_kda-sig-hybrid-lowrank_1.3B_cosine100B_gbs128_lr0.0004,38912,20.401,6,256,128,0.0,0.0,0.0,0.0,0.5564042329788208,0.9509612917900085,,
fwedu_1p3B,fwedu_1p3B_kda-sig-hybrid-lowrank_1.3B_cosine100B_gbs128_lr0.0004,38912,20.401,7,256,128,0.0,0.0,0.0,0.0,0.5764995813369751,0.945069432258606,,
fwedu_1p3B,fwedu_1p3B_kda-sig-hybrid-lowrank_1.3B_cosine100B_gbs128_lr0.0004,38912,20.401,8,256,128,0.0,0.0,0.0,0.0,0.5507282614707947,0.9779468178749084,,
fwedu_1p3B,fwedu_1p3B_kda-sig-hybrid-lowrank_1.3B_cosine100B_gbs128_lr0.0004,38912,20.401,9,256,128,0.0,0.0,0.0,0.0,0.5637738108634949,0.982928454875946,,
fwedu_1p3B,fwedu_1p3B_kda-sig-hybrid-lowrank_1.3B_cosine100B_gbs128_lr0.0004,38912,20.401,10,256,128,0.0,0.0,0.0,0.0,0.5318403244018555,0.9742255806922913,,
fwedu_1p3B,fwedu_1p3B_kda-sig-hybrid-lowrank_1.3B_cosine100B_gbs128_lr0.0004,38912,20.401,11,256,128,0.0,0.0,0.0,0.0,0.5907835960388184,0.9849923849105835,,
fwedu_1p3B,fwedu_1p3B_kda-sig-hybrid-lowrank_1.3B_cosine100B_gbs128_lr0.0004,38912,20.401,12,256,128,0.0,0.0,0.0,0.0,0.5263465642929077,0.9903408288955688,,
fwedu_1p3B,fwedu_1p3B_kda-sig-hybrid-lowrank_1.3B_cosine100B_gbs128_lr0.0004,38912,20.401,13,256,128,0.0,0.0,0.0,0.0,0.47111010551452637,0.9901846051216125,,
fwedu_1p3B,fwedu_1p3B_kda-sig-hybrid-lowrank_1.3B_cosine100B_gbs128_lr0.0004,38912,20.401,14,256,128,0.0,0.0,0.0,0.0,0.4741397798061371,0.9698571562767029,,
fwedu_1p3B,fwedu_1p3B_kda-sig-hybrid-lowrank_1.3B_cosine100B_gbs128_lr0.0004,38912,20.401,15,256,128,0.0,0.0,0.0,0.0,0.515984296798706,0.9464458227157593,,
fwedu_1p3B,fwedu_1p3B_kda-sig-hybrid-lowrank_1.3B_cosine100B_gbs128_lr0.0004,38912,20.401,16,256,128,0.0,0.0,0.0,0.0,0.37175416946411133,0.9915555119514465,,
fwedu_1p3B,fwedu_1p3B_kda-sig-hybrid-lowrank_1.3B_cosine100B_gbs128_lr0.0004,38912,20.401,17,256,128,0.0,0.0,0.0,0.0,0.48640769720077515,0.9478509426116943,,
fwedu_1p3B,fwedu_1p3B_kda-sig-hybrid-lowrank_1.3B_cosine100B_gbs128_lr0.0004,48640,25.501,0,256,128,0.0,0.0,0.0,0.0,0.8076180815696716,0.8148103356361389,,
fwedu_1p3B,fwedu_1p3B_kda-sig-hybrid-lowrank_1.3B_cosine100B_gbs128_lr0.0004,48640,25.501,1,256,128,0.0,0.0,0.0,0.0,0.45680540800094604,0.5044408440589905,,
fwedu_1p3B,fwedu_1p3B_kda-sig-hybrid-lowrank_1.3B_cosine100B_gbs128_lr0.0004,48640,25.501,2,256,128,0.0,0.0,0.0,0.0,0.47279292345046997,0.49884966015815735,,
fwedu_1p3B,fwedu_1p3B_kda-sig-hybrid-lowrank_1.3B_cosine100B_gbs128_lr0.0004,48640,25.501,3,256,128,0.0,0.0,0.0,0.0,0.47113940119743347,0.8232451677322388,,
fwedu_1p3B,fwedu_1p3B_kda-sig-hybrid-lowrank_1.3B_cosine100B_gbs128_lr0.0004,48640,25.501,4,256,128,0.0,0.0,0.0,0.0,0.4840415120124817,0.8332688212394714,,
fwedu_1p3B,fwedu_1p3B_kda-sig-hybrid-lowrank_1.3B_cosine100B_gbs128_lr0.0004,48640,25.501,5,256,128,0.0,0.0,0.0,0.0,0.5121499300003052,0.9501930475234985,,
fwedu_1p3B,fwedu_1p3B_kda-sig-hybrid-lowrank_1.3B_cosine100B_gbs128_lr0.0004,48640,25.501,6,256,128,0.0,0.0,0.0,0.0,0.55940181016922,0.9470435976982117,,
fwedu_1p3B,fwedu_1p3B_kda-sig-hybrid-lowrank_1.3B_cosine100B_gbs128_lr0.0004,48640,25.501,7,256,128,0.0,0.0,0.0,0.0,0.570874035358429,0.9429301619529724,,
fwedu_1p3B,fwedu_1p3B_kda-sig-hybrid-lowrank_1.3B_cosine100B_gbs128_lr0.0004,48640,25.501,8,256,128,0.0,0.0,0.0,0.0,0.550492525100708,0.9788585901260376,,
fwedu_1p3B,fwedu_1p3B_kda-sig-hybrid-lowrank_1.3B_cosine100B_gbs128_lr0.0004,48640,25.501,9,256,128,0.0,0.0,0.0,0.0,0.562143087387085,0.9820374846458435,,
fwedu_1p3B,fwedu_1p3B_kda-sig-hybrid-lowrank_1.3B_cosine100B_gbs128_lr0.0004,48640,25.501,10,256,128,0.0,0.0,0.0,0.0,0.5328509211540222,0.9749269485473633,,
fwedu_1p3B,fwedu_1p3B_kda-sig-hybrid-lowrank_1.3B_cosine100B_gbs128_lr0.0004,48640,25.501,11,256,128,0.0,0.0,0.0,0.0,0.5911992192268372,0.9854737520217896,,
fwedu_1p3B,fwedu_1p3B_kda-sig-hybrid-lowrank_1.3B_cosine100B_gbs128_lr0.0004,48640,25.501,12,256,128,0.0,0.0,0.0,0.0,0.5301304459571838,0.989647388458252,,
fwedu_1p3B,fwedu_1p3B_kda-sig-hybrid-lowrank_1.3B_cosine100B_gbs128_lr0.0004,48640,25.501,13,256,128,0.0,0.0,0.0,0.0,0.4755510091781616,0.9893665313720703,,
fwedu_1p3B,fwedu_1p3B_kda-sig-hybrid-lowrank_1.3B_cosine100B_gbs128_lr0.0004,48640,25.501,14,256,128,0.0,0.0,0.0,0.0,0.4767850637435913,0.9668408036231995,,
fwedu_1p3B,fwedu_1p3B_kda-sig-hybrid-lowrank_1.3B_cosine100B_gbs128_lr0.0004,48640,25.501,15,256,128,0.0,0.0,0.0,0.0,0.5176156759262085,0.9400414228439331,,
fwedu_1p3B,fwedu_1p3B_kda-sig-hybrid-lowrank_1.3B_cosine100B_gbs128_lr0.0004,48640,25.501,16,256,128,0.0,0.0,0.0,0.0,0.3783127963542938,0.9910969734191895,,
fwedu_1p3B,fwedu_1p3B_kda-sig-hybrid-lowrank_1.3B_cosine100B_gbs128_lr0.0004,48640,25.501,17,256,128,0.0,0.0,0.0,0.0,0.5006011724472046,0.9338152408599854,,
fwedu_1p3B,fwedu_1p3B_kda-sig-hybrid-lowrank_1.3B_cosine100B_gbs128_lr0.0004,58368,30.602,0,256,128,0.0,0.0,0.0,0.0,0.7745778560638428,0.7332726716995239,,
fwedu_1p3B,fwedu_1p3B_kda-sig-hybrid-lowrank_1.3B_cosine100B_gbs128_lr0.0004,58368,30.602,1,256,128,0.0,0.0,0.0,0.0,0.4794939160346985,0.4771079421043396,,
fwedu_1p3B,fwedu_1p3B_kda-sig-hybrid-lowrank_1.3B_cosine100B_gbs128_lr0.0004,58368,30.602,2,256,128,0.0,0.0,0.0,0.0,0.48352763056755066,0.44240331649780273,,
fwedu_1p3B,fwedu_1p3B_kda-sig-hybrid-lowrank_1.3B_cosine100B_gbs128_lr0.0004,58368,30.602,3,256,128,0.0,0.0,0.0,0.0,0.47769302129745483,0.8119200468063354,,
fwedu_1p3B,fwedu_1p3B_kda-sig-hybrid-lowrank_1.3B_cosine100B_gbs128_lr0.0004,58368,30.602,4,256,128,0.0,0.0,0.0,0.0,0.4903210699558258,0.8221173286437988,,
fwedu_1p3B,fwedu_1p3B_kda-sig-hybrid-lowrank_1.3B_cosine100B_gbs128_lr0.0004,58368,30.602,5,256,128,0.0,0.0,0.0,0.0,0.5183625221252441,0.9466442465782166,,
fwedu_1p3B,fwedu_1p3B_kda-sig-hybrid-lowrank_1.3B_cosine100B_gbs128_lr0.0004,58368,30.602,6,256,128,0.0,0.0,0.0,0.0,0.5576920509338379,0.9409326314926147,,
fwedu_1p3B,fwedu_1p3B_kda-sig-hybrid-lowrank_1.3B_cosine100B_gbs128_lr0.0004,58368,30.602,7,256,128,0.0,0.0,0.0,0.0,0.5695804953575134,0.9378599524497986,,
fwedu_1p3B,fwedu_1p3B_kda-sig-hybrid-lowrank_1.3B_cosine100B_gbs128_lr0.0004,58368,30.602,8,256,128,0.0,0.0,0.0,0.0,0.5500208139419556,0.9776706695556641,,
fwedu_1p3B,fwedu_1p3B_kda-sig-hybrid-lowrank_1.3B_cosine100B_gbs128_lr0.0004,58368,30.602,9,256,128,0.0,0.0,0.0,0.0,0.5656588673591614,0.9834473729133606,,
fwedu_1p3B,fwedu_1p3B_kda-sig-hybrid-lowrank_1.3B_cosine100B_gbs128_lr0.0004,58368,30.602,10,256,128,0.0,0.0,0.0,0.0,0.5265645980834961,0.9754718542098999,,
fwedu_1p3B,fwedu_1p3B_kda-sig-hybrid-lowrank_1.3B_cosine100B_gbs128_lr0.0004,58368,30.602,11,256,128,0.0,0.0,0.0,0.0,0.5826376676559448,0.9847357869148254,,
fwedu_1p3B,fwedu_1p3B_kda-sig-hybrid-lowrank_1.3B_cosine100B_gbs128_lr0.0004,58368,30.602,12,256,128,0.0,0.0,0.0,0.0,0.5361665487289429,0.989546000957489,,
fwedu_1p3B,fwedu_1p3B_kda-sig-hybrid-lowrank_1.3B_cosine100B_gbs128_lr0.0004,58368,30.602,13,256,128,0.0,0.0,0.0,0.0,0.48304086923599243,0.9882404804229736,,
fwedu_1p3B,fwedu_1p3B_kda-sig-hybrid-lowrank_1.3B_cosine100B_gbs128_lr0.0004,58368,30.602,14,256,128,0.0,0.0,0.0,0.0,0.4859446883201599,0.96409672498703,,
fwedu_1p3B,fwedu_1p3B_kda-sig-hybrid-lowrank_1.3B_cosine100B_gbs128_lr0.0004,58368,30.602,15,256,128,0.0,0.0,0.0,0.0,0.5265560150146484,0.931908369064331,,
fwedu_1p3B,fwedu_1p3B_kda-sig-hybrid-lowrank_1.3B_cosine100B_gbs128_lr0.0004,58368,30.602,16,256,128,0.0,0.0,0.0,0.0,0.3895230293273926,0.9901486039161682,,
fwedu_1p3B,fwedu_1p3B_kda-sig-hybrid-lowrank_1.3B_cosine100B_gbs128_lr0.0004,58368,30.602,17,256,128,0.0,0.0,0.0,0.0,0.5023902058601379,0.9311908483505249,,
fwedu_1p3B,fwedu_1p3B_kda-sig-hybrid-lowrank_1.3B_cosine100B_gbs128_lr0.0004,68096,35.702,0,256,128,0.0,0.0,0.0,0.0,0.7567235231399536,0.6968061327934265,,
fwedu_1p3B,fwedu_1p3B_kda-sig-hybrid-lowrank_1.3B_cosine100B_gbs128_lr0.0004,68096,35.702,1,256,128,0.0,0.0,0.0,0.0,0.49796760082244873,0.46243181824684143,,
fwedu_1p3B,fwedu_1p3B_kda-sig-hybrid-lowrank_1.3B_cosine100B_gbs128_lr0.0004,68096,35.702,2,256,128,0.0,0.0,0.0,0.0,0.4960860013961792,0.4202899634838104,,
fwedu_1p3B,fwedu_1p3B_kda-sig-hybrid-lowrank_1.3B_cosine100B_gbs128_lr0.0004,68096,35.702,3,256,128,0.0,0.0,0.0,0.0,0.4854376018047333,0.7898706197738647,,
fwedu_1p3B,fwedu_1p3B_kda-sig-hybrid-lowrank_1.3B_cosine100B_gbs128_lr0.0004,68096,35.702,4,256,128,0.0,0.0,0.0,0.0,0.49537187814712524,0.817081868648529,,
fwedu_1p3B,fwedu_1p3B_kda-sig-hybrid-lowrank_1.3B_cosine100B_gbs128_lr0.0004,68096,35.702,5,256,128,0.0,0.0,0.0,0.0,0.5335443019866943,0.9446733593940735,,
fwedu_1p3B,fwedu_1p3B_kda-sig-hybrid-lowrank_1.3B_cosine100B_gbs128_lr0.0004,68096,35.702,6,256,128,0.0,0.0,0.0,0.0,0.5629428029060364,0.9418405890464783,,
fwedu_1p3B,fwedu_1p3B_kda-sig-hybrid-lowrank_1.3B_cosine100B_gbs128_lr0.0004,68096,35.702,7,256,128,0.0,0.0,0.0,0.0,0.5829395055770874,0.9406643509864807,,
fwedu_1p3B,fwedu_1p3B_kda-sig-hybrid-lowrank_1.3B_cosine100B_gbs128_lr0.0004,68096,35.702,8,256,128,0.0,0.0,0.0,0.0,0.5590028166770935,0.9778891205787659,,
fwedu_1p3B,fwedu_1p3B_kda-sig-hybrid-lowrank_1.3B_cosine100B_gbs128_lr0.0004,68096,35.702,9,256,128,0.0,0.0,0.0,0.0,0.5740361213684082,0.9813631772994995,,
fwedu_1p3B,fwedu_1p3B_kda-sig-hybrid-lowrank_1.3B_cosine100B_gbs128_lr0.0004,68096,35.702,10,256,128,0.0,0.0,0.0,0.0,0.5393363237380981,0.9727318286895752,,
fwedu_1p3B,fwedu_1p3B_kda-sig-hybrid-lowrank_1.3B_cosine100B_gbs128_lr0.0004,68096,35.702,11,256,128,0.0,0.0,0.0,0.0,0.5832346677780151,0.9840103983879089,,
fwedu_1p3B,fwedu_1p3B_kda-sig-hybrid-lowrank_1.3B_cosine100B_gbs128_lr0.0004,68096,35.702,12,256,128,0.0,0.0,0.0,0.0,0.5432854294776917,0.9894286394119263,,
fwedu_1p3B,fwedu_1p3B_kda-sig-hybrid-lowrank_1.3B_cosine100B_gbs128_lr0.0004,68096,35.702,13,256,128,0.0,0.0,0.0,0.0,0.48520857095718384,0.9881255030632019,,
fwedu_1p3B,fwedu_1p3B_kda-sig-hybrid-lowrank_1.3B_cosine100B_gbs128_lr0.0004,68096,35.702,14,256,128,0.0,0.0,0.0,0.0,0.48598694801330566,0.959004819393158,,
fwedu_1p3B,fwedu_1p3B_kda-sig-hybrid-lowrank_1.3B_cosine100B_gbs128_lr0.0004,68096,35.702,15,256,128,0.0,0.0,0.0,0.0,0.5248734951019287,0.9259455800056458,,
fwedu_1p3B,fwedu_1p3B_kda-sig-hybrid-lowrank_1.3B_cosine100B_gbs128_lr0.0004,68096,35.702,16,256,128,0.0,0.0,0.0,0.0,0.3964303135871887,0.9890998601913452,,
fwedu_1p3B,fwedu_1p3B_kda-sig-hybrid-lowrank_1.3B_cosine100B_gbs128_lr0.0004,68096,35.702,17,256,128,0.0,0.0,0.0,0.0,0.510104238986969,0.9178246855735779,,
fwedu_1p3B,fwedu_1p3B_kda-sig-hybrid-lowrank_1.3B_cosine100B_gbs128_lr0.0004,77824,40.802,0,256,128,0.0,0.0,0.0,0.0,0.7410266995429993,0.61920565366745,,
fwedu_1p3B,fwedu_1p3B_kda-sig-hybrid-lowrank_1.3B_cosine100B_gbs128_lr0.0004,77824,40.802,1,256,128,0.0,0.0,0.0,0.0,0.5090842247009277,0.43851736187934875,,
fwedu_1p3B,fwedu_1p3B_kda-sig-hybrid-lowrank_1.3B_cosine100B_gbs128_lr0.0004,77824,40.802,2,256,128,0.0,0.0,0.0,0.0,0.5090112686157227,0.38466280698776245,,
fwedu_1p3B,fwedu_1p3B_kda-sig-hybrid-lowrank_1.3B_cosine100B_gbs128_lr0.0004,77824,40.802,3,256,128,0.0,0.0,0.0,0.0,0.48912179470062256,0.7843318581581116,,
fwedu_1p3B,fwedu_1p3B_kda-sig-hybrid-lowrank_1.3B_cosine100B_gbs128_lr0.0004,77824,40.802,4,256,128,0.0,0.0,0.0,0.0,0.4979361295700073,0.7991806864738464,,
fwedu_1p3B,fwedu_1p3B_kda-sig-hybrid-lowrank_1.3B_cosine100B_gbs128_lr0.0004,77824,40.802,5,256,128,0.0,0.0,0.0,0.0,0.5378966331481934,0.941903829574585,,
fwedu_1p3B,fwedu_1p3B_kda-sig-hybrid-lowrank_1.3B_cosine100B_gbs128_lr0.0004,77824,40.802,6,256,128,0.0,0.0,0.0,0.0,0.5708304047584534,0.9381755590438843,,
fwedu_1p3B,fwedu_1p3B_kda-sig-hybrid-lowrank_1.3B_cosine100B_gbs128_lr0.0004,77824,40.802,7,256,128,0.0,0.0,0.0,0.0,0.5805385708808899,0.9385350942611694,,
fwedu_1p3B,fwedu_1p3B_kda-sig-hybrid-lowrank_1.3B_cosine100B_gbs128_lr0.0004,77824,40.802,8,256,128,0.0,0.0,0.0,0.0,0.5657683610916138,0.9786834716796875,,
fwedu_1p3B,fwedu_1p3B_kda-sig-hybrid-lowrank_1.3B_cosine100B_gbs128_lr0.0004,77824,40.802,9,256,128,0.0,0.0,0.0,0.0,0.5859854817390442,0.9815314412117004,,
fwedu_1p3B,fwedu_1p3B_kda-sig-hybrid-lowrank_1.3B_cosine100B_gbs128_lr0.0004,77824,40.802,10,256,128,0.0,0.0,0.0,0.0,0.545741617679596,0.972356379032135,,
fwedu_1p3B,fwedu_1p3B_kda-sig-hybrid-lowrank_1.3B_cosine100B_gbs128_lr0.0004,77824,40.802,11,256,128,0.0,0.0,0.0,0.0,0.5887953042984009,0.982676088809967,,
fwedu_1p3B,fwedu_1p3B_kda-sig-hybrid-lowrank_1.3B_cosine100B_gbs128_lr0.0004,77824,40.802,12,256,128,0.0,0.0,0.0,0.0,0.5470607280731201,0.988412618637085,,
fwedu_1p3B,fwedu_1p3B_kda-sig-hybrid-lowrank_1.3B_cosine100B_gbs128_lr0.0004,77824,40.802,13,256,128,0.0,0.0,0.0,0.0,0.48599180579185486,0.9872716665267944,,
fwedu_1p3B,fwedu_1p3B_kda-sig-hybrid-lowrank_1.3B_cosine100B_gbs128_lr0.0004,77824,40.802,14,256,128,0.0,0.0,0.0,0.0,0.48097217082977295,0.9586438536643982,,
fwedu_1p3B,fwedu_1p3B_kda-sig-hybrid-lowrank_1.3B_cosine100B_gbs128_lr0.0004,77824,40.802,15,256,128,0.0,0.0,0.0,0.0,0.5280889272689819,0.9190253019332886,,
fwedu_1p3B,fwedu_1p3B_kda-sig-hybrid-lowrank_1.3B_cosine100B_gbs128_lr0.0004,77824,40.802,16,256,128,0.0,0.0,0.0,0.0,0.39161527156829834,0.9894309639930725,,
fwedu_1p3B,fwedu_1p3B_kda-sig-hybrid-lowrank_1.3B_cosine100B_gbs128_lr0.0004,77824,40.802,17,256,128,0.0,0.0,0.0,0.0,0.5094361305236816,0.9119616150856018,,
fwedu_1p3B,fwedu_1p3B_kda-sig-hybrid-lowrank_1.3B_cosine100B_gbs128_lr0.0004,82860,43.443,0,256,128,0.0,0.0,0.0,0.0,0.7369602918624878,0.6142155528068542,,
fwedu_1p3B,fwedu_1p3B_kda-sig-hybrid-lowrank_1.3B_cosine100B_gbs128_lr0.0004,82860,43.443,1,256,128,0.0,0.0,0.0,0.0,0.5163424611091614,0.4226923882961273,,
fwedu_1p3B,fwedu_1p3B_kda-sig-hybrid-lowrank_1.3B_cosine100B_gbs128_lr0.0004,82860,43.443,2,256,128,0.0,0.0,0.0,0.0,0.5178237557411194,0.38746702671051025,,
fwedu_1p3B,fwedu_1p3B_kda-sig-hybrid-lowrank_1.3B_cosine100B_gbs128_lr0.0004,82860,43.443,3,256,128,0.0,0.0,0.0,0.0,0.49053940176963806,0.7847658395767212,,
fwedu_1p3B,fwedu_1p3B_kda-sig-hybrid-lowrank_1.3B_cosine100B_gbs128_lr0.0004,82860,43.443,4,256,128,0.0,0.0,0.0,0.0,0.5007073879241943,0.8033989667892456,,
fwedu_1p3B,fwedu_1p3B_kda-sig-hybrid-lowrank_1.3B_cosine100B_gbs128_lr0.0004,82860,43.443,5,256,128,0.0,0.0,0.0,0.0,0.5409681797027588,0.9416910409927368,,
fwedu_1p3B,fwedu_1p3B_kda-sig-hybrid-lowrank_1.3B_cosine100B_gbs128_lr0.0004,82860,43.443,6,256,128,0.0,0.0,0.0,0.0,0.5723575949668884,0.9376818537712097,,
fwedu_1p3B,fwedu_1p3B_kda-sig-hybrid-lowrank_1.3B_cosine100B_gbs128_lr0.0004,82860,43.443,7,256,128,0.0,0.0,0.0,0.0,0.5797016620635986,0.9384905099868774,,
fwedu_1p3B,fwedu_1p3B_kda-sig-hybrid-lowrank_1.3B_cosine100B_gbs128_lr0.0004,82860,43.443,8,256,128,0.0,0.0,0.0,0.0,0.5611652731895447,0.9785580635070801,,
fwedu_1p3B,fwedu_1p3B_kda-sig-hybrid-lowrank_1.3B_cosine100B_gbs128_lr0.0004,82860,43.443,9,256,128,0.0,0.0,0.0,0.0,0.5764260292053223,0.980484127998352,,
fwedu_1p3B,fwedu_1p3B_kda-sig-hybrid-lowrank_1.3B_cosine100B_gbs128_lr0.0004,82860,43.443,10,256,128,0.0,0.0,0.0,0.0,0.5461786985397339,0.9736536145210266,,
fwedu_1p3B,fwedu_1p3B_kda-sig-hybrid-lowrank_1.3B_cosine100B_gbs128_lr0.0004,82860,43.443,11,256,128,0.0,0.0,0.0,0.0,0.5914649367332458,0.9826465845108032,,
fwedu_1p3B,fwedu_1p3B_kda-sig-hybrid-lowrank_1.3B_cosine100B_gbs128_lr0.0004,82860,43.443,12,256,128,0.0,0.0,0.0,0.0,0.549964964389801,0.9883094429969788,,
fwedu_1p3B,fwedu_1p3B_kda-sig-hybrid-lowrank_1.3B_cosine100B_gbs128_lr0.0004,82860,43.443,13,256,128,0.0,0.0,0.0,0.0,0.4936935007572174,0.9872224926948547,,
fwedu_1p3B,fwedu_1p3B_kda-sig-hybrid-lowrank_1.3B_cosine100B_gbs128_lr0.0004,82860,43.443,14,256,128,0.0,0.0,0.0,0.0,0.49411541223526,0.9579383730888367,,
fwedu_1p3B,fwedu_1p3B_kda-sig-hybrid-lowrank_1.3B_cosine100B_gbs128_lr0.0004,82860,43.443,15,256,128,0.0,0.0,0.0,0.0,0.5347424149513245,0.9214022159576416,,
fwedu_1p3B,fwedu_1p3B_kda-sig-hybrid-lowrank_1.3B_cosine100B_gbs128_lr0.0004,82860,43.443,16,256,128,0.0,0.0,0.0,0.0,0.3985917568206787,0.9886270761489868,,
fwedu_1p3B,fwedu_1p3B_kda-sig-hybrid-lowrank_1.3B_cosine100B_gbs128_lr0.0004,82860,43.443,17,256,128,0.0,0.0,0.0,0.0,0.5167811512947083,0.9064062237739563,,
fwedu_1p3B,fwedu_1p3B_kda-sig-hybrid-lowrank_1.3B_cosine100B_gbs128_lr0.0004,87552,45.902,0,256,128,0.0,0.0,0.0,0.0,0.7266656160354614,0.6053617596626282,,
fwedu_1p3B,fwedu_1p3B_kda-sig-hybrid-lowrank_1.3B_cosine100B_gbs128_lr0.0004,87552,45.902,1,256,128,0.0,0.0,0.0,0.0,0.5245673656463623,0.4247952997684479,,
fwedu_1p3B,fwedu_1p3B_kda-sig-hybrid-lowrank_1.3B_cosine100B_gbs128_lr0.0004,87552,45.902,2,256,128,0.0,0.0,0.0,0.0,0.5238816738128662,0.37837889790534973,,
fwedu_1p3B,fwedu_1p3B_kda-sig-hybrid-lowrank_1.3B_cosine100B_gbs128_lr0.0004,87552,45.902,3,256,128,0.0,0.0,0.0,0.0,0.49396467208862305,0.7796826362609863,,
fwedu_1p3B,fwedu_1p3B_kda-sig-hybrid-lowrank_1.3B_cosine100B_gbs128_lr0.0004,87552,45.902,4,256,128,0.0,0.0,0.0,0.0,0.5028307437896729,0.7966457605361938,,
fwedu_1p3B,fwedu_1p3B_kda-sig-hybrid-lowrank_1.3B_cosine100B_gbs128_lr0.0004,87552,45.902,5,256,128,0.0,0.0,0.0,0.0,0.5440801382064819,0.9412805438041687,,
fwedu_1p3B,fwedu_1p3B_kda-sig-hybrid-lowrank_1.3B_cosine100B_gbs128_lr0.0004,87552,45.902,6,256,128,0.0,0.0,0.0,0.0,0.5747079253196716,0.9391670227050781,,
fwedu_1p3B,fwedu_1p3B_kda-sig-hybrid-lowrank_1.3B_cosine100B_gbs128_lr0.0004,87552,45.902,7,256,128,0.0,0.0,0.0,0.0,0.5850273370742798,0.9355509281158447,,
fwedu_1p3B,fwedu_1p3B_kda-sig-hybrid-lowrank_1.3B_cosine100B_gbs128_lr0.0004,87552,45.902,8,256,128,0.0,0.0,0.0,0.0,0.563275158405304,0.9785582423210144,,
fwedu_1p3B,fwedu_1p3B_kda-sig-hybrid-lowrank_1.3B_cosine100B_gbs128_lr0.0004,87552,45.902,9,256,128,0.0,0.0,0.0,0.0,0.5831363201141357,0.9798067808151245,,
fwedu_1p3B,fwedu_1p3B_kda-sig-hybrid-lowrank_1.3B_cosine100B_gbs128_lr0.0004,87552,45.902,10,256,128,0.0,0.0,0.0,0.0,0.5490099787712097,0.9741176962852478,,
fwedu_1p3B,fwedu_1p3B_kda-sig-hybrid-lowrank_1.3B_cosine100B_gbs128_lr0.0004,87552,45.902,11,256,128,0.0,0.0,0.0,0.0,0.5939244627952576,0.9824789762496948,,
fwedu_1p3B,fwedu_1p3B_kda-sig-hybrid-lowrank_1.3B_cosine100B_gbs128_lr0.0004,87552,45.902,12,256,128,0.0,0.0,0.0,0.0,0.5573704242706299,0.988913893699646,,
fwedu_1p3B,fwedu_1p3B_kda-sig-hybrid-lowrank_1.3B_cosine100B_gbs128_lr0.0004,87552,45.902,13,256,128,0.0,0.0,0.0,0.0,0.5001287460327148,0.9867141246795654,,
fwedu_1p3B,fwedu_1p3B_kda-sig-hybrid-lowrank_1.3B_cosine100B_gbs128_lr0.0004,87552,45.902,14,256,128,0.0,0.0,0.0,0.0,0.49555113911628723,0.9560598731040955,,
fwedu_1p3B,fwedu_1p3B_kda-sig-hybrid-lowrank_1.3B_cosine100B_gbs128_lr0.0004,87552,45.902,15,256,128,0.0,0.0,0.0,0.0,0.5361996293067932,0.9169372320175171,,
fwedu_1p3B,fwedu_1p3B_kda-sig-hybrid-lowrank_1.3B_cosine100B_gbs128_lr0.0004,87552,45.902,16,256,128,0.0,0.0,0.0,0.0,0.40375444293022156,0.9888982772827148,,
fwedu_1p3B,fwedu_1p3B_kda-sig-hybrid-lowrank_1.3B_cosine100B_gbs128_lr0.0004,87552,45.902,17,256,128,0.0,0.0,0.0,0.0,0.5179800987243652,0.9077874422073364,,
fwedu_1p3B,fwedu_1p3B_kda-sig-hybrid-lowrank_1.3B_cosine100B_gbs128_lr0.0004,97280,51.003,0,256,128,0.0,0.0,0.0,0.0,0.7302401065826416,0.6389887928962708,,
fwedu_1p3B,fwedu_1p3B_kda-sig-hybrid-lowrank_1.3B_cosine100B_gbs128_lr0.0004,97280,51.003,1,256,128,0.0,0.0,0.0,0.0,0.5417616367340088,0.41136524081230164,,
fwedu_1p3B,fwedu_1p3B_kda-sig-hybrid-lowrank_1.3B_cosine100B_gbs128_lr0.0004,97280,51.003,2,256,128,0.0,0.0,0.0,0.0,0.5344431400299072,0.38929495215415955,,
fwedu_1p3B,fwedu_1p3B_kda-sig-hybrid-lowrank_1.3B_cosine100B_gbs128_lr0.0004,97280,51.003,3,256,128,0.0,0.0,0.0,0.0,0.5031607747077942,0.7865411639213562,,
fwedu_1p3B,fwedu_1p3B_kda-sig-hybrid-lowrank_1.3B_cosine100B_gbs128_lr0.0004,97280,51.003,4,256,128,0.0,0.0,0.0,0.0,0.5106261372566223,0.7908788323402405,,
fwedu_1p3B,fwedu_1p3B_kda-sig-hybrid-lowrank_1.3B_cosine100B_gbs128_lr0.0004,97280,51.003,5,256,128,0.0,0.0,0.0,0.0,0.5521973371505737,0.943714439868927,,
fwedu_1p3B,fwedu_1p3B_kda-sig-hybrid-lowrank_1.3B_cosine100B_gbs128_lr0.0004,97280,51.003,6,256,128,0.0,0.0,0.0,0.0,0.5753200650215149,0.9407358765602112,,
fwedu_1p3B,fwedu_1p3B_kda-sig-hybrid-lowrank_1.3B_cosine100B_gbs128_lr0.0004,97280,51.003,7,256,128,0.0,0.0,0.0,0.0,0.5853432416915894,0.9370827078819275,,
fwedu_1p3B,fwedu_1p3B_kda-sig-hybrid-lowrank_1.3B_cosine100B_gbs128_lr0.0004,97280,51.003,8,256,128,0.0,0.0,0.0,0.0,0.575538158416748,0.9773549437522888,,
fwedu_1p3B,fwedu_1p3B_kda-sig-hybrid-lowrank_1.3B_cosine100B_gbs128_lr0.0004,97280,51.003,9,256,128,0.0,0.0,0.0,0.0,0.5796511769294739,0.9806790351867676,,
fwedu_1p3B,fwedu_1p3B_kda-sig-hybrid-lowrank_1.3B_cosine100B_gbs128_lr0.0004,97280,51.003,10,256,128,0.0,0.0,0.0,0.0,0.5426193475723267,0.9731271862983704,,
fwedu_1p3B,fwedu_1p3B_kda-sig-hybrid-lowrank_1.3B_cosine100B_gbs128_lr0.0004,97280,51.003,11,256,128,0.0,0.0,0.0,0.0,0.588914155960083,0.981532633304596,,
fwedu_1p3B,fwedu_1p3B_kda-sig-hybrid-lowrank_1.3B_cosine100B_gbs128_lr0.0004,97280,51.003,12,256,128,0.0,0.0,0.0,0.0,0.5566079616546631,0.9883311986923218,,
fwedu_1p3B,fwedu_1p3B_kda-sig-hybrid-lowrank_1.3B_cosine100B_gbs128_lr0.0004,97280,51.003,13,256,128,0.0,0.0,0.0,0.0,0.49547863006591797,0.9868478178977966,,
fwedu_1p3B,fwedu_1p3B_kda-sig-hybrid-lowrank_1.3B_cosine100B_gbs128_lr0.0004,97280,51.003,14,256,128,0.0,0.0,0.0,0.0,0.4999852478504181,0.9527601003646851,,
fwedu_1p3B,fwedu_1p3B_kda-sig-hybrid-lowrank_1.3B_cosine100B_gbs128_lr0.0004,97280,51.003,15,256,128,0.0,0.0,0.0,0.0,0.5408935546875,0.9159008860588074,,
fwedu_1p3B,fwedu_1p3B_kda-sig-hybrid-lowrank_1.3B_cosine100B_gbs128_lr0.0004,97280,51.003,16,256,128,0.0,0.0,0.0,0.0,0.39854341745376587,0.9884043335914612,,
fwedu_1p3B,fwedu_1p3B_kda-sig-hybrid-lowrank_1.3B_cosine100B_gbs128_lr0.0004,97280,51.003,17,256,128,0.0,0.0,0.0,0.0,0.522576630115509,0.9001845717430115,,
fwedu_1p3B,fwedu_1p3B_kda-sig-hybrid-lowrank_1.3B_cosine100B_gbs128_lr0.0004,107008,56.103,0,256,128,0.0,0.0,0.0,0.0,0.732296347618103,0.6359564661979675,,
fwedu_1p3B,fwedu_1p3B_kda-sig-hybrid-lowrank_1.3B_cosine100B_gbs128_lr0.0004,107008,56.103,1,256,128,0.0,0.0,0.0,0.0,0.5474581718444824,0.4065341651439667,,
fwedu_1p3B,fwedu_1p3B_kda-sig-hybrid-lowrank_1.3B_cosine100B_gbs128_lr0.0004,107008,56.103,2,256,128,0.0,0.0,0.0,0.0,0.5359187126159668,0.3540763854980469,,
fwedu_1p3B,fwedu_1p3B_kda-sig-hybrid-lowrank_1.3B_cosine100B_gbs128_lr0.0004,107008,56.103,3,256,128,0.0,0.0,0.0,0.0,0.5034869909286499,0.7730811834335327,,
fwedu_1p3B,fwedu_1p3B_kda-sig-hybrid-lowrank_1.3B_cosine100B_gbs128_lr0.0004,107008,56.103,4,256,128,0.0,0.0,0.0,0.0,0.5128213167190552,0.7896803617477417,,
fwedu_1p3B,fwedu_1p3B_kda-sig-hybrid-lowrank_1.3B_cosine100B_gbs128_lr0.0004,107008,56.103,5,256,128,0.0,0.0,0.0,0.0,0.5529694557189941,0.9439988732337952,,
fwedu_1p3B,fwedu_1p3B_kda-sig-hybrid-lowrank_1.3B_cosine100B_gbs128_lr0.0004,107008,56.103,6,256,128,0.0,0.0,0.0,0.0,0.5748352408409119,0.9394794702529907,,
fwedu_1p3B,fwedu_1p3B_kda-sig-hybrid-lowrank_1.3B_cosine100B_gbs128_lr0.0004,107008,56.103,7,256,128,0.0,0.0,0.0,0.0,0.5878892540931702,0.9350988864898682,,
fwedu_1p3B,fwedu_1p3B_kda-sig-hybrid-lowrank_1.3B_cosine100B_gbs128_lr0.0004,107008,56.103,8,256,128,0.0,0.0,0.0,0.0,0.5709493160247803,0.9776124954223633,,
fwedu_1p3B,fwedu_1p3B_kda-sig-hybrid-lowrank_1.3B_cosine100B_gbs128_lr0.0004,107008,56.103,9,256,128,0.0,0.0,0.0,0.0,0.5896808505058289,0.9790008664131165,,
fwedu_1p3B,fwedu_1p3B_kda-sig-hybrid-lowrank_1.3B_cosine100B_gbs128_lr0.0004,107008,56.103,10,256,128,0.0,0.0,0.0,0.0,0.5456503629684448,0.9721189141273499,,
fwedu_1p3B,fwedu_1p3B_kda-sig-hybrid-lowrank_1.3B_cosine100B_gbs128_lr0.0004,107008,56.103,11,256,128,0.0,0.0,0.0,0.0,0.6020982265472412,0.9821016192436218,,
fwedu_1p3B,fwedu_1p3B_kda-sig-hybrid-lowrank_1.3B_cosine100B_gbs128_lr0.0004,107008,56.103,12,256,128,0.0,0.0,0.0,0.0,0.5640765428543091,0.987236738204956,,
fwedu_1p3B,fwedu_1p3B_kda-sig-hybrid-lowrank_1.3B_cosine100B_gbs128_lr0.0004,107008,56.103,13,256,128,0.0,0.0,0.0,0.0,0.49694114923477173,0.9863772988319397,,
fwedu_1p3B,fwedu_1p3B_kda-sig-hybrid-lowrank_1.3B_cosine100B_gbs128_lr0.0004,107008,56.103,14,256,128,0.0,0.0,0.0,0.0,0.5006853938102722,0.9519197344779968,,
fwedu_1p3B,fwedu_1p3B_kda-sig-hybrid-lowrank_1.3B_cosine100B_gbs128_lr0.0004,107008,56.103,15,256,128,0.0,0.0,0.0,0.0,0.5408411622047424,0.9122589826583862,,
fwedu_1p3B,fwedu_1p3B_kda-sig-hybrid-lowrank_1.3B_cosine100B_gbs128_lr0.0004,107008,56.103,16,256,128,0.0,0.0,0.0,0.0,0.39871853590011597,0.9881569147109985,,
fwedu_1p3B,fwedu_1p3B_kda-sig-hybrid-lowrank_1.3B_cosine100B_gbs128_lr0.0004,107008,56.103,17,256,128,0.0,0.0,0.0,0.0,0.5268546342849731,0.8954864144325256,,
fwedu_1p3B,fwedu_1p3B_kda-sig-hybrid-lowrank_1.3B_cosine100B_gbs128_lr0.0004,116736,61.203,0,256,128,0.0,0.0,0.0,0.0,0.7370997667312622,0.6115849018096924,,
fwedu_1p3B,fwedu_1p3B_kda-sig-hybrid-lowrank_1.3B_cosine100B_gbs128_lr0.0004,116736,61.203,1,256,128,0.0,0.0,0.0,0.0,0.555370569229126,0.3951946794986725,,
fwedu_1p3B,fwedu_1p3B_kda-sig-hybrid-lowrank_1.3B_cosine100B_gbs128_lr0.0004,116736,61.203,2,256,128,0.0,0.0,0.0,0.0,0.5443180799484253,0.35710594058036804,,
fwedu_1p3B,fwedu_1p3B_kda-sig-hybrid-lowrank_1.3B_cosine100B_gbs128_lr0.0004,116736,61.203,3,256,128,0.0,0.0,0.0,0.0,0.5112560987472534,0.7719636559486389,,
fwedu_1p3B,fwedu_1p3B_kda-sig-hybrid-lowrank_1.3B_cosine100B_gbs128_lr0.0004,116736,61.203,4,256,128,0.0,0.0,0.0,0.0,0.5193102359771729,0.7875728607177734,,
fwedu_1p3B,fwedu_1p3B_kda-sig-hybrid-lowrank_1.3B_cosine100B_gbs128_lr0.0004,116736,61.203,5,256,128,0.0,0.0,0.0,0.0,0.5580880641937256,0.9400290846824646,,
fwedu_1p3B,fwedu_1p3B_kda-sig-hybrid-lowrank_1.3B_cosine100B_gbs128_lr0.0004,116736,61.203,6,256,128,0.0,0.0,0.0,0.0,0.5736163258552551,0.9353006482124329,,
fwedu_1p3B,fwedu_1p3B_kda-sig-hybrid-lowrank_1.3B_cosine100B_gbs128_lr0.0004,116736,61.203,7,256,128,0.0,0.0,0.0,0.0,0.5858965516090393,0.9358024001121521,,
fwedu_1p3B,fwedu_1p3B_kda-sig-hybrid-lowrank_1.3B_cosine100B_gbs128_lr0.0004,116736,61.203,8,256,128,0.0,0.0,0.0,0.0,0.5733890533447266,0.9781526923179626,,
fwedu_1p3B,fwedu_1p3B_kda-sig-hybrid-lowrank_1.3B_cosine100B_gbs128_lr0.0004,116736,61.203,9,256,128,0.0,0.0,0.0,0.0,0.5915799736976624,0.9794750213623047,,
fwedu_1p3B,fwedu_1p3B_kda-sig-hybrid-lowrank_1.3B_cosine100B_gbs128_lr0.0004,116736,61.203,10,256,128,0.0,0.0,0.0,0.0,0.5533363223075867,0.9708741903305054,,
fwedu_1p3B,fwedu_1p3B_kda-sig-hybrid-lowrank_1.3B_cosine100B_gbs128_lr0.0004,116736,61.203,11,256,128,0.0,0.0,0.0,0.0,0.6010788083076477,0.980498194694519,,
fwedu_1p3B,fwedu_1p3B_kda-sig-hybrid-lowrank_1.3B_cosine100B_gbs128_lr0.0004,116736,61.203,12,256,128,0.0,0.0,0.0,0.0,0.5657013654708862,0.9875933527946472,,
fwedu_1p3B,fwedu_1p3B_kda-sig-hybrid-lowrank_1.3B_cosine100B_gbs128_lr0.0004,116736,61.203,13,256,128,0.0,0.0,0.0,0.0,0.5070074796676636,0.9860116839408875,,
fwedu_1p3B,fwedu_1p3B_kda-sig-hybrid-lowrank_1.3B_cosine100B_gbs128_lr0.0004,116736,61.203,14,256,128,0.0,0.0,0.0,0.0,0.5092463493347168,0.9501790404319763,,
fwedu_1p3B,fwedu_1p3B_kda-sig-hybrid-lowrank_1.3B_cosine100B_gbs128_lr0.0004,116736,61.203,15,256,128,0.0,0.0,0.0,0.0,0.5548164248466492,0.9034841656684875,,
fwedu_1p3B,fwedu_1p3B_kda-sig-hybrid-lowrank_1.3B_cosine100B_gbs128_lr0.0004,116736,61.203,16,256,128,0.0,0.0,0.0,0.0,0.41218024492263794,0.9867966771125793,,
fwedu_1p3B,fwedu_1p3B_kda-sig-hybrid-lowrank_1.3B_cosine100B_gbs128_lr0.0004,116736,61.203,17,256,128,0.0,0.0,0.0,0.0,0.5291644930839539,0.8931106328964233,,
fwedu_1p3B,fwedu_1p3B_kda-sig-hybrid-lowrank_1.3B_cosine100B_gbs128_lr0.0004,126464,66.304,0,256,128,0.0,0.0,0.0,0.0,0.7429377436637878,0.6646895408630371,,
fwedu_1p3B,fwedu_1p3B_kda-sig-hybrid-lowrank_1.3B_cosine100B_gbs128_lr0.0004,126464,66.304,1,256,128,0.0,0.0,0.0,0.0,0.5656615495681763,0.3886123299598694,,
fwedu_1p3B,fwedu_1p3B_kda-sig-hybrid-lowrank_1.3B_cosine100B_gbs128_lr0.0004,126464,66.304,2,256,128,0.0,0.0,0.0,0.0,0.5529868602752686,0.33912429213523865,,
fwedu_1p3B,fwedu_1p3B_kda-sig-hybrid-lowrank_1.3B_cosine100B_gbs128_lr0.0004,126464,66.304,3,256,128,0.0,0.0,0.0,0.0,0.5124619007110596,0.7753046154975891,,
fwedu_1p3B,fwedu_1p3B_kda-sig-hybrid-lowrank_1.3B_cosine100B_gbs128_lr0.0004,126464,66.304,4,256,128,0.0,0.0,0.0,0.0,0.518760085105896,0.7820674777030945,,
fwedu_1p3B,fwedu_1p3B_kda-sig-hybrid-lowrank_1.3B_cosine100B_gbs128_lr0.0004,126464,66.304,5,256,128,0.0,0.0,0.0,0.0,0.5641967058181763,0.9416649341583252,,
fwedu_1p3B,fwedu_1p3B_kda-sig-hybrid-lowrank_1.3B_cosine100B_gbs128_lr0.0004,126464,66.304,6,256,128,0.0,0.0,0.0,0.0,0.5840333700180054,0.9355512857437134,,
fwedu_1p3B,fwedu_1p3B_kda-sig-hybrid-lowrank_1.3B_cosine100B_gbs128_lr0.0004,126464,66.304,7,256,128,0.0,0.0,0.0,0.0,0.5920243263244629,0.9330185055732727,,
fwedu_1p3B,fwedu_1p3B_kda-sig-hybrid-lowrank_1.3B_cosine100B_gbs128_lr0.0004,126464,66.304,8,256,128,0.0,0.0,0.0,0.0,0.5734472274780273,0.9779736399650574,,
fwedu_1p3B,fwedu_1p3B_kda-sig-hybrid-lowrank_1.3B_cosine100B_gbs128_lr0.0004,126464,66.304,9,256,128,0.0,0.0,0.0,0.0,0.5917612910270691,0.9799168109893799,,
fwedu_1p3B,fwedu_1p3B_kda-sig-hybrid-lowrank_1.3B_cosine100B_gbs128_lr0.0004,126464,66.304,10,256,128,0.0,0.0,0.0,0.0,0.5580567717552185,0.972537636756897,,
fwedu_1p3B,fwedu_1p3B_kda-sig-hybrid-lowrank_1.3B_cosine100B_gbs128_lr0.0004,126464,66.304,11,256,128,0.0,0.0,0.0,0.0,0.6043890714645386,0.9809262156486511,,
fwedu_1p3B,fwedu_1p3B_kda-sig-hybrid-lowrank_1.3B_cosine100B_gbs128_lr0.0004,126464,66.304,12,256,128,0.0,0.0,0.0,0.0,0.5682528614997864,0.9868120551109314,,
fwedu_1p3B,fwedu_1p3B_kda-sig-hybrid-lowrank_1.3B_cosine100B_gbs128_lr0.0004,126464,66.304,13,256,128,0.0,0.0,0.0,0.0,0.5073631405830383,0.985416054725647,,
fwedu_1p3B,fwedu_1p3B_kda-sig-hybrid-lowrank_1.3B_cosine100B_gbs128_lr0.0004,126464,66.304,14,256,128,0.0,0.0,0.0,0.0,0.5113632082939148,0.9489706754684448,,
fwedu_1p3B,fwedu_1p3B_kda-sig-hybrid-lowrank_1.3B_cosine100B_gbs128_lr0.0004,126464,66.304,15,256,128,0.0,0.0,0.0,0.0,0.5530048608779907,0.9053928256034851,,
fwedu_1p3B,fwedu_1p3B_kda-sig-hybrid-lowrank_1.3B_cosine100B_gbs128_lr0.0004,126464,66.304,16,256,128,0.0,0.0,0.0,0.0,0.407470166683197,0.9871782660484314,,
fwedu_1p3B,fwedu_1p3B_kda-sig-hybrid-lowrank_1.3B_cosine100B_gbs128_lr0.0004,126464,66.304,17,256,128,0.0,0.0,0.0,0.0,0.5338345170021057,0.8841089606285095,,
fwedu_1p3B,fwedu_1p3B_kda-sig-hybrid-lowrank_1.3B_cosine100B_gbs128_lr0.0004,136192,71.404,0,256,128,0.0,0.0,0.0,0.0,0.755056619644165,0.6746650338172913,,
fwedu_1p3B,fwedu_1p3B_kda-sig-hybrid-lowrank_1.3B_cosine100B_gbs128_lr0.0004,136192,71.404,1,256,128,0.0,0.0,0.0,0.0,0.5739266872406006,0.3889566659927368,,
fwedu_1p3B,fwedu_1p3B_kda-sig-hybrid-lowrank_1.3B_cosine100B_gbs128_lr0.0004,136192,71.404,2,256,128,0.0,0.0,0.0,0.0,0.5608746409416199,0.3435381054878235,,
fwedu_1p3B,fwedu_1p3B_kda-sig-hybrid-lowrank_1.3B_cosine100B_gbs128_lr0.0004,136192,71.404,3,256,128,0.0,0.0,0.0,0.0,0.518836259841919,0.7728002071380615,,
fwedu_1p3B,fwedu_1p3B_kda-sig-hybrid-lowrank_1.3B_cosine100B_gbs128_lr0.0004,136192,71.404,4,256,128,0.0,0.0,0.0,0.0,0.5216796398162842,0.7855758666992188,,
fwedu_1p3B,fwedu_1p3B_kda-sig-hybrid-lowrank_1.3B_cosine100B_gbs128_lr0.0004,136192,71.404,5,256,128,0.0,0.0,0.0,0.0,0.5675936937332153,0.936687171459198,,
fwedu_1p3B,fwedu_1p3B_kda-sig-hybrid-lowrank_1.3B_cosine100B_gbs128_lr0.0004,136192,71.404,6,256,128,0.0,0.0,0.0,0.0,0.5851778984069824,0.935646653175354,,
fwedu_1p3B,fwedu_1p3B_kda-sig-hybrid-lowrank_1.3B_cosine100B_gbs128_lr0.0004,136192,71.404,7,256,128,0.0,0.0,0.0,0.0,0.5934444665908813,0.9328448176383972,,
fwedu_1p3B,fwedu_1p3B_kda-sig-hybrid-lowrank_1.3B_cosine100B_gbs128_lr0.0004,136192,71.404,8,256,128,0.0,0.0,0.0,0.0,0.5744097232818604,0.9777116179466248,,
fwedu_1p3B,fwedu_1p3B_kda-sig-hybrid-lowrank_1.3B_cosine100B_gbs128_lr0.0004,136192,71.404,9,256,128,0.0,0.0,0.0,0.0,0.5961228013038635,0.9794885516166687,,
fwedu_1p3B,fwedu_1p3B_kda-sig-hybrid-lowrank_1.3B_cosine100B_gbs128_lr0.0004,136192,71.404,10,256,128,0.0,0.0,0.0,0.0,0.5594345927238464,0.9710220098495483,,
fwedu_1p3B,fwedu_1p3B_kda-sig-hybrid-lowrank_1.3B_cosine100B_gbs128_lr0.0004,136192,71.404,11,256,128,0.0,0.0,0.0,0.0,0.6063387989997864,0.9811991453170776,,
fwedu_1p3B,fwedu_1p3B_kda-sig-hybrid-lowrank_1.3B_cosine100B_gbs128_lr0.0004,136192,71.404,12,256,128,0.0,0.0,0.0,0.0,0.5723152160644531,0.9870662689208984,,
fwedu_1p3B,fwedu_1p3B_kda-sig-hybrid-lowrank_1.3B_cosine100B_gbs128_lr0.0004,136192,71.404,13,256,128,0.0,0.0,0.0,0.0,0.5069664120674133,0.9851214289665222,,
fwedu_1p3B,fwedu_1p3B_kda-sig-hybrid-lowrank_1.3B_cosine100B_gbs128_lr0.0004,136192,71.404,14,256,128,0.0,0.0,0.0,0.0,0.5165466666221619,0.9451277256011963,,
fwedu_1p3B,fwedu_1p3B_kda-sig-hybrid-lowrank_1.3B_cosine100B_gbs128_lr0.0004,136192,71.404,15,256,128,0.0,0.0,0.0,0.0,0.5538265705108643,0.9046549201011658,,
fwedu_1p3B,fwedu_1p3B_kda-sig-hybrid-lowrank_1.3B_cosine100B_gbs128_lr0.0004,136192,71.404,16,256,128,0.0,0.0,0.0,0.0,0.4090037941932678,0.986996591091156,,
fwedu_1p3B,fwedu_1p3B_kda-sig-hybrid-lowrank_1.3B_cosine100B_gbs128_lr0.0004,136192,71.404,17,256,128,0.0,0.0,0.0,0.0,0.5411576628684998,0.8826014995574951,,
fwedu_1p3B,fwedu_1p3B_kda-sig-hybrid-lowrank_1.3B_cosine100B_gbs128_lr0.0004,145920,76.504,0,256,128,0.0,0.0,0.0,0.0,0.7700811624526978,0.6798756718635559,,
fwedu_1p3B,fwedu_1p3B_kda-sig-hybrid-lowrank_1.3B_cosine100B_gbs128_lr0.0004,145920,76.504,1,256,128,0.0,0.0,0.0,0.0,0.5840884447097778,0.39058712124824524,,
fwedu_1p3B,fwedu_1p3B_kda-sig-hybrid-lowrank_1.3B_cosine100B_gbs128_lr0.0004,145920,76.504,2,256,128,0.0,0.0,0.0,0.0,0.5652843117713928,0.3437463939189911,,
fwedu_1p3B,fwedu_1p3B_kda-sig-hybrid-lowrank_1.3B_cosine100B_gbs128_lr0.0004,145920,76.504,3,256,128,0.0,0.0,0.0,0.0,0.5216588377952576,0.764428436756134,,
fwedu_1p3B,fwedu_1p3B_kda-sig-hybrid-lowrank_1.3B_cosine100B_gbs128_lr0.0004,145920,76.504,4,256,128,0.0,0.0,0.0,0.0,0.5233455896377563,0.7896392941474915,,
fwedu_1p3B,fwedu_1p3B_kda-sig-hybrid-lowrank_1.3B_cosine100B_gbs128_lr0.0004,145920,76.504,5,256,128,0.0,0.0,0.0,0.0,0.5718743801116943,0.9383341073989868,,
fwedu_1p3B,fwedu_1p3B_kda-sig-hybrid-lowrank_1.3B_cosine100B_gbs128_lr0.0004,145920,76.504,6,256,128,0.0,0.0,0.0,0.0,0.5850685238838196,0.9331273436546326,,
fwedu_1p3B,fwedu_1p3B_kda-sig-hybrid-lowrank_1.3B_cosine100B_gbs128_lr0.0004,145920,76.504,7,256,128,0.0,0.0,0.0,0.0,0.5953013896942139,0.9329383373260498,,
fwedu_1p3B,fwedu_1p3B_kda-sig-hybrid-lowrank_1.3B_cosine100B_gbs128_lr0.0004,145920,76.504,8,256,128,0.0,0.0,0.0,0.0,0.5752935409545898,0.9780064821243286,,
fwedu_1p3B,fwedu_1p3B_kda-sig-hybrid-lowrank_1.3B_cosine100B_gbs128_lr0.0004,145920,76.504,9,256,128,0.0,0.0,0.0,0.0,0.594264030456543,0.9800564646720886,,
fwedu_1p3B,fwedu_1p3B_kda-sig-hybrid-lowrank_1.3B_cosine100B_gbs128_lr0.0004,145920,76.504,10,256,128,0.0,0.0,0.0,0.0,0.5619090795516968,0.971581757068634,,
fwedu_1p3B,fwedu_1p3B_kda-sig-hybrid-lowrank_1.3B_cosine100B_gbs128_lr0.0004,145920,76.504,11,256,128,0.0,0.0,0.0,0.0,0.6076282262802124,0.9810010194778442,,
fwedu_1p3B,fwedu_1p3B_kda-sig-hybrid-lowrank_1.3B_cosine100B_gbs128_lr0.0004,145920,76.504,12,256,128,0.0,0.0,0.0,0.0,0.5710940361022949,0.9866779446601868,,
fwedu_1p3B,fwedu_1p3B_kda-sig-hybrid-lowrank_1.3B_cosine100B_gbs128_lr0.0004,145920,76.504,13,256,128,0.0,0.0,0.0,0.0,0.50951087474823,0.9848431348800659,,
fwedu_1p3B,fwedu_1p3B_kda-sig-hybrid-lowrank_1.3B_cosine100B_gbs128_lr0.0004,145920,76.504,14,256,128,0.0,0.0,0.0,0.0,0.5174670219421387,0.9438207745552063,,
fwedu_1p3B,fwedu_1p3B_kda-sig-hybrid-lowrank_1.3B_cosine100B_gbs128_lr0.0004,145920,76.504,15,256,128,0.0,0.0,0.0,0.0,0.5576541423797607,0.9005442261695862,,
fwedu_1p3B,fwedu_1p3B_kda-sig-hybrid-lowrank_1.3B_cosine100B_gbs128_lr0.0004,145920,76.504,16,256,128,0.0,0.0,0.0,0.0,0.4143740236759186,0.9865667223930359,,
fwedu_1p3B,fwedu_1p3B_kda-sig-hybrid-lowrank_1.3B_cosine100B_gbs128_lr0.0004,145920,76.504,17,256,128,0.0,0.0,0.0,0.0,0.5438220500946045,0.8822073936462402,,
fwedu_1p3B,fwedu_1p3B_kda-sig-hybrid-lowrank_1.3B_cosine100B_gbs128_lr0.0004,155648,81.604,0,256,128,0.0,0.0,0.0,0.0,0.7842444181442261,0.7110911011695862,,
fwedu_1p3B,fwedu_1p3B_kda-sig-hybrid-lowrank_1.3B_cosine100B_gbs128_lr0.0004,155648,81.604,1,256,128,0.0,0.0,0.0,0.0,0.5934022665023804,0.3875892162322998,,
fwedu_1p3B,fwedu_1p3B_kda-sig-hybrid-lowrank_1.3B_cosine100B_gbs128_lr0.0004,155648,81.604,2,256,128,0.0,0.0,0.0,0.0,0.5764035582542419,0.3451250493526459,,
fwedu_1p3B,fwedu_1p3B_kda-sig-hybrid-lowrank_1.3B_cosine100B_gbs128_lr0.0004,155648,81.604,3,256,128,0.0,0.0,0.0,0.0,0.5300271511077881,0.7680648565292358,,
fwedu_1p3B,fwedu_1p3B_kda-sig-hybrid-lowrank_1.3B_cosine100B_gbs128_lr0.0004,155648,81.604,4,256,128,0.0,0.0,0.0,0.0,0.5292826890945435,0.7861105799674988,,
fwedu_1p3B,fwedu_1p3B_kda-sig-hybrid-lowrank_1.3B_cosine100B_gbs128_lr0.0004,155648,81.604,5,256,128,0.0,0.0,0.0,0.0,0.5789804458618164,0.9347348809242249,,
fwedu_1p3B,fwedu_1p3B_kda-sig-hybrid-lowrank_1.3B_cosine100B_gbs128_lr0.0004,155648,81.604,6,256,128,0.0,0.0,0.0,0.0,0.5894005298614502,0.9320316910743713,,
fwedu_1p3B,fwedu_1p3B_kda-sig-hybrid-lowrank_1.3B_cosine100B_gbs128_lr0.0004,155648,81.604,7,256,128,0.0,0.0,0.0,0.0,0.6022154688835144,0.931165874004364,,
fwedu_1p3B,fwedu_1p3B_kda-sig-hybrid-lowrank_1.3B_cosine100B_gbs128_lr0.0004,155648,81.604,8,256,128,0.0,0.0,0.0,0.0,0.5806257724761963,0.9769865870475769,,
fwedu_1p3B,fwedu_1p3B_kda-sig-hybrid-lowrank_1.3B_cosine100B_gbs128_lr0.0004,155648,81.604,9,256,128,0.0,0.0,0.0,0.0,0.5987257361412048,0.9790499210357666,,
fwedu_1p3B,fwedu_1p3B_kda-sig-hybrid-lowrank_1.3B_cosine100B_gbs128_lr0.0004,155648,81.604,10,256,128,0.0,0.0,0.0,0.0,0.5643773078918457,0.9693342447280884,,
fwedu_1p3B,fwedu_1p3B_kda-sig-hybrid-lowrank_1.3B_cosine100B_gbs128_lr0.0004,155648,81.604,11,256,128,0.0,0.0,0.0,0.0,0.6090207695960999,0.9801973700523376,,
fwedu_1p3B,fwedu_1p3B_kda-sig-hybrid-lowrank_1.3B_cosine100B_gbs128_lr0.0004,155648,81.604,12,256,128,0.0,0.0,0.0,0.0,0.5816077589988708,0.986935555934906,,
fwedu_1p3B,fwedu_1p3B_kda-sig-hybrid-lowrank_1.3B_cosine100B_gbs128_lr0.0004,155648,81.604,13,256,128,0.0,0.0,0.0,0.0,0.5192195773124695,0.984575629234314,,
fwedu_1p3B,fwedu_1p3B_kda-sig-hybrid-lowrank_1.3B_cosine100B_gbs128_lr0.0004,155648,81.604,14,256,128,0.0,0.0,0.0,0.0,0.5201467871665955,0.9439802169799805,,
fwedu_1p3B,fwedu_1p3B_kda-sig-hybrid-lowrank_1.3B_cosine100B_gbs128_lr0.0004,155648,81.604,15,256,128,0.0,0.0,0.0,0.0,0.5635225772857666,0.9007853269577026,,
fwedu_1p3B,fwedu_1p3B_kda-sig-hybrid-lowrank_1.3B_cosine100B_gbs128_lr0.0004,155648,81.604,16,256,128,0.0,0.0,0.0,0.0,0.41627585887908936,0.9869701266288757,,
fwedu_1p3B,fwedu_1p3B_kda-sig-hybrid-lowrank_1.3B_cosine100B_gbs128_lr0.0004,155648,81.604,17,256,128,0.0,0.0,0.0,0.0,0.5494319796562195,0.8819799423217773,,
fwedu_1p3B,fwedu_1p3B_kda-sig-hybrid-lowrank_1.3B_cosine100B_gbs128_lr0.0004,165376,86.705,0,256,128,0.0,0.0,0.0,0.0,0.7965115904808044,0.7137511968612671,,
fwedu_1p3B,fwedu_1p3B_kda-sig-hybrid-lowrank_1.3B_cosine100B_gbs128_lr0.0004,165376,86.705,1,256,128,0.0,0.0,0.0,0.0,0.6011819839477539,0.39284536242485046,,
fwedu_1p3B,fwedu_1p3B_kda-sig-hybrid-lowrank_1.3B_cosine100B_gbs128_lr0.0004,165376,86.705,2,256,128,0.0,0.0,0.0,0.0,0.5794870257377625,0.35311681032180786,,
fwedu_1p3B,fwedu_1p3B_kda-sig-hybrid-lowrank_1.3B_cosine100B_gbs128_lr0.0004,165376,86.705,3,256,128,0.0,0.0,0.0,0.0,0.5329804420471191,0.767852246761322,,
fwedu_1p3B,fwedu_1p3B_kda-sig-hybrid-lowrank_1.3B_cosine100B_gbs128_lr0.0004,165376,86.705,4,256,128,0.0,0.0,0.0,0.0,0.5389076471328735,0.7771490216255188,,
fwedu_1p3B,fwedu_1p3B_kda-sig-hybrid-lowrank_1.3B_cosine100B_gbs128_lr0.0004,165376,86.705,5,256,128,0.0,0.0,0.0,0.0,0.580517590045929,0.9359047412872314,,
fwedu_1p3B,fwedu_1p3B_kda-sig-hybrid-lowrank_1.3B_cosine100B_gbs128_lr0.0004,165376,86.705,6,256,128,0.0,0.0,0.0,0.0,0.5922237634658813,0.9322428107261658,,
fwedu_1p3B,fwedu_1p3B_kda-sig-hybrid-lowrank_1.3B_cosine100B_gbs128_lr0.0004,165376,86.705,7,256,128,0.0,0.0,0.0,0.0,0.6008163094520569,0.9302468299865723,,
fwedu_1p3B,fwedu_1p3B_kda-sig-hybrid-lowrank_1.3B_cosine100B_gbs128_lr0.0004,165376,86.705,8,256,128,0.0,0.0,0.0,0.0,0.5817520618438721,0.9777184724807739,,
fwedu_1p3B,fwedu_1p3B_kda-sig-hybrid-lowrank_1.3B_cosine100B_gbs128_lr0.0004,165376,86.705,9,256,128,0.0,0.0,0.0,0.0,0.6060746908187866,0.9783377051353455,,
fwedu_1p3B,fwedu_1p3B_kda-sig-hybrid-lowrank_1.3B_cosine100B_gbs128_lr0.0004,165376,86.705,10,256,128,0.0,0.0,0.0,0.0,0.5676403045654297,0.9713623523712158,,
fwedu_1p3B,fwedu_1p3B_kda-sig-hybrid-lowrank_1.3B_cosine100B_gbs128_lr0.0004,165376,86.705,11,256,128,0.0,0.0,0.0,0.0,0.6153084635734558,0.9801555871963501,,
fwedu_1p3B,fwedu_1p3B_kda-sig-hybrid-lowrank_1.3B_cosine100B_gbs128_lr0.0004,165376,86.705,12,256,128,0.0,0.0,0.0,0.0,0.589144229888916,0.9863613247871399,,
fwedu_1p3B,fwedu_1p3B_kda-sig-hybrid-lowrank_1.3B_cosine100B_gbs128_lr0.0004,165376,86.705,13,256,128,0.0,0.0,0.0,0.0,0.5200591087341309,0.9840397238731384,,
fwedu_1p3B,fwedu_1p3B_kda-sig-hybrid-lowrank_1.3B_cosine100B_gbs128_lr0.0004,165376,86.705,14,256,128,0.0,0.0,0.0,0.0,0.5298323631286621,0.9420667886734009,,
fwedu_1p3B,fwedu_1p3B_kda-sig-hybrid-lowrank_1.3B_cosine100B_gbs128_lr0.0004,165376,86.705,15,256,128,0.0,0.0,0.0,0.0,0.5679982900619507,0.8962436318397522,,
fwedu_1p3B,fwedu_1p3B_kda-sig-hybrid-lowrank_1.3B_cosine100B_gbs128_lr0.0004,165376,86.705,16,256,128,0.0,0.0,0.0,0.0,0.4188348650932312,0.9856651425361633,,
fwedu_1p3B,fwedu_1p3B_kda-sig-hybrid-lowrank_1.3B_cosine100B_gbs128_lr0.0004,165376,86.705,17,256,128,0.0,0.0,0.0,0.0,0.5501021146774292,0.8817428350448608,,
fwedu_1p3B,fwedu_1p3B_kda-sig-hybrid-lowrank_1.3B_cosine100B_gbs128_lr0.0004,165540,86.791,0,256,128,0.0,0.0,0.0,0.0,0.7968657612800598,0.7159093618392944,,
fwedu_1p3B,fwedu_1p3B_kda-sig-hybrid-lowrank_1.3B_cosine100B_gbs128_lr0.0004,165540,86.791,1,256,128,0.0,0.0,0.0,0.0,0.6016087532043457,0.3904654085636139,,
fwedu_1p3B,fwedu_1p3B_kda-sig-hybrid-lowrank_1.3B_cosine100B_gbs128_lr0.0004,165540,86.791,2,256,128,0.0,0.0,0.0,0.0,0.5799903273582458,0.346265971660614,,
fwedu_1p3B,fwedu_1p3B_kda-sig-hybrid-lowrank_1.3B_cosine100B_gbs128_lr0.0004,165540,86.791,3,256,128,0.0,0.0,0.0,0.0,0.5357430577278137,0.7656837701797485,,
fwedu_1p3B,fwedu_1p3B_kda-sig-hybrid-lowrank_1.3B_cosine100B_gbs128_lr0.0004,165540,86.791,4,256,128,0.0,0.0,0.0,0.0,0.5385868549346924,0.7771466374397278,,
fwedu_1p3B,fwedu_1p3B_kda-sig-hybrid-lowrank_1.3B_cosine100B_gbs128_lr0.0004,165540,86.791,5,256,128,0.0,0.0,0.0,0.0,0.5798044800758362,0.9348241686820984,,
fwedu_1p3B,fwedu_1p3B_kda-sig-hybrid-lowrank_1.3B_cosine100B_gbs128_lr0.0004,165540,86.791,6,256,128,0.0,0.0,0.0,0.0,0.5900394916534424,0.9312078952789307,,
fwedu_1p3B,fwedu_1p3B_kda-sig-hybrid-lowrank_1.3B_cosine100B_gbs128_lr0.0004,165540,86.791,7,256,128,0.0,0.0,0.0,0.0,0.5979748368263245,0.9301863312721252,,
fwedu_1p3B,fwedu_1p3B_kda-sig-hybrid-lowrank_1.3B_cosine100B_gbs128_lr0.0004,165540,86.791,8,256,128,0.0,0.0,0.0,0.0,0.5812646746635437,0.9769797325134277,,
fwedu_1p3B,fwedu_1p3B_kda-sig-hybrid-lowrank_1.3B_cosine100B_gbs128_lr0.0004,165540,86.791,9,256,128,0.0,0.0,0.0,0.0,0.6026224493980408,0.9792336225509644,,
fwedu_1p3B,fwedu_1p3B_kda-sig-hybrid-lowrank_1.3B_cosine100B_gbs128_lr0.0004,165540,86.791,10,256,128,0.0,0.0,0.0,0.0,0.5651545524597168,0.9706482291221619,,
fwedu_1p3B,fwedu_1p3B_kda-sig-hybrid-lowrank_1.3B_cosine100B_gbs128_lr0.0004,165540,86.791,11,256,128,0.0,0.0,0.0,0.0,0.6128067970275879,0.9801440834999084,,
fwedu_1p3B,fwedu_1p3B_kda-sig-hybrid-lowrank_1.3B_cosine100B_gbs128_lr0.0004,165540,86.791,12,256,128,0.0,0.0,0.0,0.0,0.5866010785102844,0.9863881468772888,,
fwedu_1p3B,fwedu_1p3B_kda-sig-hybrid-lowrank_1.3B_cosine100B_gbs128_lr0.0004,165540,86.791,13,256,128,0.0,0.0,0.0,0.0,0.5173810720443726,0.9843544363975525,,
fwedu_1p3B,fwedu_1p3B_kda-sig-hybrid-lowrank_1.3B_cosine100B_gbs128_lr0.0004,165540,86.791,14,256,128,0.0,0.0,0.0,0.0,0.5281267762184143,0.943223237991333,,
fwedu_1p3B,fwedu_1p3B_kda-sig-hybrid-lowrank_1.3B_cosine100B_gbs128_lr0.0004,165540,86.791,15,256,128,0.0,0.0,0.0,0.0,0.56577467918396,0.8968062996864319,,
fwedu_1p3B,fwedu_1p3B_kda-sig-hybrid-lowrank_1.3B_cosine100B_gbs128_lr0.0004,165540,86.791,16,256,128,0.0,0.0,0.0,0.0,0.41605058312416077,0.9855215549468994,,
fwedu_1p3B,fwedu_1p3B_kda-sig-hybrid-lowrank_1.3B_cosine100B_gbs128_lr0.0004,165540,86.791,17,256,128,0.0,0.0,0.0,0.0,0.5464484691619873,0.8780810832977295,,
fwedu_1p3B,fwedu_1p3B_kda-sig-hybrid-lowrank_1.3B_cosine100B_gbs128_lr0.0004,175104,91.805,0,256,128,0.0,0.0,0.0,0.0,0.8064525127410889,0.7172073721885681,,
fwedu_1p3B,fwedu_1p3B_kda-sig-hybrid-lowrank_1.3B_cosine100B_gbs128_lr0.0004,175104,91.805,1,256,128,0.0,0.0,0.0,0.0,0.60686194896698,0.39124804735183716,,
fwedu_1p3B,fwedu_1p3B_kda-sig-hybrid-lowrank_1.3B_cosine100B_gbs128_lr0.0004,175104,91.805,2,256,128,0.0,0.0,0.0,0.0,0.5846826434135437,0.3487570583820343,,
fwedu_1p3B,fwedu_1p3B_kda-sig-hybrid-lowrank_1.3B_cosine100B_gbs128_lr0.0004,175104,91.805,3,256,128,0.0,0.0,0.0,0.0,0.537094235420227,0.7605704069137573,,
fwedu_1p3B,fwedu_1p3B_kda-sig-hybrid-lowrank_1.3B_cosine100B_gbs128_lr0.0004,175104,91.805,4,256,128,0.0,0.0,0.0,0.0,0.5409092903137207,0.7776800990104675,,
fwedu_1p3B,fwedu_1p3B_kda-sig-hybrid-lowrank_1.3B_cosine100B_gbs128_lr0.0004,175104,91.805,5,256,128,0.0,0.0,0.0,0.0,0.5848103761672974,0.9340052008628845,,
fwedu_1p3B,fwedu_1p3B_kda-sig-hybrid-lowrank_1.3B_cosine100B_gbs128_lr0.0004,175104,91.805,6,256,128,0.0,0.0,0.0,0.0,0.596259593963623,0.9303198456764221,,
fwedu_1p3B,fwedu_1p3B_kda-sig-hybrid-lowrank_1.3B_cosine100B_gbs128_lr0.0004,175104,91.805,7,256,128,0.0,0.0,0.0,0.0,0.6007260680198669,0.9315192103385925,,
fwedu_1p3B,fwedu_1p3B_kda-sig-hybrid-lowrank_1.3B_cosine100B_gbs128_lr0.0004,175104,91.805,8,256,128,0.0,0.0,0.0,0.0,0.5828395485877991,0.9769827723503113,,
fwedu_1p3B,fwedu_1p3B_kda-sig-hybrid-lowrank_1.3B_cosine100B_gbs128_lr0.0004,175104,91.805,9,256,128,0.0,0.0,0.0,0.0,0.6016610264778137,0.9791961908340454,,
fwedu_1p3B,fwedu_1p3B_kda-sig-hybrid-lowrank_1.3B_cosine100B_gbs128_lr0.0004,175104,91.805,10,256,128,0.0,0.0,0.0,0.0,0.5660610198974609,0.9700362682342529,,
fwedu_1p3B,fwedu_1p3B_kda-sig-hybrid-lowrank_1.3B_cosine100B_gbs128_lr0.0004,175104,91.805,11,256,128,0.0,0.0,0.0,0.0,0.6112139225006104,0.9801265001296997,,
fwedu_1p3B,fwedu_1p3B_kda-sig-hybrid-lowrank_1.3B_cosine100B_gbs128_lr0.0004,175104,91.805,12,256,128,0.0,0.0,0.0,0.0,0.5864406824111938,0.9862749576568604,,
fwedu_1p3B,fwedu_1p3B_kda-sig-hybrid-lowrank_1.3B_cosine100B_gbs128_lr0.0004,175104,91.805,13,256,128,0.0,0.0,0.0,0.0,0.5195872783660889,0.9841439723968506,,
fwedu_1p3B,fwedu_1p3B_kda-sig-hybrid-lowrank_1.3B_cosine100B_gbs128_lr0.0004,175104,91.805,14,256,128,0.0,0.0,0.0,0.0,0.5291564464569092,0.9421639442443848,,
fwedu_1p3B,fwedu_1p3B_kda-sig-hybrid-lowrank_1.3B_cosine100B_gbs128_lr0.0004,175104,91.805,15,256,128,0.0,0.0,0.0,0.0,0.5692931413650513,0.8959531784057617,,
fwedu_1p3B,fwedu_1p3B_kda-sig-hybrid-lowrank_1.3B_cosine100B_gbs128_lr0.0004,175104,91.805,16,256,128,0.0,0.0,0.0,0.0,0.4164433181285858,0.9860201478004456,,
fwedu_1p3B,fwedu_1p3B_kda-sig-hybrid-lowrank_1.3B_cosine100B_gbs128_lr0.0004,175104,91.805,17,256,128,0.0,0.0,0.0,0.0,0.5519585013389587,0.8775774240493774,,
fwedu_1p3B,fwedu_1p3B_kda-sig-hybrid-lowrank_1.3B_cosine100B_gbs128_lr0.0004,184832,96.905,0,256,128,0.0,0.0,0.0,0.0,0.8136447668075562,0.7228348851203918,,
fwedu_1p3B,fwedu_1p3B_kda-sig-hybrid-lowrank_1.3B_cosine100B_gbs128_lr0.0004,184832,96.905,1,256,128,0.0,0.0,0.0,0.0,0.6119146347045898,0.3867432475090027,,
fwedu_1p3B,fwedu_1p3B_kda-sig-hybrid-lowrank_1.3B_cosine100B_gbs128_lr0.0004,184832,96.905,2,256,128,0.0,0.0,0.0,0.0,0.590831995010376,0.35187914967536926,,
fwedu_1p3B,fwedu_1p3B_kda-sig-hybrid-lowrank_1.3B_cosine100B_gbs128_lr0.0004,184832,96.905,3,256,128,0.0,0.0,0.0,0.0,0.5368598699569702,0.7584366202354431,,
fwedu_1p3B,fwedu_1p3B_kda-sig-hybrid-lowrank_1.3B_cosine100B_gbs128_lr0.0004,184832,96.905,4,256,128,0.0,0.0,0.0,0.0,0.5390698909759521,0.7706897258758545,,
fwedu_1p3B,fwedu_1p3B_kda-sig-hybrid-lowrank_1.3B_cosine100B_gbs128_lr0.0004,184832,96.905,5,256,128,0.0,0.0,0.0,0.0,0.5860741138458252,0.9339064955711365,,
fwedu_1p3B,fwedu_1p3B_kda-sig-hybrid-lowrank_1.3B_cosine100B_gbs128_lr0.0004,184832,96.905,6,256,128,0.0,0.0,0.0,0.0,0.5962705612182617,0.9294719696044922,,
fwedu_1p3B,fwedu_1p3B_kda-sig-hybrid-lowrank_1.3B_cosine100B_gbs128_lr0.0004,184832,96.905,7,256,128,0.0,0.0,0.0,0.0,0.6027392148971558,0.9292845129966736,,
fwedu_1p3B,fwedu_1p3B_kda-sig-hybrid-lowrank_1.3B_cosine100B_gbs128_lr0.0004,184832,96.905,8,256,128,0.0,0.0,0.0,0.0,0.5840961933135986,0.977216362953186,,
fwedu_1p3B,fwedu_1p3B_kda-sig-hybrid-lowrank_1.3B_cosine100B_gbs128_lr0.0004,184832,96.905,9,256,128,0.0,0.0,0.0,0.0,0.6063092947006226,0.9780237078666687,,
fwedu_1p3B,fwedu_1p3B_kda-sig-hybrid-lowrank_1.3B_cosine100B_gbs128_lr0.0004,184832,96.905,10,256,128,0.0,0.0,0.0,0.0,0.5695958137512207,0.9700241684913635,,
fwedu_1p3B,fwedu_1p3B_kda-sig-hybrid-lowrank_1.3B_cosine100B_gbs128_lr0.0004,184832,96.905,11,256,128,0.0,0.0,0.0,0.0,0.6160519123077393,0.9802460670471191,,
fwedu_1p3B,fwedu_1p3B_kda-sig-hybrid-lowrank_1.3B_cosine100B_gbs128_lr0.0004,184832,96.905,12,256,128,0.0,0.0,0.0,0.0,0.5879098176956177,0.9862607717514038,,
fwedu_1p3B,fwedu_1p3B_kda-sig-hybrid-lowrank_1.3B_cosine100B_gbs128_lr0.0004,184832,96.905,13,256,128,0.0,0.0,0.0,0.0,0.5235447883605957,0.9844695329666138,,
fwedu_1p3B,fwedu_1p3B_kda-sig-hybrid-lowrank_1.3B_cosine100B_gbs128_lr0.0004,184832,96.905,14,256,128,0.0,0.0,0.0,0.0,0.5286105871200562,0.9416162967681885,,
fwedu_1p3B,fwedu_1p3B_kda-sig-hybrid-lowrank_1.3B_cosine100B_gbs128_lr0.0004,184832,96.905,15,256,128,0.0,0.0,0.0,0.0,0.5725853443145752,0.8931512236595154,,
fwedu_1p3B,fwedu_1p3B_kda-sig-hybrid-lowrank_1.3B_cosine100B_gbs128_lr0.0004,184832,96.905,16,256,128,0.0,0.0,0.0,0.0,0.4197060763835907,0.9854500889778137,,
fwedu_1p3B,fwedu_1p3B_kda-sig-hybrid-lowrank_1.3B_cosine100B_gbs128_lr0.0004,184832,96.905,17,256,128,0.0,0.0,0.0,0.0,0.5501210689544678,0.8767126202583313,,
fwedu_1p3B,fwedu_1p3B_kda-sig-hybrid-lowrank_1.3B_cosine100B_gbs128_lr0.0004,190976,100.126,0,256,128,0.0,0.0,0.0,0.0,0.8200743794441223,0.7248263955116272,,
fwedu_1p3B,fwedu_1p3B_kda-sig-hybrid-lowrank_1.3B_cosine100B_gbs128_lr0.0004,190976,100.126,1,256,128,0.0,0.0,0.0,0.0,0.6116334795951843,0.38094183802604675,,
fwedu_1p3B,fwedu_1p3B_kda-sig-hybrid-lowrank_1.3B_cosine100B_gbs128_lr0.0004,190976,100.126,2,256,128,0.0,0.0,0.0,0.0,0.5881035327911377,0.34061458706855774,,
fwedu_1p3B,fwedu_1p3B_kda-sig-hybrid-lowrank_1.3B_cosine100B_gbs128_lr0.0004,190976,100.126,3,256,128,0.0,0.0,0.0,0.0,0.5376037955284119,0.7603809833526611,,
fwedu_1p3B,fwedu_1p3B_kda-sig-hybrid-lowrank_1.3B_cosine100B_gbs128_lr0.0004,190976,100.126,4,256,128,0.0,0.0,0.0,0.0,0.5403028726577759,0.7668393850326538,,
fwedu_1p3B,fwedu_1p3B_kda-sig-hybrid-lowrank_1.3B_cosine100B_gbs128_lr0.0004,190976,100.126,5,256,128,0.0,0.0,0.0,0.0,0.5894455909729004,0.9326427578926086,,
fwedu_1p3B,fwedu_1p3B_kda-sig-hybrid-lowrank_1.3B_cosine100B_gbs128_lr0.0004,190976,100.126,6,256,128,0.0,0.0,0.0,0.0,0.5949915051460266,0.9297454953193665,,
fwedu_1p3B,fwedu_1p3B_kda-sig-hybrid-lowrank_1.3B_cosine100B_gbs128_lr0.0004,190976,100.126,7,256,128,0.0,0.0,0.0,0.0,0.6032215356826782,0.9305409789085388,,
fwedu_1p3B,fwedu_1p3B_kda-sig-hybrid-lowrank_1.3B_cosine100B_gbs128_lr0.0004,190976,100.126,8,256,128,0.0,0.0,0.0,0.0,0.5827181339263916,0.9775258898735046,,
fwedu_1p3B,fwedu_1p3B_kda-sig-hybrid-lowrank_1.3B_cosine100B_gbs128_lr0.0004,190976,100.126,9,256,128,0.0,0.0,0.0,0.0,0.6072279214859009,0.9790831804275513,,
fwedu_1p3B,fwedu_1p3B_kda-sig-hybrid-lowrank_1.3B_cosine100B_gbs128_lr0.0004,190976,100.126,10,256,128,0.0,0.0,0.0,0.0,0.5692223906517029,0.9699792265892029,,
fwedu_1p3B,fwedu_1p3B_kda-sig-hybrid-lowrank_1.3B_cosine100B_gbs128_lr0.0004,190976,100.126,11,256,128,0.0,0.0,0.0,0.0,0.6161694526672363,0.9799593091011047,,
fwedu_1p3B,fwedu_1p3B_kda-sig-hybrid-lowrank_1.3B_cosine100B_gbs128_lr0.0004,190976,100.126,12,256,128,0.0,0.0,0.0,0.0,0.5884724259376526,0.986095130443573,,
fwedu_1p3B,fwedu_1p3B_kda-sig-hybrid-lowrank_1.3B_cosine100B_gbs128_lr0.0004,190976,100.126,13,256,128,0.0,0.0,0.0,0.0,0.5232220888137817,0.9847522377967834,,
fwedu_1p3B,fwedu_1p3B_kda-sig-hybrid-lowrank_1.3B_cosine100B_gbs128_lr0.0004,190976,100.126,14,256,128,0.0,0.0,0.0,0.0,0.5319250226020813,0.9414476752281189,,
fwedu_1p3B,fwedu_1p3B_kda-sig-hybrid-lowrank_1.3B_cosine100B_gbs128_lr0.0004,190976,100.126,15,256,128,0.0,0.0,0.0,0.0,0.5733029246330261,0.8919901251792908,,
fwedu_1p3B,fwedu_1p3B_kda-sig-hybrid-lowrank_1.3B_cosine100B_gbs128_lr0.0004,190976,100.126,16,256,128,0.0,0.0,0.0,0.0,0.4201749563217163,0.9856042861938477,,
fwedu_1p3B,fwedu_1p3B_kda-sig-hybrid-lowrank_1.3B_cosine100B_gbs128_lr0.0004,190976,100.126,17,256,128,0.0,0.0,0.0,0.0,0.5535529851913452,0.8786546587944031,,
ladder,ladder_ckda-shipped-lowrank_124M_wsd6B_gbs64_lr0.001,6144,3.221,0,256,64,0.34765625,0.9140625,0.11328125,0.5703125,1.024543285369873,0.9889023303985596,2.2095907581092566,0.10812560868622678
ladder,ladder_ckda-shipped-lowrank_124M_wsd6B_gbs64_lr0.001,6144,3.221,1,256,64,0.078125,0.83203125,0.0611572265625,0.125,0.46400266885757446,0.8733291625976562,1.9982771738698832,0.1471595373718505
ladder,ladder_ckda-shipped-lowrank_124M_wsd6B_gbs64_lr0.001,6144,3.221,2,256,64,0.0078125,0.73828125,0.07403564453125,0.04296875,0.3425048291683197,0.6884737610816956,1.9060200202910618,0.10182820523415373
ladder,ladder_ckda-shipped-lowrank_124M_wsd6B_gbs64_lr0.001,6144,3.221,3,256,64,0.0078125,0.72265625,0.076171875,0.05078125,0.5106654167175293,0.703987181186676,1.3967755066313134,0.09647101816490641
ladder,ladder_ckda-shipped-lowrank_124M_wsd6B_gbs64_lr0.001,6144,3.221,4,256,64,0.015625,0.68359375,0.05828857421875,0.05078125,0.4470919668674469,0.8488170504570007,2.4528219186675715,0.12666673871310552
ladder,ladder_ckda-shipped-lowrank_124M_wsd6B_gbs64_lr0.001,6144,3.221,5,256,64,0.01953125,0.5234375,0.02435302734375,0.0859375,0.539330244064331,0.9283714294433594,2.349082235255405,0.1254925125627916
ladder,ladder_ckda-shipped-lowrank_124M_wsd6B_gbs64_lr0.001,6144,3.221,6,256,64,0.02734375,0.53125,0.01708984375,0.08203125,0.5747987031936646,0.9777330160140991,2.812054436380442,0.10945498689247866
ladder,ladder_ckda-shipped-lowrank_124M_wsd6B_gbs64_lr0.001,6144,3.221,7,256,64,0.02734375,0.515625,0.0166015625,0.11328125,0.5370586514472961,0.9922241568565369,1.7750756359627982,0.2147081954459655
ladder,ladder_ckda-shipped-lowrank_124M_wsd6B_gbs64_lr0.001,6144,3.221,8,256,64,0.14453125,0.515625,0.0240478515625,0.28125,0.6664566993713379,0.9823105931282043,1.803994213776141,0.17576595366763517
ladder,ladder_ckda-shipped-lowrank_124M_wsd6B_gbs64_lr0.001,6144,3.221,9,256,64,0.06640625,0.52734375,0.02569580078125,0.15625,0.6505433320999146,0.9819530248641968,2.2979526975909286,0.16069999918595498
ladder,ladder_ckda-shipped-lowrank_124M_wsd6B_gbs64_lr0.001,6144,3.221,10,256,64,0.02734375,0.55859375,0.0177001953125,0.09375,0.5564391613006592,0.9983428120613098,1.6722012512027336,0.05871401412448205
ladder,ladder_ckda-shipped-lowrank_124M_wsd6B_gbs64_lr0.001,6144,3.221,11,256,64,0.04296875,0.5390625,0.02734375,0.16015625,0.6764647960662842,0.9651528596878052,2.3393076026516257,0.1304933785202848
ladder,ladder_ckda-shipped-lowrank_124M_wsd6B_gbs64_lr0.001,6144,3.221,12,256,64,0.0390625,0.62890625,0.02685546875,0.0859375,0.5376501679420471,0.9877354502677917,1.9504353833385226,0.07613483822220732
ladder,ladder_ckda-shipped-lowrank_124M_wsd6B_gbs64_lr0.001,6144,3.221,13,256,64,0.05859375,0.6171875,0.03607177734375,0.16796875,0.6775827407836914,0.946932315826416,2.0443029054007766,0.09885919495228815
ladder,ladder_ckda-shipped-lowrank_124M_wsd6B_gbs64_lr0.001,6144,3.221,14,256,64,0.015625,0.3671875,0.0101318359375,0.0859375,0.5770163536071777,0.9872263073921204,1.6213588026551915,0.1345106416454392
ladder,ladder_ckda-shipped-lowrank_124M_wsd6B_gbs64_lr0.001,6144,3.221,15,256,64,0.0859375,0.59375,0.03125,0.171875,0.6579803228378296,0.9684262871742249,2.583270306604504,0.09531877023292512
ladder,ladder_ckda-shipped-lowrank_124M_wsd6B_gbs64_lr0.001,6144,3.221,16,256,64,0.03125,0.3828125,0.0146484375,0.0859375,0.5764889717102051,0.9943872690200806,2.4255537766117063,0.1305420235397557
ladder,ladder_ckda-shipped-lowrank_124M_wsd6B_gbs64_lr0.001,6144,3.221,17,256,64,0.01171875,0.64453125,0.03326416015625,0.09765625,0.6025072336196899,0.9497277140617371,2.292973778929585,0.03059108469592205
ladder,ladder_ckda-shipped-lowrank_124M_wsd6B_gbs64_lr0.001,12288,6.442,0,256,64,0.23046875,0.96484375,0.10382080078125,0.4296875,0.9696479439735413,0.9882980585098267,1.8606375043894865,0.09506211220887809
ladder,ladder_ckda-shipped-lowrank_124M_wsd6B_gbs64_lr0.001,12288,6.442,1,256,64,0.09375,0.94921875,0.09088134765625,0.13671875,0.46715977787971497,0.7323043942451477,2.2777476376117987,0.11839101316478187
ladder,ladder_ckda-shipped-lowrank_124M_wsd6B_gbs64_lr0.001,12288,6.442,2,256,64,0.015625,0.92578125,0.11480712890625,0.0859375,0.3695911169052124,0.5434894561767578,2.7008190362621534,0.09705657138014255
ladder,ladder_ckda-shipped-lowrank_124M_wsd6B_gbs64_lr0.001,12288,6.442,3,256,64,0.02734375,0.87890625,0.094970703125,0.1171875,0.5414847731590271,0.5869510769844055,2.8415981893696647,0.06867978891089854
ladder,ladder_ckda-shipped-lowrank_124M_wsd6B_gbs64_lr0.001,12288,6.442,4,256,64,0.0234375,0.75,0.0675048828125,0.06640625,0.4867628216743469,0.788551926612854,2.282575505301381,0.1091363162304782
ladder,ladder_ckda-shipped-lowrank_124M_wsd6B_gbs64_lr0.001,12288,6.442,5,256,64,0.05859375,0.6953125,0.03253173828125,0.14453125,0.6280409097671509,0.9182106256484985,2.1104084892561463,0.09276632966448199
ladder,ladder_ckda-shipped-lowrank_124M_wsd6B_gbs64_lr0.001,12288,6.442,6,256,64,0.04296875,0.60546875,0.02032470703125,0.1484375,0.6394625902175903,0.9751918911933899,2.0721123520399534,0.12267063913300753
ladder,ladder_ckda-shipped-lowrank_124M_wsd6B_gbs64_lr0.001,12288,6.442,7,256,64,0.046875,0.58203125,0.0206298828125,0.15625,0.5989155173301697,0.9932346343994141,1.8075575655042928,0.13614411716588784
ladder,ladder_ckda-shipped-lowrank_124M_wsd6B_gbs64_lr0.001,12288,6.442,8,256,64,0.140625,0.5703125,0.02667236328125,0.2890625,0.668279767036438,0.9796848297119141,1.9658953568252069,0.11932470993302412
ladder,ladder_ckda-shipped-lowrank_124M_wsd6B_gbs64_lr0.001,12288,6.442,9,256,64,0.078125,0.5859375,0.02288818359375,0.1875,0.6680047512054443,0.9840819835662842,1.8898914646250462,0.1128667670809043
ladder,ladder_ckda-shipped-lowrank_124M_wsd6B_gbs64_lr0.001,12288,6.442,10,256,64,0.03515625,0.62109375,0.0198974609375,0.0703125,0.5599856376647949,0.9987996816635132,1.1590102143265302,0.05509227247020488
ladder,ladder_ckda-shipped-lowrank_124M_wsd6B_gbs64_lr0.001,12288,6.442,11,256,64,0.05078125,0.5859375,0.026611328125,0.19140625,0.7060530185699463,0.9622767567634583,2.717331608205174,0.09725092666251972
ladder,ladder_ckda-shipped-lowrank_124M_wsd6B_gbs64_lr0.001,12288,6.442,12,256,64,0.02734375,0.69140625,0.03167724609375,0.11328125,0.5877451300621033,0.9867393374443054,1.854638180658901,0.06467543480309516
ladder,ladder_ckda-shipped-lowrank_124M_wsd6B_gbs64_lr0.001,12288,6.442,13,256,64,0.10546875,0.6484375,0.04248046875,0.26171875,0.7453500032424927,0.9364635944366455,2.1019052298580942,0.07811674660598149
ladder,ladder_ckda-shipped-lowrank_124M_wsd6B_gbs64_lr0.001,12288,6.442,14,256,64,0.04296875,0.42578125,0.01202392578125,0.1171875,0.6359775066375732,0.9872078895568848,1.442828498602972,0.23227725992135126
ladder,ladder_ckda-shipped-lowrank_124M_wsd6B_gbs64_lr0.001,12288,6.442,15,256,64,0.07421875,0.66015625,0.0360107421875,0.1875,0.6491478681564331,0.967765212059021,2.228004393543342,0.0841744917211516
ladder,ladder_ckda-shipped-lowrank_124M_wsd6B_gbs64_lr0.001,12288,6.442,16,256,64,0.0234375,0.45703125,0.0181884765625,0.10546875,0.590240478515625,0.9945241808891296,2.397672635048661,0.09126429868289422
ladder,ladder_ckda-shipped-lowrank_124M_wsd6B_gbs64_lr0.001,12288,6.442,17,256,64,0.01953125,0.7421875,0.03778076171875,0.109375,0.6066943407058716,0.930134654045105,2.276923702687994,0.13270548591461181
ladder,ladder_ckda-shipped-lowrank_124M_wsd6B_gbs64_lr0.001,18432,9.664,0,256,64,0.1015625,0.97265625,0.112060546875,0.17578125,0.8656673431396484,0.9883005023002625,1.130677368166087,0.037330782060142995
ladder,ladder_ckda-shipped-lowrank_124M_wsd6B_gbs64_lr0.001,18432,9.664,1,256,64,0.078125,0.96484375,0.0965576171875,0.12109375,0.45521080493927,0.6621301174163818,1.6324556158038566,0.12639169108463327
ladder,ladder_ckda-shipped-lowrank_124M_wsd6B_gbs64_lr0.001,18432,9.664,2,256,64,0.02734375,0.91796875,0.1104736328125,0.0859375,0.38133421540260315,0.5123358964920044,2.7912184108383564,0.1091312755450742
ladder,ladder_ckda-shipped-lowrank_124M_wsd6B_gbs64_lr0.001,18432,9.664,3,256,64,0.046875,0.84765625,0.0906982421875,0.15234375,0.582893967628479,0.5656828880310059,2.687761393897678,0.057045408189715985
ladder,ladder_ckda-shipped-lowrank_124M_wsd6B_gbs64_lr0.001,18432,9.664,4,256,64,0.0390625,0.7890625,0.07867431640625,0.078125,0.5095807313919067,0.7545628547668457,2.230698721368796,0.10989294364397656
ladder,ladder_ckda-shipped-lowrank_124M_wsd6B_gbs64_lr0.001,18432,9.664,5,256,64,0.078125,0.765625,0.0399169921875,0.19921875,0.6637210845947266,0.910088062286377,2.2505112135802756,0.09097652461824418
ladder,ladder_ckda-shipped-lowrank_124M_wsd6B_gbs64_lr0.001,18432,9.664,6,256,64,0.0390625,0.69140625,0.0213623046875,0.1875,0.6602243185043335,0.9769524931907654,2.1045655440291617,0.06750775921318086
ladder,ladder_ckda-shipped-lowrank_124M_wsd6B_gbs64_lr0.001,18432,9.664,7,256,64,0.0546875,0.5390625,0.0211181640625,0.16796875,0.5897111296653748,0.9941255450248718,1.5102243606249635,0.10725394456648593
ladder,ladder_ckda-shipped-lowrank_124M_wsd6B_gbs64_lr0.001,18432,9.664,8,256,64,0.12890625,0.6640625,0.0318603515625,0.26171875,0.6663877964019775,0.9786813259124756,2.0336073131694556,0.11742842712914235
ladder,ladder_ckda-shipped-lowrank_124M_wsd6B_gbs64_lr0.001,18432,9.664,9,256,64,0.08203125,0.57421875,0.0296630859375,0.19140625,0.6843231320381165,0.9850966334342957,2.219733512707091,0.14748913610752334
ladder,ladder_ckda-shipped-lowrank_124M_wsd6B_gbs64_lr0.001,18432,9.664,10,256,64,0.01953125,0.6875,0.02252197265625,0.0546875,0.558995246887207,0.9984714984893799,1.3064398172438356,0.10030657338573042
ladder,ladder_ckda-shipped-lowrank_124M_wsd6B_gbs64_lr0.001,18432,9.664,11,256,64,0.06640625,0.58203125,0.02923583984375,0.1875,0.7195083498954773,0.9602432250976562,2.4681132800984833,0.1545128273227846
ladder,ladder_ckda-shipped-lowrank_124M_wsd6B_gbs64_lr0.001,18432,9.664,12,256,64,0.0625,0.67578125,0.0302734375,0.12890625,0.6019978523254395,0.9850119948387146,1.3119692389664355,0.048240092525551906
ladder,ladder_ckda-shipped-lowrank_124M_wsd6B_gbs64_lr0.001,18432,9.664,13,256,64,0.1015625,0.60546875,0.0390625,0.2578125,0.7620687484741211,0.9287135601043701,2.086565895533404,0.10829307572365808
ladder,ladder_ckda-shipped-lowrank_124M_wsd6B_gbs64_lr0.001,18432,9.664,14,256,64,0.0625,0.40625,0.01324462890625,0.19921875,0.6880385875701904,0.9859553575515747,1.4056754767609845,0.23598412477417877
ladder,ladder_ckda-shipped-lowrank_124M_wsd6B_gbs64_lr0.001,18432,9.664,15,256,64,0.0859375,0.74609375,0.0386962890625,0.21875,0.6757330894470215,0.9643178582191467,2.033563081042015,0.09382282461143039
ladder,ladder_ckda-shipped-lowrank_124M_wsd6B_gbs64_lr0.001,18432,9.664,16,256,64,0.046875,0.46484375,0.01806640625,0.1171875,0.6060981750488281,0.9954119324684143,2.678184630189933,0.14135548820323043
ladder,ladder_ckda-shipped-lowrank_124M_wsd6B_gbs64_lr0.001,18432,9.664,17,256,64,0.03125,0.76953125,0.037841796875,0.125,0.6254274845123291,0.9105983972549438,2.06349657090718,0.132013200142407
ladder,ladder_ckda-shipped-lowrank_124M_wsd6B_gbs64_lr0.001,23040,12.08,0,256,64,0.375,0.98046875,0.09344482421875,0.74609375,1.0931284427642822,0.9892943501472473,1.8518099423365393,0.08788771601321649
ladder,ladder_ckda-shipped-lowrank_124M_wsd6B_gbs64_lr0.001,23040,12.08,1,256,64,0.07421875,0.9609375,0.10064697265625,0.12890625,0.47612464427948,0.5891737341880798,1.9440535410868907,0.1488912565774686
ladder,ladder_ckda-shipped-lowrank_124M_wsd6B_gbs64_lr0.001,23040,12.08,2,256,64,0.03125,0.90234375,0.11602783203125,0.0859375,0.40368032455444336,0.45748698711395264,2.2417098166725826,0.10379526673673459
ladder,ladder_ckda-shipped-lowrank_124M_wsd6B_gbs64_lr0.001,23040,12.08,3,256,64,0.03125,0.90234375,0.09222412109375,0.171875,0.6087937355041504,0.5349096059799194,2.7021368472051583,0.0654092780724601
ladder,ladder_ckda-shipped-lowrank_124M_wsd6B_gbs64_lr0.001,23040,12.08,4,256,64,0.03125,0.8359375,0.0794677734375,0.078125,0.5184312462806702,0.7171170711517334,2.1332788788335177,0.10415970634460628
ladder,ladder_ckda-shipped-lowrank_124M_wsd6B_gbs64_lr0.001,23040,12.08,5,256,64,0.06640625,0.77734375,0.0384521484375,0.20703125,0.6740933656692505,0.9090311527252197,2.059942442703333,0.12214163299572901
ladder,ladder_ckda-shipped-lowrank_124M_wsd6B_gbs64_lr0.001,23040,12.08,6,256,64,0.05078125,0.6171875,0.01995849609375,0.16796875,0.6607191562652588,0.9777095913887024,2.3736588574731825,0.1535528463744173
ladder,ladder_ckda-shipped-lowrank_124M_wsd6B_gbs64_lr0.001,23040,12.08,7,256,64,0.03515625,0.5703125,0.01953125,0.1875,0.6095051765441895,0.9940589666366577,1.6112138771030153,0.12330037536470911
ladder,ladder_ckda-shipped-lowrank_124M_wsd6B_gbs64_lr0.001,23040,12.08,8,256,64,0.12109375,0.65234375,0.0301513671875,0.25390625,0.6699068546295166,0.9781177043914795,1.6638880123214104,0.13420297531449685
ladder,ladder_ckda-shipped-lowrank_124M_wsd6B_gbs64_lr0.001,23040,12.08,9,256,64,0.09375,0.58203125,0.02679443359375,0.203125,0.6836612820625305,0.98610919713974,1.8881658321204275,0.12007146650744033
ladder,ladder_ckda-shipped-lowrank_124M_wsd6B_gbs64_lr0.001,23040,12.08,10,256,64,0.0078125,0.67578125,0.0218505859375,0.0625,0.5409755110740662,0.9988604187965393,1.9848957466739507,0.20640306308804
ladder,ladder_ckda-shipped-lowrank_124M_wsd6B_gbs64_lr0.001,23040,12.08,11,256,64,0.078125,0.6015625,0.02886962890625,0.19140625,0.71661776304245,0.9619401097297668,2.2591679797598267,0.12164380896127663
ladder,ladder_ckda-shipped-lowrank_124M_wsd6B_gbs64_lr0.001,23040,12.08,12,256,64,0.03125,0.65234375,0.02984619140625,0.09375,0.5770288705825806,0.9871065020561218,0.7017621212572577,0.06756925364305544
ladder,ladder_ckda-shipped-lowrank_124M_wsd6B_gbs64_lr0.001,23040,12.08,13,256,64,0.10546875,0.6484375,0.039306640625,0.23046875,0.7535393238067627,0.9295348525047302,1.983173593385476,0.07279052702087627
ladder,ladder_ckda-shipped-lowrank_124M_wsd6B_gbs64_lr0.001,23040,12.08,14,256,64,0.0546875,0.4296875,0.01239013671875,0.19921875,0.6858669519424438,0.9862006306648254,1.4356802086116836,0.2093819510315369
ladder,ladder_ckda-shipped-lowrank_124M_wsd6B_gbs64_lr0.001,23040,12.08,15,256,64,0.08984375,0.6796875,0.036376953125,0.17578125,0.6338163614273071,0.9661016464233398,1.8931038823690687,0.10070294006839511
ladder,ladder_ckda-shipped-lowrank_124M_wsd6B_gbs64_lr0.001,23040,12.08,16,256,64,0.0234375,0.484375,0.01800537109375,0.08984375,0.5821202397346497,0.9957029819488525,1.9509607191901588,0.13247614541411257
ladder,ladder_ckda-shipped-lowrank_124M_wsd6B_gbs64_lr0.001,23040,12.08,17,256,64,0.01953125,0.78515625,0.03790283203125,0.10546875,0.6131892800331116,0.9041084051132202,1.7176721444852874,0.04359681110423538
